event_type,event_date,year,month,customer,region_code,region,aircraft_type,family,units,source_file,date_key
order,2021-11-05,2021,11,IBOM AIR,,Unknown,A220-100,A220,7.0,ODs-December-2021-Airbus-Commercial-Aircraft.xlsx,20211105
order,2021-11-19,2021,11,ITA AIRWAYS,,Unknown,A220-100,A220,7.0,ODs-December-2021-Airbus-Commercial-Aircraft.xlsx,20211119
order,2021-03-25,2021,3,BREEZE AIRWAYS,,Unknown,A220-300,A220,20.0,ODs-December-2021-Airbus-Commercial-Aircraft.xlsx,20210325
order,2021-06-04,2021,6,UNDISCLOSED,,Unknown,A220-300,A220,1.0,ODs-December-2021-Airbus-Commercial-Aircraft.xlsx,20210604
order,2021-11-05,2021,11,IBOM AIR,,Unknown,A220-300,A220,3.0,ODs-December-2021-Airbus-Commercial-Aircraft.xlsx,20211105
order,2021-12-27,2021,12,CARLYLE AVIATION PARTNERS,,Unknown,A220-300,A220,1.0,ODs-December-2021-Airbus-Commercial-Aircraft.xlsx,20211227
order,2021-12-30,2021,12,AIR LEASE CORPORATION,,Unknown,A220-300,A220,25.0,ODs-December-2021-Airbus-Commercial-Aircraft.xlsx,20211230
order,2021-04-27,2021,4,PRIVATE CUSTOMER,,Unknown,A319neo,A320 Family,1.0,ODs-December-2021-Airbus-Commercial-Aircraft.xlsx,20210427
order,2021-09-07,2021,9,PRIVATE CUSTOMER,,Unknown,A319neo,A320 Family,1.0,ODs-December-2021-Airbus-Commercial-Aircraft.xlsx,20210907
order,2021-02-11,2021,2,UNDISCLOSED,,Unknown,A320neo,A320 Family,10.0,ODs-December-2021-Airbus-Commercial-Aircraft.xlsx,20210211
order,2021-03-31,2021,3,AVOLON,,Unknown,A320neo,A320 Family,4.0,ODs-December-2021-Airbus-Commercial-Aircraft.xlsx,20210331
order,2021-04-28,2021,4,AVOLON,,Unknown,A320neo,A320 Family,14.0,ODs-December-2021-Airbus-Commercial-Aircraft.xlsx,20210428
order,2021-07-20,2021,7,VOLARIS,,Unknown,A320neo,A320 Family,2.0,ODs-December-2021-Airbus-Commercial-Aircraft.xlsx,20210720
order,2021-08-03,2021,8,MALTA MEDAIR,,Unknown,A320neo,A320 Family,1.0,ODs-December-2021-Airbus-Commercial-Aircraft.xlsx,20210803
order,2021-08-31,2021,8,LATAM AIRLINES GROUP,,Unknown,A320neo,A320 Family,7.0,ODs-December-2021-Airbus-Commercial-Aircraft.xlsx,20210831
order,2021-10-29,2021,10,SKY EXPRESS,,Unknown,A320neo,A320 Family,1.0,ODs-December-2021-Airbus-Commercial-Aircraft.xlsx,20211029
order,2021-11-19,2021,11,ITA AIRWAYS,,Unknown,A320neo,A320 Family,11.0,ODs-December-2021-Airbus-Commercial-Aircraft.xlsx,20211119
order,2021-11-19,2021,11,PRIVATE CUSTOMER,,Unknown,A320neo,A320 Family,1.0,ODs-December-2021-Airbus-Commercial-Aircraft.xlsx,20211119
order,2021-11-29,2021,11,EASYJET,,Unknown,A320neo,A320 Family,12.0,ODs-December-2021-Airbus-Commercial-Aircraft.xlsx,20211129
order,2021-12-30,2021,12,AVIATION CAPITAL GROUP,,Unknown,A320neo,A320 Family,15.0,ODs-December-2021-Airbus-Commercial-Aircraft.xlsx,20211230
order,2021-03-31,2021,3,AVOLON,,Unknown,A321neo,A320 Family,4.0,ODs-December-2021-Airbus-Commercial-Aircraft.xlsx,20210331
order,2021-04-22,2021,4,DELTA AIR LINES,,Unknown,A321neo,A320 Family,25.0,ODs-December-2021-Airbus-Commercial-Aircraft.xlsx,20210422
order,2021-04-28,2021,4,AVOLON,,Unknown,A321neo,A320 Family,8.0,ODs-December-2021-Airbus-Commercial-Aircraft.xlsx,20210428
order,2021-06-28,2021,6,UNDISCLOSED,,Unknown,A321neo,A320 Family,1.0,ODs-December-2021-Airbus-Commercial-Aircraft.xlsx,20210628
order,2021-06-28,2021,6,UNITED AIRLINES,,Unknown,A321neo,A320 Family,70.0,ODs-December-2021-Airbus-Commercial-Aircraft.xlsx,20210628
order,2021-08-20,2021,8,DELTA AIR LINES,,Unknown,A321neo,A320 Family,30.0,ODs-December-2021-Airbus-Commercial-Aircraft.xlsx,20210820
order,2021-08-30,2021,8,JET2.PLC,,Unknown,A321neo,A320 Family,36.0,ODs-December-2021-Airbus-Commercial-Aircraft.xlsx,20210830
order,2021-08-31,2021,8,LATAM AIRLINES GROUP,,Unknown,A321neo,A320 Family,21.0,ODs-December-2021-Airbus-Commercial-Aircraft.xlsx,20210831
order,2021-10-05,2021,10,JET2.PLC,,Unknown,A321neo,A320 Family,15.0,ODs-December-2021-Airbus-Commercial-Aircraft.xlsx,20211005
order,2021-10-20,2021,10,PEGASUS AIRLINES,,Unknown,A321neo,A320 Family,6.0,ODs-December-2021-Airbus-Commercial-Aircraft.xlsx,20211020
order,2021-11-15,2021,11,FRONTIER AIRLINES,,Unknown,A321neo,A320 Family,91.0,ODs-December-2021-Airbus-Commercial-Aircraft.xlsx,20211115
order,2021-11-15,2021,11,WIZZ AIR,,Unknown,A321neo,A320 Family,102.0,ODs-December-2021-Airbus-Commercial-Aircraft.xlsx,20211115
order,2021-11-16,2021,11,JETSMART,,Unknown,A321neo,A320 Family,23.0,ODs-December-2021-Airbus-Commercial-Aircraft.xlsx,20211116
order,2021-11-18,2021,11,VOLARIS,,Unknown,A321neo,A320 Family,39.0,ODs-December-2021-Airbus-Commercial-Aircraft.xlsx,20211118
order,2021-11-19,2021,11,JET2.PLC,,Unknown,A321neo,A320 Family,6.0,ODs-December-2021-Airbus-Commercial-Aircraft.xlsx,20211119
order,2021-12-30,2021,12,AIR LEASE CORPORATION,,Unknown,A321neo,A320 Family,79.0,ODs-December-2021-Airbus-Commercial-Aircraft.xlsx,20211230
order,2021-12-30,2021,12,AVIATION CAPITAL GROUP,,Unknown,A321neo,A320 Family,25.0,ODs-December-2021-Airbus-Commercial-Aircraft.xlsx,20211230
order,2021-02-10,2021,2,"AIRBUS DEFENCE AND SPACE, S.A.U",,Unknown,A330-200,A330,1.0,ODs-December-2021-Airbus-Commercial-Aircraft.xlsx,20210210
order,2021-11-10,2021,11,"AIRBUS DEFENCE AND SPACE, S.A.U",,Unknown,A330-200,A330,2.0,ODs-December-2021-Airbus-Commercial-Aircraft.xlsx,20211110
order,2021-06-28,2021,6,PRIVATE CUSTOMER,,Unknown,A330-300,A330,1.0,ODs-December-2021-Airbus-Commercial-Aircraft.xlsx,20210628
order,2021-11-29,2021,11,UNDISCLOSED,,Unknown,A330-300,A330,4.0,ODs-December-2021-Airbus-Commercial-Aircraft.xlsx,20211129
order,2021-08-03,2021,8,CONDOR,,Unknown,A330-900,A330,7.0,ODs-December-2021-Airbus-Commercial-Aircraft.xlsx,20210803
order,2021-11-19,2021,11,ITA AIRWAYS,,Unknown,A330-900,A330,10.0,ODs-December-2021-Airbus-Commercial-Aircraft.xlsx,20211119
order,2021-12-30,2021,12,AIR LEASE CORPORATION,,Unknown,A330-900,A330,5.0,ODs-December-2021-Airbus-Commercial-Aircraft.xlsx,20211230
order,2021-12-08,2021,12,CMA CGM S.A.,,Unknown,A350F,A350,4.0,ODs-December-2021-Airbus-Commercial-Aircraft.xlsx,20211208
order,2021-12-30,2021,12,AIR LEASE CORPORATION,,Unknown,A350F,A350,7.0,ODs-December-2021-Airbus-Commercial-Aircraft.xlsx,20211230
order,2021-05-12,2021,5,LUFTHANSA,,Unknown,A350-900,A350,5.0,ODs-December-2021-Airbus-Commercial-Aircraft.xlsx,20210512
delivery,2021-01-29,2021,1,DELTA AIR LINES,N,North America,A220-100,A220,1.0,ODs-December-2021-Airbus-Commercial-Aircraft.xlsx,20210129
delivery,2021-02-04,2021,2,DELTA AIR LINES,N,North America,A220-100,A220,1.0,ODs-December-2021-Airbus-Commercial-Aircraft.xlsx,20210204
delivery,2021-03-08,2021,3,DELTA AIR LINES,N,North America,A220-100,A220,1.0,ODs-December-2021-Airbus-Commercial-Aircraft.xlsx,20210308
delivery,2021-01-29,2021,1,AIR CANADA,N,North America,A220-300,A220,1.0,ODs-December-2021-Airbus-Commercial-Aircraft.xlsx,20210129
delivery,2021-01-29,2021,1,DELTA AIR LINES,N,North America,A220-300,A220,1.0,ODs-December-2021-Airbus-Commercial-Aircraft.xlsx,20210129
delivery,2021-02-19,2021,2,AIR CANADA,N,North America,A220-300,A220,1.0,ODs-December-2021-Airbus-Commercial-Aircraft.xlsx,20210219
delivery,2021-03-17,2021,3,DELTA AIR LINES,N,North America,A220-300,A220,1.0,ODs-December-2021-Airbus-Commercial-Aircraft.xlsx,20210317
delivery,2021-03-25,2021,3,AIR CANADA,N,North America,A220-300,A220,1.0,ODs-December-2021-Airbus-Commercial-Aircraft.xlsx,20210325
delivery,2021-03-26,2021,3,AIR CANADA,N,North America,A220-300,A220,1.0,ODs-December-2021-Airbus-Commercial-Aircraft.xlsx,20210326
delivery,2021-04-13,2021,4,DELTA AIR LINES,N,North America,A220-300,A220,1.0,ODs-December-2021-Airbus-Commercial-Aircraft.xlsx,20210413
delivery,2021-04-27,2021,4,JETBLUE AIRWAYS,N,North America,A220-300,A220,1.0,ODs-December-2021-Airbus-Commercial-Aircraft.xlsx,20210427
delivery,2021-04-30,2021,4,AIRBALTIC,E,Europe and CIS,A220-300,A220,1.0,ODs-December-2021-Airbus-Commercial-Aircraft.xlsx,20210430
delivery,2021-05-20,2021,5,AIR CANADA,N,North America,A220-300,A220,1.0,ODs-December-2021-Airbus-Commercial-Aircraft.xlsx,20210520
delivery,2021-05-20,2021,5,SWISS,E,Europe and CIS,A220-300,A220,1.0,ODs-December-2021-Airbus-Commercial-Aircraft.xlsx,20210520
delivery,2021-05-21,2021,5,JETBLUE AIRWAYS,N,North America,A220-300,A220,1.0,ODs-December-2021-Airbus-Commercial-Aircraft.xlsx,20210521
delivery,2021-05-28,2021,5,AIR CANADA,N,North America,A220-300,A220,1.0,ODs-December-2021-Airbus-Commercial-Aircraft.xlsx,20210528
delivery,2021-06-04,2021,6,AIR CANADA,N,North America,A220-300,A220,1.0,ODs-December-2021-Airbus-Commercial-Aircraft.xlsx,20210604
delivery,2021-06-09,2021,6,DELTA AIR LINES,N,North America,A220-300,A220,1.0,ODs-December-2021-Airbus-Commercial-Aircraft.xlsx,20210609
delivery,2021-06-18,2021,6,AIRBALTIC,E,Europe and CIS,A220-300,A220,1.0,ODs-December-2021-Airbus-Commercial-Aircraft.xlsx,20210618
delivery,2021-06-18,2021,6,AIR CANADA,N,North America,A220-300,A220,1.0,ODs-December-2021-Airbus-Commercial-Aircraft.xlsx,20210618
delivery,2021-06-30,2021,6,AIR CANADA,N,North America,A220-300,A220,1.0,ODs-December-2021-Airbus-Commercial-Aircraft.xlsx,20210630
delivery,2021-07-19,2021,7,JETBLUE AIRWAYS,N,North America,A220-300,A220,1.0,ODs-December-2021-Airbus-Commercial-Aircraft.xlsx,20210719
delivery,2021-07-27,2021,7,AIR AUSTRAL,E,Europe and CIS,A220-300,A220,1.0,ODs-December-2021-Airbus-Commercial-Aircraft.xlsx,20210727
delivery,2021-07-28,2021,7,AIR AUSTRAL,E,Europe and CIS,A220-300,A220,1.0,ODs-December-2021-Airbus-Commercial-Aircraft.xlsx,20210728
delivery,2021-07-29,2021,7,AIR AUSTRAL,E,Europe and CIS,A220-300,A220,1.0,ODs-December-2021-Airbus-Commercial-Aircraft.xlsx,20210729
delivery,2021-08-03,2021,8,JETBLUE AIRWAYS,N,North America,A220-300,A220,1.0,ODs-December-2021-Airbus-Commercial-Aircraft.xlsx,20210803
delivery,2021-08-13,2021,8,AIRBALTIC,E,Europe and CIS,A220-300,A220,1.0,ODs-December-2021-Airbus-Commercial-Aircraft.xlsx,20210813
delivery,2021-08-20,2021,8,AIRBALTIC,E,Europe and CIS,A220-300,A220,1.0,ODs-December-2021-Airbus-Commercial-Aircraft.xlsx,20210820
delivery,2021-08-23,2021,8,JETBLUE AIRWAYS,N,North America,A220-300,A220,1.0,ODs-December-2021-Airbus-Commercial-Aircraft.xlsx,20210823
delivery,2021-08-29,2021,8,AIRBALTIC,E,Europe and CIS,A220-300,A220,1.0,ODs-December-2021-Airbus-Commercial-Aircraft.xlsx,20210829
delivery,2021-09-15,2021,9,AIRBALTIC,E,Europe and CIS,A220-300,A220,1.0,ODs-December-2021-Airbus-Commercial-Aircraft.xlsx,20210915
delivery,2021-09-20,2021,9,AIR FRANCE,E,Europe and CIS,A220-300,A220,1.0,ODs-December-2021-Airbus-Commercial-Aircraft.xlsx,20210920
delivery,2021-09-24,2021,9,AIR TANZANIA,F,Africa,A220-300,A220,1.0,ODs-December-2021-Airbus-Commercial-Aircraft.xlsx,20210924
delivery,2021-09-30,2021,9,AIRBALTIC,E,Europe and CIS,A220-300,A220,1.0,ODs-December-2021-Airbus-Commercial-Aircraft.xlsx,20210930
delivery,2021-10-05,2021,10,AIR TANZANIA,F,Africa,A220-300,A220,1.0,ODs-December-2021-Airbus-Commercial-Aircraft.xlsx,20211005
delivery,2021-10-28,2021,10,JETBLUE AIRWAYS,N,North America,A220-300,A220,1.0,ODs-December-2021-Airbus-Commercial-Aircraft.xlsx,20211028
delivery,2021-11-01,2021,11,AIR FRANCE,E,Europe and CIS,A220-300,A220,1.0,ODs-December-2021-Airbus-Commercial-Aircraft.xlsx,20211101
delivery,2021-11-05,2021,11,AIR CANADA,N,North America,A220-300,A220,1.0,ODs-December-2021-Airbus-Commercial-Aircraft.xlsx,20211105
delivery,2021-11-05,2021,11,AIR FRANCE,E,Europe and CIS,A220-300,A220,1.0,ODs-December-2021-Airbus-Commercial-Aircraft.xlsx,20211105
delivery,2021-11-08,2021,11,IRAQI AIRWAYS,M,Middle East,A220-300,A220,1.0,ODs-December-2021-Airbus-Commercial-Aircraft.xlsx,20211108
delivery,2021-11-22,2021,11,JETBLUE AIRWAYS,N,North America,A220-300,A220,1.0,ODs-December-2021-Airbus-Commercial-Aircraft.xlsx,20211122
delivery,2021-11-29,2021,11,AIR CANADA,N,North America,A220-300,A220,1.0,ODs-December-2021-Airbus-Commercial-Aircraft.xlsx,20211129
delivery,2021-11-29,2021,11,AIR FRANCE,E,Europe and CIS,A220-300,A220,1.0,ODs-December-2021-Airbus-Commercial-Aircraft.xlsx,20211129
delivery,2021-12-14,2021,12,BREEZE AIRWAYS,N,North America,A220-300,A220,1.0,ODs-December-2021-Airbus-Commercial-Aircraft.xlsx,20211214
delivery,2021-12-15,2021,12,AIR FRANCE,E,Europe and CIS,A220-300,A220,1.0,ODs-December-2021-Airbus-Commercial-Aircraft.xlsx,20211215
delivery,2021-12-15,2021,12,DELTA AIR LINES,N,North America,A220-300,A220,1.0,ODs-December-2021-Airbus-Commercial-Aircraft.xlsx,20211215
delivery,2021-12-17,2021,12,AIR FRANCE,E,Europe and CIS,A220-300,A220,1.0,ODs-December-2021-Airbus-Commercial-Aircraft.xlsx,20211217
delivery,2021-12-20,2021,12,AIR CANADA,N,North America,A220-300,A220,1.0,ODs-December-2021-Airbus-Commercial-Aircraft.xlsx,20211220
delivery,2021-12-27,2021,12,CARLYLE AVIATION PARTNERS (AIR SENEGAL),N,North America,A220-300,A220,1.0,ODs-December-2021-Airbus-Commercial-Aircraft.xlsx,20211227
delivery,2021-12-30,2021,12,IRAQI AIRWAYS,M,Middle East,A220-300,A220,1.0,ODs-December-2021-Airbus-Commercial-Aircraft.xlsx,20211230
delivery,2021-03-26,2021,3,TIBET AIRLINES,A,Asia-Pacific,A319ceo,A320 Family,1.0,ODs-December-2021-Airbus-Commercial-Aircraft.xlsx,20210326
delivery,2021-07-15,2021,7,TIBET AIRLINES,A,Asia-Pacific,A319ceo,A320 Family,1.0,ODs-December-2021-Airbus-Commercial-Aircraft.xlsx,20210715
delivery,2021-01-27,2021,1,PRIVATE CUSTOMER,,Unknown,A319neo,A320 Family,1.0,ODs-December-2021-Airbus-Commercial-Aircraft.xlsx,20210127
delivery,2021-10-19,2021,10,PRIVATE CUSTOMER,,Unknown,A319neo,A320 Family,1.0,ODs-December-2021-Airbus-Commercial-Aircraft.xlsx,20211019
delivery,2021-01-15,2021,1,AVOLON (SCANDINAVIAN AIRLINES),E,Europe and CIS,A320neo,A320 Family,1.0,ODs-December-2021-Airbus-Commercial-Aircraft.xlsx,20210115
delivery,2021-01-19,2021,1,BOC AVIATION (AIR CHINA),A,Asia-Pacific,A320neo,A320 Family,2.0,ODs-December-2021-Airbus-Commercial-Aircraft.xlsx,20210119
delivery,2021-01-21,2021,1,SHENZHEN AIRLINES,A,Asia-Pacific,A320neo,A320 Family,1.0,ODs-December-2021-Airbus-Commercial-Aircraft.xlsx,20210121
delivery,2021-01-26,2021,1,BOCOMM LEASING (AIR CHINA),A,Asia-Pacific,A320neo,A320 Family,1.0,ODs-December-2021-Airbus-Commercial-Aircraft.xlsx,20210126
delivery,2021-01-27,2021,1,SMBC AVIATION CAPITAL (SCANDINAVIAN AIRLINES),E,Europe and CIS,A320neo,A320 Family,1.0,ODs-December-2021-Airbus-Commercial-Aircraft.xlsx,20210127
delivery,2021-01-28,2021,1,CMB FINANCIAL LEASING (FLYNAS),A,Asia-Pacific,A320neo,A320 Family,1.0,ODs-December-2021-Airbus-Commercial-Aircraft.xlsx,20210128
delivery,2021-01-29,2021,1,AIR CHINA,A,Asia-Pacific,A320neo,A320 Family,1.0,ODs-December-2021-Airbus-Commercial-Aircraft.xlsx,20210129
delivery,2021-01-29,2021,1,CHINA EASTERN AIRLINES,A,Asia-Pacific,A320neo,A320 Family,1.0,ODs-December-2021-Airbus-Commercial-Aircraft.xlsx,20210129
delivery,2021-01-29,2021,1,ICBC (VIETNAM AIRLINES),A,Asia-Pacific,A320neo,A320 Family,1.0,ODs-December-2021-Airbus-Commercial-Aircraft.xlsx,20210129
delivery,2021-02-02,2021,2,ICBC (VIETNAM AIRLINES),A,Asia-Pacific,A320neo,A320 Family,1.0,ODs-December-2021-Airbus-Commercial-Aircraft.xlsx,20210202
delivery,2021-02-05,2021,2,CHINA EASTERN AIRLINES,A,Asia-Pacific,A320neo,A320 Family,1.0,ODs-December-2021-Airbus-Commercial-Aircraft.xlsx,20210205
delivery,2021-02-08,2021,2,CHINA EASTERN AIRLINES,A,Asia-Pacific,A320neo,A320 Family,1.0,ODs-December-2021-Airbus-Commercial-Aircraft.xlsx,20210208
delivery,2021-02-11,2021,2,PEGASUS AIRLINES,E,Europe and CIS,A320neo,A320 Family,1.0,ODs-December-2021-Airbus-Commercial-Aircraft.xlsx,20210211
delivery,2021-02-17,2021,2,AIR COTE D'IVOIRE,F,Africa,A320neo,A320 Family,1.0,ODs-December-2021-Airbus-Commercial-Aircraft.xlsx,20210217
delivery,2021-02-17,2021,2,PEGASUS AIRLINES,E,Europe and CIS,A320neo,A320 Family,1.0,ODs-December-2021-Airbus-Commercial-Aircraft.xlsx,20210217
delivery,2021-02-17,2021,2,VOLARIS,L,Latin America & Caribbean,A320neo,A320 Family,1.0,ODs-December-2021-Airbus-Commercial-Aircraft.xlsx,20210217
delivery,2021-02-24,2021,2,CHINA EASTERN AIRLINES,A,Asia-Pacific,A320neo,A320 Family,1.0,ODs-December-2021-Airbus-Commercial-Aircraft.xlsx,20210224
delivery,2021-02-24,2021,2,SHENZHEN AIRLINES,A,Asia-Pacific,A320neo,A320 Family,1.0,ODs-December-2021-Airbus-Commercial-Aircraft.xlsx,20210224
delivery,2021-02-25,2021,2,CHINA SOUTHERN AIRLINES,A,Asia-Pacific,A320neo,A320 Family,1.0,ODs-December-2021-Airbus-Commercial-Aircraft.xlsx,20210225
delivery,2021-02-26,2021,2,ALAFCO (SKY AIRLINE),M,Middle East,A320neo,A320 Family,1.0,ODs-December-2021-Airbus-Commercial-Aircraft.xlsx,20210226
delivery,2021-02-26,2021,2,AVOLON (VISTARA),E,Europe and CIS,A320neo,A320 Family,1.0,ODs-December-2021-Airbus-Commercial-Aircraft.xlsx,20210226
delivery,2021-02-26,2021,2,BOC AVIATION (AIR CHINA),A,Asia-Pacific,A320neo,A320 Family,1.0,ODs-December-2021-Airbus-Commercial-Aircraft.xlsx,20210226
delivery,2021-02-26,2021,2,CALC (SICHUAN AIRLINES),A,Asia-Pacific,A320neo,A320 Family,1.0,ODs-December-2021-Airbus-Commercial-Aircraft.xlsx,20210226
delivery,2021-02-26,2021,2,ICBC (JAZEERA AIRWAYS),A,Asia-Pacific,A320neo,A320 Family,1.0,ODs-December-2021-Airbus-Commercial-Aircraft.xlsx,20210226
delivery,2021-03-01,2021,3,AVOLON (VISTARA),E,Europe and CIS,A320neo,A320 Family,1.0,ODs-December-2021-Airbus-Commercial-Aircraft.xlsx,20210301
delivery,2021-03-05,2021,3,BRITISH AIRWAYS,E,Europe and CIS,A320neo,A320 Family,1.0,ODs-December-2021-Airbus-Commercial-Aircraft.xlsx,20210305
delivery,2021-03-08,2021,3,BOC AVIATION (FLYNAS),A,Asia-Pacific,A320neo,A320 Family,1.0,ODs-December-2021-Airbus-Commercial-Aircraft.xlsx,20210308
delivery,2021-03-11,2021,3,AVOLON (SPIRIT AIRLINES),E,Europe and CIS,A320neo,A320 Family,1.0,ODs-December-2021-Airbus-Commercial-Aircraft.xlsx,20210311
delivery,2021-03-11,2021,3,SCOOT,A,Asia-Pacific,A320neo,A320 Family,1.0,ODs-December-2021-Airbus-Commercial-Aircraft.xlsx,20210311
delivery,2021-03-12,2021,3,AVIATION CAPITAL GROUP (VIVA AIR),N,North America,A320neo,A320 Family,1.0,ODs-December-2021-Airbus-Commercial-Aircraft.xlsx,20210312
delivery,2021-03-15,2021,3,SMBC AVIATION CAPITAL,E,Europe and CIS,A320neo,A320 Family,1.0,ODs-December-2021-Airbus-Commercial-Aircraft.xlsx,20210315
delivery,2021-03-16,2021,3,FRONTIER AIRLINES,N,North America,A320neo,A320 Family,1.0,ODs-December-2021-Airbus-Commercial-Aircraft.xlsx,20210316
delivery,2021-03-16,2021,3,LUFTHANSA,E,Europe and CIS,A320neo,A320 Family,1.0,ODs-December-2021-Airbus-Commercial-Aircraft.xlsx,20210316
delivery,2021-03-19,2021,3,AVIATION CAPITAL GROUP (LOONG AIR),N,North America,A320neo,A320 Family,1.0,ODs-December-2021-Airbus-Commercial-Aircraft.xlsx,20210319
delivery,2021-03-19,2021,3,NAS AVIATION SERVICES (VISTARA),N,North America,A320neo,A320 Family,1.0,ODs-December-2021-Airbus-Commercial-Aircraft.xlsx,20210319
delivery,2021-03-19,2021,3,PEGASUS AIRLINES,E,Europe and CIS,A320neo,A320 Family,1.0,ODs-December-2021-Airbus-Commercial-Aircraft.xlsx,20210319
delivery,2021-03-19,2021,3,SHENZHEN AIRLINES,A,Asia-Pacific,A320neo,A320 Family,1.0,ODs-December-2021-Airbus-Commercial-Aircraft.xlsx,20210319
delivery,2021-03-23,2021,3,AIR LEASE CORPORATION (VISTARA),N,North America,A320neo,A320 Family,1.0,ODs-December-2021-Airbus-Commercial-Aircraft.xlsx,20210323
delivery,2021-03-23,2021,3,BOC AVIATION (FLYNAS),A,Asia-Pacific,A320neo,A320 Family,1.0,ODs-December-2021-Airbus-Commercial-Aircraft.xlsx,20210323
delivery,2021-03-23,2021,3,FRONTIER AIRLINES,N,North America,A320neo,A320 Family,1.0,ODs-December-2021-Airbus-Commercial-Aircraft.xlsx,20210323
delivery,2021-03-24,2021,3,CHINA EASTERN AIRLINES,A,Asia-Pacific,A320neo,A320 Family,1.0,ODs-December-2021-Airbus-Commercial-Aircraft.xlsx,20210324
delivery,2021-03-25,2021,3,AVOLON (SPIRIT AIRLINES),E,Europe and CIS,A320neo,A320 Family,1.0,ODs-December-2021-Airbus-Commercial-Aircraft.xlsx,20210325
delivery,2021-03-26,2021,3,ICBC (TIGERAIR TAIWAN),A,Asia-Pacific,A320neo,A320 Family,1.0,ODs-December-2021-Airbus-Commercial-Aircraft.xlsx,20210326
delivery,2021-03-30,2021,3,AVIATION CAPITAL GROUP (VIVA AIR),N,North America,A320neo,A320 Family,1.0,ODs-December-2021-Airbus-Commercial-Aircraft.xlsx,20210330
delivery,2021-03-30,2021,3,CHINA EASTERN AIRLINES,A,Asia-Pacific,A320neo,A320 Family,1.0,ODs-December-2021-Airbus-Commercial-Aircraft.xlsx,20210330
delivery,2021-03-30,2021,3,FRONTIER AIRLINES,N,North America,A320neo,A320 Family,1.0,ODs-December-2021-Airbus-Commercial-Aircraft.xlsx,20210330
delivery,2021-03-30,2021,3,SMBC AVIATION CAPITAL (JETSMART),E,Europe and CIS,A320neo,A320 Family,1.0,ODs-December-2021-Airbus-Commercial-Aircraft.xlsx,20210330
delivery,2021-03-31,2021,3,AVIATION CAPITAL GROUP,N,North America,A320neo,A320 Family,1.0,ODs-December-2021-Airbus-Commercial-Aircraft.xlsx,20210331
delivery,2021-03-31,2021,3,AVIATION CAPITAL GROUP (BAMBOO AIRWAYS),N,North America,A320neo,A320 Family,1.0,ODs-December-2021-Airbus-Commercial-Aircraft.xlsx,20210331
delivery,2021-03-31,2021,3,BOCOMM LEASING (AIR CHINA),A,Asia-Pacific,A320neo,A320 Family,2.0,ODs-December-2021-Airbus-Commercial-Aircraft.xlsx,20210331
delivery,2021-03-31,2021,3,CALC (JETSMART),A,Asia-Pacific,A320neo,A320 Family,1.0,ODs-December-2021-Airbus-Commercial-Aircraft.xlsx,20210331
delivery,2021-03-31,2021,3,CALC (SKY AIRLINE),A,Asia-Pacific,A320neo,A320 Family,1.0,ODs-December-2021-Airbus-Commercial-Aircraft.xlsx,20210331
delivery,2021-03-31,2021,3,CHINA EASTERN AIRLINES,A,Asia-Pacific,A320neo,A320 Family,1.0,ODs-December-2021-Airbus-Commercial-Aircraft.xlsx,20210331
delivery,2021-03-31,2021,3,CHINA SOUTHERN AIRLINES,A,Asia-Pacific,A320neo,A320 Family,1.0,ODs-December-2021-Airbus-Commercial-Aircraft.xlsx,20210331
delivery,2021-03-31,2021,3,SMBC AVIATION CAPITAL,E,Europe and CIS,A320neo,A320 Family,1.0,ODs-December-2021-Airbus-Commercial-Aircraft.xlsx,20210331
delivery,2021-04-01,2021,4,AERCAP (HK EXPRESS),E,Europe and CIS,A320neo,A320 Family,1.0,ODs-December-2021-Airbus-Commercial-Aircraft.xlsx,20210401
delivery,2021-04-08,2021,4,INDIGO,A,Asia-Pacific,A320neo,A320 Family,1.0,ODs-December-2021-Airbus-Commercial-Aircraft.xlsx,20210408
delivery,2021-04-14,2021,4,ALAFCO (SCANDINAVIAN AIRLINES),M,Middle East,A320neo,A320 Family,1.0,ODs-December-2021-Airbus-Commercial-Aircraft.xlsx,20210414
delivery,2021-04-17,2021,4,TAP AIR PORTUGAL,E,Europe and CIS,A320neo,A320 Family,1.0,ODs-December-2021-Airbus-Commercial-Aircraft.xlsx,20210417
delivery,2021-04-20,2021,4,CHINA SOUTHERN AIRLINES,A,Asia-Pacific,A320neo,A320 Family,1.0,ODs-December-2021-Airbus-Commercial-Aircraft.xlsx,20210420
delivery,2021-04-20,2021,4,FRONTIER AIRLINES,N,North America,A320neo,A320 Family,1.0,ODs-December-2021-Airbus-Commercial-Aircraft.xlsx,20210420
delivery,2021-04-21,2021,4,FLYNAS,M,Middle East,A320neo,A320 Family,1.0,ODs-December-2021-Airbus-Commercial-Aircraft.xlsx,20210421
delivery,2021-04-23,2021,4,ICBC (AIR CAIRO),A,Asia-Pacific,A320neo,A320 Family,1.0,ODs-December-2021-Airbus-Commercial-Aircraft.xlsx,20210423
delivery,2021-04-24,2021,4,CMB FINANCIAL LEASING (TAP AIR PORTUGAL),A,Asia-Pacific,A320neo,A320 Family,1.0,ODs-December-2021-Airbus-Commercial-Aircraft.xlsx,20210424
delivery,2021-04-26,2021,4,FLYNAS,M,Middle East,A320neo,A320 Family,1.0,ODs-December-2021-Airbus-Commercial-Aircraft.xlsx,20210426
delivery,2021-04-27,2021,4,FRONTIER AIRLINES,N,North America,A320neo,A320 Family,1.0,ODs-December-2021-Airbus-Commercial-Aircraft.xlsx,20210427
delivery,2021-04-27,2021,4,JUNEYAO AIRLINES,A,Asia-Pacific,A320neo,A320 Family,1.0,ODs-December-2021-Airbus-Commercial-Aircraft.xlsx,20210427
delivery,2021-04-28,2021,4,PEGASUS AIRLINES,E,Europe and CIS,A320neo,A320 Family,1.0,ODs-December-2021-Airbus-Commercial-Aircraft.xlsx,20210428
delivery,2021-04-29,2021,4,FRONTIER AIRLINES,N,North America,A320neo,A320 Family,1.0,ODs-December-2021-Airbus-Commercial-Aircraft.xlsx,20210429
delivery,2021-04-29,2021,4,GO FIRST (GO AIR),A,Asia-Pacific,A320neo,A320 Family,1.0,ODs-December-2021-Airbus-Commercial-Aircraft.xlsx,20210429
delivery,2021-04-29,2021,4,NAS AVIATION SERVICES (AIRASIA INDIA),N,North America,A320neo,A320 Family,1.0,ODs-December-2021-Airbus-Commercial-Aircraft.xlsx,20210429
delivery,2021-04-29,2021,4,SICHUAN AIRLINES,A,Asia-Pacific,A320neo,A320 Family,1.0,ODs-December-2021-Airbus-Commercial-Aircraft.xlsx,20210429
delivery,2021-04-30,2021,4,GO FIRST (GO AIR),A,Asia-Pacific,A320neo,A320 Family,1.0,ODs-December-2021-Airbus-Commercial-Aircraft.xlsx,20210430
delivery,2021-05-05,2021,5,CMB FINANCIAL LEASING (FLYNAS),A,Asia-Pacific,A320neo,A320 Family,1.0,ODs-December-2021-Airbus-Commercial-Aircraft.xlsx,20210505
delivery,2021-05-07,2021,5,CHINA EASTERN AIRLINES,A,Asia-Pacific,A320neo,A320 Family,2.0,ODs-December-2021-Airbus-Commercial-Aircraft.xlsx,20210507
delivery,2021-05-10,2021,5,CMB FINANCIAL LEASING (FLYNAS),A,Asia-Pacific,A320neo,A320 Family,1.0,ODs-December-2021-Airbus-Commercial-Aircraft.xlsx,20210510
delivery,2021-05-10,2021,5,SKYSERV (SKY EXPRESS),E,Europe and CIS,A320neo,A320 Family,1.0,ODs-December-2021-Airbus-Commercial-Aircraft.xlsx,20210510
delivery,2021-05-11,2021,5,CHINA EASTERN AIRLINES,A,Asia-Pacific,A320neo,A320 Family,1.0,ODs-December-2021-Airbus-Commercial-Aircraft.xlsx,20210511
delivery,2021-05-12,2021,5,AVOLON (SPIRIT AIRLINES),E,Europe and CIS,A320neo,A320 Family,1.0,ODs-December-2021-Airbus-Commercial-Aircraft.xlsx,20210512
delivery,2021-05-17,2021,5,CHINA EASTERN AIRLINES,A,Asia-Pacific,A320neo,A320 Family,1.0,ODs-December-2021-Airbus-Commercial-Aircraft.xlsx,20210517
delivery,2021-05-17,2021,5,INDIGO,A,Asia-Pacific,A320neo,A320 Family,1.0,ODs-December-2021-Airbus-Commercial-Aircraft.xlsx,20210517
delivery,2021-05-18,2021,5,JUNEYAO AIRLINES,A,Asia-Pacific,A320neo,A320 Family,1.0,ODs-December-2021-Airbus-Commercial-Aircraft.xlsx,20210518
delivery,2021-05-18,2021,5,SHENZHEN AIRLINES,A,Asia-Pacific,A320neo,A320 Family,1.0,ODs-December-2021-Airbus-Commercial-Aircraft.xlsx,20210518
delivery,2021-05-19,2021,5,FRONTIER AIRLINES,N,North America,A320neo,A320 Family,1.0,ODs-December-2021-Airbus-Commercial-Aircraft.xlsx,20210519
delivery,2021-05-20,2021,5,QINGDAO AIRLINES,A,Asia-Pacific,A320neo,A320 Family,1.0,ODs-December-2021-Airbus-Commercial-Aircraft.xlsx,20210520
delivery,2021-05-21,2021,5,AVIATION CAPITAL GROUP (COLORFUL GUIZHOU AIRLINES),N,North America,A320neo,A320 Family,1.0,ODs-December-2021-Airbus-Commercial-Aircraft.xlsx,20210521
delivery,2021-05-24,2021,5,CHINA EASTERN AIRLINES,A,Asia-Pacific,A320neo,A320 Family,1.0,ODs-December-2021-Airbus-Commercial-Aircraft.xlsx,20210524
delivery,2021-05-25,2021,5,AVIATION CAPITAL GROUP (VIVA AIR COLOMBIA),N,North America,A320neo,A320 Family,1.0,ODs-December-2021-Airbus-Commercial-Aircraft.xlsx,20210525
delivery,2021-05-26,2021,5,VISTARA,A,Asia-Pacific,A320neo,A320 Family,1.0,ODs-December-2021-Airbus-Commercial-Aircraft.xlsx,20210526
delivery,2021-05-28,2021,5,AIR CHINA,A,Asia-Pacific,A320neo,A320 Family,1.0,ODs-December-2021-Airbus-Commercial-Aircraft.xlsx,20210528
delivery,2021-05-28,2021,5,CALC (SKY AIRLINE),A,Asia-Pacific,A320neo,A320 Family,1.0,ODs-December-2021-Airbus-Commercial-Aircraft.xlsx,20210528
delivery,2021-05-31,2021,5,FLYNAS,M,Middle East,A320neo,A320 Family,1.0,ODs-December-2021-Airbus-Commercial-Aircraft.xlsx,20210531
delivery,2021-06-01,2021,6,CHINA EASTERN AIRLINES,A,Asia-Pacific,A320neo,A320 Family,1.0,ODs-December-2021-Airbus-Commercial-Aircraft.xlsx,20210601
delivery,2021-06-02,2021,6,CDB LEASING (AEROFLOT RUSSIAN AIRLINES),A,Asia-Pacific,A320neo,A320 Family,1.0,ODs-December-2021-Airbus-Commercial-Aircraft.xlsx,20210602
delivery,2021-06-03,2021,6,AVIATION CAPITAL GROUP (VOLARIS),N,North America,A320neo,A320 Family,1.0,ODs-December-2021-Airbus-Commercial-Aircraft.xlsx,20210603
delivery,2021-06-03,2021,6,VOLARIS,L,Latin America & Caribbean,A320neo,A320 Family,1.0,ODs-December-2021-Airbus-Commercial-Aircraft.xlsx,20210603
delivery,2021-06-04,2021,6,SPRING AIRLINES,A,Asia-Pacific,A320neo,A320 Family,1.0,ODs-December-2021-Airbus-Commercial-Aircraft.xlsx,20210604
delivery,2021-06-07,2021,6,AERCAP (SICHUAN AIRLINES),E,Europe and CIS,A320neo,A320 Family,1.0,ODs-December-2021-Airbus-Commercial-Aircraft.xlsx,20210607
delivery,2021-06-09,2021,6,AERCAP (SICHUAN AIRLINES),E,Europe and CIS,A320neo,A320 Family,1.0,ODs-December-2021-Airbus-Commercial-Aircraft.xlsx,20210609
delivery,2021-06-09,2021,6,SPIRIT AIRLINES,N,North America,A320neo,A320 Family,1.0,ODs-December-2021-Airbus-Commercial-Aircraft.xlsx,20210609
delivery,2021-06-10,2021,6,BOCOMM LEASING (AIR CHINA),A,Asia-Pacific,A320neo,A320 Family,1.0,ODs-December-2021-Airbus-Commercial-Aircraft.xlsx,20210610
delivery,2021-06-10,2021,6,SKYSERV (SKY EXPRESS),E,Europe and CIS,A320neo,A320 Family,1.0,ODs-December-2021-Airbus-Commercial-Aircraft.xlsx,20210610
delivery,2021-06-11,2021,6,FLYNAS,M,Middle East,A320neo,A320 Family,1.0,ODs-December-2021-Airbus-Commercial-Aircraft.xlsx,20210611
delivery,2021-06-15,2021,6,SPRING AIRLINES,A,Asia-Pacific,A320neo,A320 Family,1.0,ODs-December-2021-Airbus-Commercial-Aircraft.xlsx,20210615
delivery,2021-06-16,2021,6,ICBC (JAZEERA AIRWAYS),A,Asia-Pacific,A320neo,A320 Family,1.0,ODs-December-2021-Airbus-Commercial-Aircraft.xlsx,20210616
delivery,2021-06-17,2021,6,AIR LEASE CORPORATION (VOLARIS),N,North America,A320neo,A320 Family,2.0,ODs-December-2021-Airbus-Commercial-Aircraft.xlsx,20210617
delivery,2021-06-17,2021,6,FRONTIER AIRLINES,N,North America,A320neo,A320 Family,1.0,ODs-December-2021-Airbus-Commercial-Aircraft.xlsx,20210617
delivery,2021-06-18,2021,6,AVIATION CAPITAL GROUP (VIVA AIR COLOMBIA),N,North America,A320neo,A320 Family,1.0,ODs-December-2021-Airbus-Commercial-Aircraft.xlsx,20210618
delivery,2021-06-23,2021,6,AVOLON (SIBERIA AIRLINES),E,Europe and CIS,A320neo,A320 Family,1.0,ODs-December-2021-Airbus-Commercial-Aircraft.xlsx,20210623
delivery,2021-06-24,2021,6,AERCAP (SPIRIT AIRLINES),E,Europe and CIS,A320neo,A320 Family,1.0,ODs-December-2021-Airbus-Commercial-Aircraft.xlsx,20210624
delivery,2021-06-24,2021,6,CHINA EASTERN AIRLINES,A,Asia-Pacific,A320neo,A320 Family,1.0,ODs-December-2021-Airbus-Commercial-Aircraft.xlsx,20210624
delivery,2021-06-24,2021,6,FLYNAS,M,Middle East,A320neo,A320 Family,1.0,ODs-December-2021-Airbus-Commercial-Aircraft.xlsx,20210624
delivery,2021-06-24,2021,6,NAS AVIATION SERVICES (AIR CHINA),N,North America,A320neo,A320 Family,1.0,ODs-December-2021-Airbus-Commercial-Aircraft.xlsx,20210624
delivery,2021-06-29,2021,6,AVOLON (VISTARA),E,Europe and CIS,A320neo,A320 Family,1.0,ODs-December-2021-Airbus-Commercial-Aircraft.xlsx,20210629
delivery,2021-06-29,2021,6,BOCOMM LEASING (SICHUAN AIRLINES),A,Asia-Pacific,A320neo,A320 Family,1.0,ODs-December-2021-Airbus-Commercial-Aircraft.xlsx,20210629
delivery,2021-06-29,2021,6,PRIVATE CUSTOMER,,Unknown,A320neo,A320 Family,1.0,ODs-December-2021-Airbus-Commercial-Aircraft.xlsx,20210629
delivery,2021-06-29,2021,6,SPIRIT AIRLINES,N,North America,A320neo,A320 Family,1.0,ODs-December-2021-Airbus-Commercial-Aircraft.xlsx,20210629
delivery,2021-06-30,2021,6,AERCAP (SPIRIT AIRLINES),E,Europe and CIS,A320neo,A320 Family,1.0,ODs-December-2021-Airbus-Commercial-Aircraft.xlsx,20210630
delivery,2021-06-30,2021,6,AVIATION CAPITAL GROUP (VOLARIS),N,North America,A320neo,A320 Family,1.0,ODs-December-2021-Airbus-Commercial-Aircraft.xlsx,20210630
delivery,2021-06-30,2021,6,BOCOMM LEASING (SICHUAN AIRLINES),A,Asia-Pacific,A320neo,A320 Family,1.0,ODs-December-2021-Airbus-Commercial-Aircraft.xlsx,20210630
delivery,2021-06-30,2021,6,CALC (AIR TRAVEL),A,Asia-Pacific,A320neo,A320 Family,1.0,ODs-December-2021-Airbus-Commercial-Aircraft.xlsx,20210630
delivery,2021-07-07,2021,7,VOLARIS,L,Latin America & Caribbean,A320neo,A320 Family,1.0,ODs-December-2021-Airbus-Commercial-Aircraft.xlsx,20210707
delivery,2021-07-08,2021,7,INDIGO,A,Asia-Pacific,A320neo,A320 Family,1.0,ODs-December-2021-Airbus-Commercial-Aircraft.xlsx,20210708
delivery,2021-07-08,2021,7,SHENZHEN AIRLINES,A,Asia-Pacific,A320neo,A320 Family,1.0,ODs-December-2021-Airbus-Commercial-Aircraft.xlsx,20210708
delivery,2021-07-09,2021,7,PEACH,A,Asia-Pacific,A320neo,A320 Family,1.0,ODs-December-2021-Airbus-Commercial-Aircraft.xlsx,20210709
delivery,2021-07-12,2021,7,CHINA EASTERN AIRLINES,A,Asia-Pacific,A320neo,A320 Family,1.0,ODs-December-2021-Airbus-Commercial-Aircraft.xlsx,20210712
delivery,2021-07-15,2021,7,AERCAP (SPIRIT AIRLINES),E,Europe and CIS,A320neo,A320 Family,1.0,ODs-December-2021-Airbus-Commercial-Aircraft.xlsx,20210715
delivery,2021-07-15,2021,7,SAUDIA (FLYADEAL),M,Middle East,A320neo,A320 Family,1.0,ODs-December-2021-Airbus-Commercial-Aircraft.xlsx,20210715
delivery,2021-07-16,2021,7,BOCOMM LEASING (SICHUAN AIRLINES),A,Asia-Pacific,A320neo,A320 Family,1.0,ODs-December-2021-Airbus-Commercial-Aircraft.xlsx,20210716
delivery,2021-07-16,2021,7,NAS AVIATION SERVICES (AIRASIA INDIA),N,North America,A320neo,A320 Family,1.0,ODs-December-2021-Airbus-Commercial-Aircraft.xlsx,20210716
delivery,2021-07-19,2021,7,SMBC AVIATION CAPITAL (JUNEYAO AIRLINES),E,Europe and CIS,A320neo,A320 Family,1.0,ODs-December-2021-Airbus-Commercial-Aircraft.xlsx,20210719
delivery,2021-07-20,2021,7,FRONTIER AIRLINES,N,North America,A320neo,A320 Family,1.0,ODs-December-2021-Airbus-Commercial-Aircraft.xlsx,20210720
delivery,2021-07-21,2021,7,SAUDIA (FLYADEAL),M,Middle East,A320neo,A320 Family,1.0,ODs-December-2021-Airbus-Commercial-Aircraft.xlsx,20210721
delivery,2021-07-22,2021,7,AVIATION CAPITAL GROUP (VOLARIS),N,North America,A320neo,A320 Family,1.0,ODs-December-2021-Airbus-Commercial-Aircraft.xlsx,20210722
delivery,2021-07-22,2021,7,SPIRIT AIRLINES,N,North America,A320neo,A320 Family,1.0,ODs-December-2021-Airbus-Commercial-Aircraft.xlsx,20210722
delivery,2021-07-23,2021,7,AIR CHINA,A,Asia-Pacific,A320neo,A320 Family,1.0,ODs-December-2021-Airbus-Commercial-Aircraft.xlsx,20210723
delivery,2021-07-26,2021,7,INDIGO,A,Asia-Pacific,A320neo,A320 Family,2.0,ODs-December-2021-Airbus-Commercial-Aircraft.xlsx,20210726
delivery,2021-07-27,2021,7,QINGDAO AIRLINES,A,Asia-Pacific,A320neo,A320 Family,1.0,ODs-December-2021-Airbus-Commercial-Aircraft.xlsx,20210727
delivery,2021-07-28,2021,7,AVOLON (SIBERIA AIRLINES),E,Europe and CIS,A320neo,A320 Family,1.0,ODs-December-2021-Airbus-Commercial-Aircraft.xlsx,20210728
delivery,2021-07-29,2021,7,AERCAP (SPIRIT AIRLINES),E,Europe and CIS,A320neo,A320 Family,1.0,ODs-December-2021-Airbus-Commercial-Aircraft.xlsx,20210729
delivery,2021-07-30,2021,7,CHINA EASTERN AIRLINES,A,Asia-Pacific,A320neo,A320 Family,1.0,ODs-December-2021-Airbus-Commercial-Aircraft.xlsx,20210730
delivery,2021-07-30,2021,7,ICBC (TIGERAIR TAIWAN),A,Asia-Pacific,A320neo,A320 Family,1.0,ODs-December-2021-Airbus-Commercial-Aircraft.xlsx,20210730
delivery,2021-08-03,2021,8,SHENZHEN AIRLINES,A,Asia-Pacific,A320neo,A320 Family,1.0,ODs-December-2021-Airbus-Commercial-Aircraft.xlsx,20210803
delivery,2021-08-05,2021,8,GO FIRST,A,Asia-Pacific,A320neo,A320 Family,1.0,ODs-December-2021-Airbus-Commercial-Aircraft.xlsx,20210805
delivery,2021-08-06,2021,8,BRITISH AIRWAYS,E,Europe and CIS,A320neo,A320 Family,1.0,ODs-December-2021-Airbus-Commercial-Aircraft.xlsx,20210806
delivery,2021-08-11,2021,8,NAS AVIATION SERVICES (AIR CHINA),N,North America,A320neo,A320 Family,1.0,ODs-December-2021-Airbus-Commercial-Aircraft.xlsx,20210811
delivery,2021-08-13,2021,8,SPRING AIRLINES,A,Asia-Pacific,A320neo,A320 Family,1.0,ODs-December-2021-Airbus-Commercial-Aircraft.xlsx,20210813
delivery,2021-08-18,2021,8,FRONTIER AIRLINES,N,North America,A320neo,A320 Family,1.0,ODs-December-2021-Airbus-Commercial-Aircraft.xlsx,20210818
delivery,2021-08-19,2021,8,FRONTIER AIRLINES,N,North America,A320neo,A320 Family,1.0,ODs-December-2021-Airbus-Commercial-Aircraft.xlsx,20210819
delivery,2021-08-19,2021,8,SMBC AVIATION CAPITAL (AEROFLOT RUSSIAN AIRLINES),E,Europe and CIS,A320neo,A320 Family,1.0,ODs-December-2021-Airbus-Commercial-Aircraft.xlsx,20210819
delivery,2021-08-20,2021,8,CMB FINANCIAL LEASING (TAP AIR PORTUGAL),A,Asia-Pacific,A320neo,A320 Family,1.0,ODs-December-2021-Airbus-Commercial-Aircraft.xlsx,20210820
delivery,2021-08-24,2021,8,CHINA EXPRESS AIRLINES (HUAXIA AIRLINES),A,Asia-Pacific,A320neo,A320 Family,1.0,ODs-December-2021-Airbus-Commercial-Aircraft.xlsx,20210824
delivery,2021-08-26,2021,8,INDIGO,A,Asia-Pacific,A320neo,A320 Family,1.0,ODs-December-2021-Airbus-Commercial-Aircraft.xlsx,20210826
delivery,2021-08-27,2021,8,JUNEYAO AIRLINES,A,Asia-Pacific,A320neo,A320 Family,1.0,ODs-December-2021-Airbus-Commercial-Aircraft.xlsx,20210827
delivery,2021-08-30,2021,8,CHINA EASTERN AIRLINES,A,Asia-Pacific,A320neo,A320 Family,1.0,ODs-December-2021-Airbus-Commercial-Aircraft.xlsx,20210830
delivery,2021-08-30,2021,8,INDIGO,A,Asia-Pacific,A320neo,A320 Family,1.0,ODs-December-2021-Airbus-Commercial-Aircraft.xlsx,20210830
delivery,2021-08-31,2021,8,CHINA SOUTHERN AIRLINES,A,Asia-Pacific,A320neo,A320 Family,1.0,ODs-December-2021-Airbus-Commercial-Aircraft.xlsx,20210831
delivery,2021-08-31,2021,8,JUNEYAO AIRLINES,A,Asia-Pacific,A320neo,A320 Family,1.0,ODs-December-2021-Airbus-Commercial-Aircraft.xlsx,20210831
delivery,2021-09-01,2021,9,AERCAP (SPIRIT AIRLINES),E,Europe and CIS,A320neo,A320 Family,1.0,ODs-December-2021-Airbus-Commercial-Aircraft.xlsx,20210901
delivery,2021-09-02,2021,9,INDIGO,A,Asia-Pacific,A320neo,A320 Family,1.0,ODs-December-2021-Airbus-Commercial-Aircraft.xlsx,20210902
delivery,2021-09-08,2021,9,INDIGO,A,Asia-Pacific,A320neo,A320 Family,1.0,ODs-December-2021-Airbus-Commercial-Aircraft.xlsx,20210908
delivery,2021-09-08,2021,9,SAUDIA (FLYADEAL),M,Middle East,A320neo,A320 Family,1.0,ODs-December-2021-Airbus-Commercial-Aircraft.xlsx,20210908
delivery,2021-09-09,2021,9,BRITISH AIRWAYS,E,Europe and CIS,A320neo,A320 Family,1.0,ODs-December-2021-Airbus-Commercial-Aircraft.xlsx,20210909
delivery,2021-09-15,2021,9,CHINA EASTERN AIRLINES,A,Asia-Pacific,A320neo,A320 Family,1.0,ODs-December-2021-Airbus-Commercial-Aircraft.xlsx,20210915
delivery,2021-09-16,2021,9,BOC AVIATION (AZUL),A,Asia-Pacific,A320neo,A320 Family,1.0,ODs-December-2021-Airbus-Commercial-Aircraft.xlsx,20210916
delivery,2021-09-16,2021,9,INDIGO,A,Asia-Pacific,A320neo,A320 Family,1.0,ODs-December-2021-Airbus-Commercial-Aircraft.xlsx,20210916
delivery,2021-09-17,2021,9,SICHUAN AIRLINES,A,Asia-Pacific,A320neo,A320 Family,1.0,ODs-December-2021-Airbus-Commercial-Aircraft.xlsx,20210917
delivery,2021-09-21,2021,9,AIR LEASE CORPORATION (VISTARA),N,North America,A320neo,A320 Family,1.0,ODs-December-2021-Airbus-Commercial-Aircraft.xlsx,20210921
delivery,2021-09-22,2021,9,GO FIRST,A,Asia-Pacific,A320neo,A320 Family,1.0,ODs-December-2021-Airbus-Commercial-Aircraft.xlsx,20210922
delivery,2021-09-23,2021,9,ALAFCO (JAZEERA AIRWAYS),M,Middle East,A320neo,A320 Family,1.0,ODs-December-2021-Airbus-Commercial-Aircraft.xlsx,20210923
delivery,2021-09-24,2021,9,SMBC AVIATION CAPITAL (JUNEYAO AIRLINES),E,Europe and CIS,A320neo,A320 Family,1.0,ODs-December-2021-Airbus-Commercial-Aircraft.xlsx,20210924
delivery,2021-09-24,2021,9,VIVA AIR (VIVA AIR COLOMBIA),L,Latin America & Caribbean,A320neo,A320 Family,1.0,ODs-December-2021-Airbus-Commercial-Aircraft.xlsx,20210924
delivery,2021-09-27,2021,9,AVIATION CAPITAL GROUP (AIR TRAVEL),N,North America,A320neo,A320 Family,1.0,ODs-December-2021-Airbus-Commercial-Aircraft.xlsx,20210927
delivery,2021-09-29,2021,9,CHINA EASTERN AIRLINES,A,Asia-Pacific,A320neo,A320 Family,1.0,ODs-December-2021-Airbus-Commercial-Aircraft.xlsx,20210929
delivery,2021-09-29,2021,9,FRONTIER AIRLINES,N,North America,A320neo,A320 Family,1.0,ODs-December-2021-Airbus-Commercial-Aircraft.xlsx,20210929
delivery,2021-09-30,2021,9,CALC (SKY AIRLINE),A,Asia-Pacific,A320neo,A320 Family,1.0,ODs-December-2021-Airbus-Commercial-Aircraft.xlsx,20210930
delivery,2021-09-30,2021,9,CHINA EXPRESS AIRLINES (HUAXIA AIRLINES),A,Asia-Pacific,A320neo,A320 Family,1.0,ODs-December-2021-Airbus-Commercial-Aircraft.xlsx,20210930
delivery,2021-09-30,2021,9,FRONTIER AIRLINES,N,North America,A320neo,A320 Family,1.0,ODs-December-2021-Airbus-Commercial-Aircraft.xlsx,20210930
delivery,2021-10-04,2021,10,AVOLON (PEACH),E,Europe and CIS,A320neo,A320 Family,1.0,ODs-December-2021-Airbus-Commercial-Aircraft.xlsx,20211004
delivery,2021-10-05,2021,10,INDIGO,A,Asia-Pacific,A320neo,A320 Family,1.0,ODs-December-2021-Airbus-Commercial-Aircraft.xlsx,20211005
delivery,2021-10-08,2021,10,INDIGO,A,Asia-Pacific,A320neo,A320 Family,1.0,ODs-December-2021-Airbus-Commercial-Aircraft.xlsx,20211008
delivery,2021-10-12,2021,10,AVOLON (VISTARA),E,Europe and CIS,A320neo,A320 Family,1.0,ODs-December-2021-Airbus-Commercial-Aircraft.xlsx,20211012
delivery,2021-10-12,2021,10,INDIGO,A,Asia-Pacific,A320neo,A320 Family,1.0,ODs-December-2021-Airbus-Commercial-Aircraft.xlsx,20211012
delivery,2021-10-13,2021,10,VOLARIS,L,Latin America & Caribbean,A320neo,A320 Family,1.0,ODs-December-2021-Airbus-Commercial-Aircraft.xlsx,20211013
delivery,2021-10-14,2021,10,CHINA EASTERN AIRLINES,A,Asia-Pacific,A320neo,A320 Family,1.0,ODs-December-2021-Airbus-Commercial-Aircraft.xlsx,20211014
delivery,2021-10-14,2021,10,SHENZHEN AIRLINES,A,Asia-Pacific,A320neo,A320 Family,1.0,ODs-December-2021-Airbus-Commercial-Aircraft.xlsx,20211014
delivery,2021-10-22,2021,10,BOCOMM LEASING (AIR CHINA),A,Asia-Pacific,A320neo,A320 Family,1.0,ODs-December-2021-Airbus-Commercial-Aircraft.xlsx,20211022
delivery,2021-10-22,2021,10,INDIGO,A,Asia-Pacific,A320neo,A320 Family,1.0,ODs-December-2021-Airbus-Commercial-Aircraft.xlsx,20211022
delivery,2021-10-26,2021,10,CHINA EASTERN AIRLINES,A,Asia-Pacific,A320neo,A320 Family,1.0,ODs-December-2021-Airbus-Commercial-Aircraft.xlsx,20211026
delivery,2021-10-26,2021,10,VOLARIS,L,Latin America & Caribbean,A320neo,A320 Family,1.0,ODs-December-2021-Airbus-Commercial-Aircraft.xlsx,20211026
delivery,2021-10-27,2021,10,GO FIRST,A,Asia-Pacific,A320neo,A320 Family,1.0,ODs-December-2021-Airbus-Commercial-Aircraft.xlsx,20211027
delivery,2021-10-28,2021,10,AIR NEW ZEALAND,A,Asia-Pacific,A320neo,A320 Family,1.0,ODs-December-2021-Airbus-Commercial-Aircraft.xlsx,20211028
delivery,2021-10-29,2021,10,JUNEYAO AIRLINES,A,Asia-Pacific,A320neo,A320 Family,1.0,ODs-December-2021-Airbus-Commercial-Aircraft.xlsx,20211029
delivery,2021-10-29,2021,10,NAS AVIATION SERVICES (AIR CHINA),N,North America,A320neo,A320 Family,1.0,ODs-December-2021-Airbus-Commercial-Aircraft.xlsx,20211029
delivery,2021-10-29,2021,10,SHENZHEN AIRLINES,A,Asia-Pacific,A320neo,A320 Family,1.0,ODs-December-2021-Airbus-Commercial-Aircraft.xlsx,20211029
delivery,2021-11-02,2021,11,AVOLON (VISTARA),E,Europe and CIS,A320neo,A320 Family,1.0,ODs-December-2021-Airbus-Commercial-Aircraft.xlsx,20211102
delivery,2021-11-02,2021,11,SPRING AIRLINES,A,Asia-Pacific,A320neo,A320 Family,1.0,ODs-December-2021-Airbus-Commercial-Aircraft.xlsx,20211102
delivery,2021-11-03,2021,11,NAS AVIATION SERVICES (COLORFUL GUIZHOU AIRLINES),N,North America,A320neo,A320 Family,1.0,ODs-December-2021-Airbus-Commercial-Aircraft.xlsx,20211103
delivery,2021-11-05,2021,11,AIR NEW ZEALAND,A,Asia-Pacific,A320neo,A320 Family,1.0,ODs-December-2021-Airbus-Commercial-Aircraft.xlsx,20211105
delivery,2021-11-05,2021,11,INDIGO,A,Asia-Pacific,A320neo,A320 Family,1.0,ODs-December-2021-Airbus-Commercial-Aircraft.xlsx,20211105
delivery,2021-11-08,2021,11,EASYJET,E,Europe and CIS,A320neo,A320 Family,1.0,ODs-December-2021-Airbus-Commercial-Aircraft.xlsx,20211108
delivery,2021-11-09,2021,11,BRITISH AIRWAYS,E,Europe and CIS,A320neo,A320 Family,1.0,ODs-December-2021-Airbus-Commercial-Aircraft.xlsx,20211109
delivery,2021-11-10,2021,11,SHENZHEN AIRLINES,A,Asia-Pacific,A320neo,A320 Family,1.0,ODs-December-2021-Airbus-Commercial-Aircraft.xlsx,20211110
delivery,2021-11-16,2021,11,CHINA EASTERN AIRLINES,A,Asia-Pacific,A320neo,A320 Family,1.0,ODs-December-2021-Airbus-Commercial-Aircraft.xlsx,20211116
delivery,2021-11-17,2021,11,CHINA EASTERN AIRLINES,A,Asia-Pacific,A320neo,A320 Family,1.0,ODs-December-2021-Airbus-Commercial-Aircraft.xlsx,20211117
delivery,2021-11-17,2021,11,EASYJET,E,Europe and CIS,A320neo,A320 Family,1.0,ODs-December-2021-Airbus-Commercial-Aircraft.xlsx,20211117
delivery,2021-11-17,2021,11,GO FIRST,A,Asia-Pacific,A320neo,A320 Family,1.0,ODs-December-2021-Airbus-Commercial-Aircraft.xlsx,20211117
delivery,2021-11-18,2021,11,CHINA EASTERN AIRLINES,A,Asia-Pacific,A320neo,A320 Family,1.0,ODs-December-2021-Airbus-Commercial-Aircraft.xlsx,20211118
delivery,2021-11-19,2021,11,CHINA EXPRESS AIRLINES (HUAXIA AIRLINES),A,Asia-Pacific,A320neo,A320 Family,1.0,ODs-December-2021-Airbus-Commercial-Aircraft.xlsx,20211119
delivery,2021-11-22,2021,11,AERCAP (SPIRIT AIRLINES),E,Europe and CIS,A320neo,A320 Family,1.0,ODs-December-2021-Airbus-Commercial-Aircraft.xlsx,20211122
delivery,2021-11-23,2021,11,SPIRIT AIRLINES,N,North America,A320neo,A320 Family,1.0,ODs-December-2021-Airbus-Commercial-Aircraft.xlsx,20211123
delivery,2021-11-25,2021,11,AVOLON (VISTARA),E,Europe and CIS,A320neo,A320 Family,1.0,ODs-December-2021-Airbus-Commercial-Aircraft.xlsx,20211125
delivery,2021-11-25,2021,11,INDIGO,A,Asia-Pacific,A320neo,A320 Family,1.0,ODs-December-2021-Airbus-Commercial-Aircraft.xlsx,20211125
delivery,2021-11-26,2021,11,CHINA EXPRESS AIRLINES (HUAXIA AIRLINES),A,Asia-Pacific,A320neo,A320 Family,1.0,ODs-December-2021-Airbus-Commercial-Aircraft.xlsx,20211126
delivery,2021-11-29,2021,11,BOCOMM LEASING (AIR CHINA),A,Asia-Pacific,A320neo,A320 Family,1.0,ODs-December-2021-Airbus-Commercial-Aircraft.xlsx,20211129
delivery,2021-11-29,2021,11,CEBU PACIFIC,A,Asia-Pacific,A320neo,A320 Family,1.0,ODs-December-2021-Airbus-Commercial-Aircraft.xlsx,20211129
delivery,2021-11-29,2021,11,INDIGO,A,Asia-Pacific,A320neo,A320 Family,1.0,ODs-December-2021-Airbus-Commercial-Aircraft.xlsx,20211129
delivery,2021-11-29,2021,11,SAUDIA (FLYADEAL),M,Middle East,A320neo,A320 Family,1.0,ODs-December-2021-Airbus-Commercial-Aircraft.xlsx,20211129
delivery,2021-11-30,2021,11,CALC (SICHUAN AIRLINES),A,Asia-Pacific,A320neo,A320 Family,1.0,ODs-December-2021-Airbus-Commercial-Aircraft.xlsx,20211130
delivery,2021-11-30,2021,11,EASYJET,E,Europe and CIS,A320neo,A320 Family,1.0,ODs-December-2021-Airbus-Commercial-Aircraft.xlsx,20211130
delivery,2021-12-01,2021,12,INDIGO,A,Asia-Pacific,A320neo,A320 Family,1.0,ODs-December-2021-Airbus-Commercial-Aircraft.xlsx,20211201
delivery,2021-12-04,2021,12,JUNEYAO AIRLINES,A,Asia-Pacific,A320neo,A320 Family,1.0,ODs-December-2021-Airbus-Commercial-Aircraft.xlsx,20211204
delivery,2021-12-08,2021,12,PEGASUS AIRLINES,E,Europe and CIS,A320neo,A320 Family,1.0,ODs-December-2021-Airbus-Commercial-Aircraft.xlsx,20211208
delivery,2021-12-08,2021,12,SAUDIA (FLYADEAL),M,Middle East,A320neo,A320 Family,1.0,ODs-December-2021-Airbus-Commercial-Aircraft.xlsx,20211208
delivery,2021-12-09,2021,12,AVIATION CAPITAL GROUP (VOLARIS),N,North America,A320neo,A320 Family,1.0,ODs-December-2021-Airbus-Commercial-Aircraft.xlsx,20211209
delivery,2021-12-09,2021,12,INDIGO,A,Asia-Pacific,A320neo,A320 Family,1.0,ODs-December-2021-Airbus-Commercial-Aircraft.xlsx,20211209
delivery,2021-12-09,2021,12,SHENZHEN AIRLINES,A,Asia-Pacific,A320neo,A320 Family,1.0,ODs-December-2021-Airbus-Commercial-Aircraft.xlsx,20211209
delivery,2021-12-09,2021,12,SPIRIT AIRLINES,N,North America,A320neo,A320 Family,1.0,ODs-December-2021-Airbus-Commercial-Aircraft.xlsx,20211209
delivery,2021-12-09,2021,12,SPRING AIRLINES,A,Asia-Pacific,A320neo,A320 Family,1.0,ODs-December-2021-Airbus-Commercial-Aircraft.xlsx,20211209
delivery,2021-12-10,2021,12,VIVA AIR (VIVA AIR COLOMBIA),L,Latin America & Caribbean,A320neo,A320 Family,1.0,ODs-December-2021-Airbus-Commercial-Aircraft.xlsx,20211210
delivery,2021-12-14,2021,12,AERCAP (S7 AIRLINES),E,Europe and CIS,A320neo,A320 Family,1.0,ODs-December-2021-Airbus-Commercial-Aircraft.xlsx,20211214
delivery,2021-12-15,2021,12,SPIRIT AIRLINES,N,North America,A320neo,A320 Family,1.0,ODs-December-2021-Airbus-Commercial-Aircraft.xlsx,20211215
delivery,2021-12-16,2021,12,SMBC AVIATION CAPITAL (JUNEYAO AIRLINES),E,Europe and CIS,A320neo,A320 Family,1.0,ODs-December-2021-Airbus-Commercial-Aircraft.xlsx,20211216
delivery,2021-12-16,2021,12,SPRING AIRLINES,A,Asia-Pacific,A320neo,A320 Family,1.0,ODs-December-2021-Airbus-Commercial-Aircraft.xlsx,20211216
delivery,2021-12-17,2021,12,CALC (CHINA EASTERN AIRLINES),A,Asia-Pacific,A320neo,A320 Family,1.0,ODs-December-2021-Airbus-Commercial-Aircraft.xlsx,20211217
delivery,2021-12-17,2021,12,ICBC (AIR CAIRO),A,Asia-Pacific,A320neo,A320 Family,1.0,ODs-December-2021-Airbus-Commercial-Aircraft.xlsx,20211217
delivery,2021-12-21,2021,12,AERCAP (S7 AIRLINES),E,Europe and CIS,A320neo,A320 Family,1.0,ODs-December-2021-Airbus-Commercial-Aircraft.xlsx,20211221
delivery,2021-12-21,2021,12,AERCAP (SPIRIT AIRLINES),E,Europe and CIS,A320neo,A320 Family,1.0,ODs-December-2021-Airbus-Commercial-Aircraft.xlsx,20211221
delivery,2021-12-21,2021,12,EASYJET,E,Europe and CIS,A320neo,A320 Family,1.0,ODs-December-2021-Airbus-Commercial-Aircraft.xlsx,20211221
delivery,2021-12-21,2021,12,PEGASUS AIRLINES,E,Europe and CIS,A320neo,A320 Family,1.0,ODs-December-2021-Airbus-Commercial-Aircraft.xlsx,20211221
delivery,2021-12-22,2021,12,PRIVATE CUSTOMER 87,F,Africa,A320neo,A320 Family,1.0,ODs-December-2021-Airbus-Commercial-Aircraft.xlsx,20211222
delivery,2021-12-23,2021,12,CHINA EASTERN AIRLINES,A,Asia-Pacific,A320neo,A320 Family,1.0,ODs-December-2021-Airbus-Commercial-Aircraft.xlsx,20211223
delivery,2021-12-23,2021,12,SHENZHEN AIRLINES,A,Asia-Pacific,A320neo,A320 Family,1.0,ODs-December-2021-Airbus-Commercial-Aircraft.xlsx,20211223
delivery,2021-12-23,2021,12,SKY EXPRESS,E,Europe and CIS,A320neo,A320 Family,1.0,ODs-December-2021-Airbus-Commercial-Aircraft.xlsx,20211223
delivery,2021-12-23,2021,12,TUNISAIR,F,Africa,A320neo,A320 Family,1.0,ODs-December-2021-Airbus-Commercial-Aircraft.xlsx,20211223
delivery,2021-12-27,2021,12,INDIGO,A,Asia-Pacific,A320neo,A320 Family,1.0,ODs-December-2021-Airbus-Commercial-Aircraft.xlsx,20211227
delivery,2021-12-27,2021,12,QINGDAO AIRLINES,A,Asia-Pacific,A320neo,A320 Family,1.0,ODs-December-2021-Airbus-Commercial-Aircraft.xlsx,20211227
delivery,2021-12-28,2021,12,NAS AVIATION SERVICES (COLORFUL GUIZHOU AIRLINES),N,North America,A320neo,A320 Family,1.0,ODs-December-2021-Airbus-Commercial-Aircraft.xlsx,20211228
delivery,2021-12-29,2021,12,SAUDIA (FLYADEAL),M,Middle East,A320neo,A320 Family,1.0,ODs-December-2021-Airbus-Commercial-Aircraft.xlsx,20211229
delivery,2021-12-29,2021,12,SWISS,E,Europe and CIS,A320neo,A320 Family,1.0,ODs-December-2021-Airbus-Commercial-Aircraft.xlsx,20211229
delivery,2021-12-30,2021,12,BOCOMM LEASING (AIR CHINA),A,Asia-Pacific,A320neo,A320 Family,1.0,ODs-December-2021-Airbus-Commercial-Aircraft.xlsx,20211230
delivery,2021-12-30,2021,12,SWISS,E,Europe and CIS,A320neo,A320 Family,1.0,ODs-December-2021-Airbus-Commercial-Aircraft.xlsx,20211230
delivery,2021-12-31,2021,12,CMB FINANCIAL LEASING (CHINA EASTERN AIRLINES),A,Asia-Pacific,A320neo,A320 Family,1.0,ODs-December-2021-Airbus-Commercial-Aircraft.xlsx,20211231
delivery,2021-01-14,2021,1,DELTA AIR LINES,N,North America,A321ceo,A320 Family,1.0,ODs-December-2021-Airbus-Commercial-Aircraft.xlsx,20210114
delivery,2021-01-15,2021,1,DELTA AIR LINES,N,North America,A321ceo,A320 Family,1.0,ODs-December-2021-Airbus-Commercial-Aircraft.xlsx,20210115
delivery,2021-01-21,2021,1,DELTA AIR LINES,N,North America,A321ceo,A320 Family,1.0,ODs-December-2021-Airbus-Commercial-Aircraft.xlsx,20210121
delivery,2021-01-27,2021,1,DELTA AIR LINES,N,North America,A321ceo,A320 Family,1.0,ODs-December-2021-Airbus-Commercial-Aircraft.xlsx,20210127
delivery,2021-02-11,2021,2,DELTA AIR LINES,N,North America,A321ceo,A320 Family,1.0,ODs-December-2021-Airbus-Commercial-Aircraft.xlsx,20210211
delivery,2021-02-22,2021,2,DELTA AIR LINES,N,North America,A321ceo,A320 Family,1.0,ODs-December-2021-Airbus-Commercial-Aircraft.xlsx,20210222
delivery,2021-03-17,2021,3,DELTA AIR LINES,N,North America,A321ceo,A320 Family,1.0,ODs-December-2021-Airbus-Commercial-Aircraft.xlsx,20210317
delivery,2021-03-31,2021,3,DELTA AIR LINES,N,North America,A321ceo,A320 Family,1.0,ODs-December-2021-Airbus-Commercial-Aircraft.xlsx,20210331
delivery,2021-04-07,2021,4,DELTA AIR LINES,N,North America,A321ceo,A320 Family,1.0,ODs-December-2021-Airbus-Commercial-Aircraft.xlsx,20210407
delivery,2021-04-08,2021,4,DELTA AIR LINES,N,North America,A321ceo,A320 Family,1.0,ODs-December-2021-Airbus-Commercial-Aircraft.xlsx,20210408
delivery,2021-04-22,2021,4,DELTA AIR LINES,N,North America,A321ceo,A320 Family,1.0,ODs-December-2021-Airbus-Commercial-Aircraft.xlsx,20210422
delivery,2021-05-04,2021,5,DELTA AIR LINES,N,North America,A321ceo,A320 Family,1.0,ODs-December-2021-Airbus-Commercial-Aircraft.xlsx,20210504
delivery,2021-05-06,2021,5,DELTA AIR LINES,N,North America,A321ceo,A320 Family,1.0,ODs-December-2021-Airbus-Commercial-Aircraft.xlsx,20210506
delivery,2021-05-27,2021,5,DELTA AIR LINES,N,North America,A321ceo,A320 Family,1.0,ODs-December-2021-Airbus-Commercial-Aircraft.xlsx,20210527
delivery,2021-06-07,2021,6,DELTA AIR LINES,N,North America,A321ceo,A320 Family,1.0,ODs-December-2021-Airbus-Commercial-Aircraft.xlsx,20210607
delivery,2021-07-06,2021,7,DELTA AIR LINES,N,North America,A321ceo,A320 Family,1.0,ODs-December-2021-Airbus-Commercial-Aircraft.xlsx,20210706
delivery,2021-08-26,2021,8,DELTA AIR LINES,N,North America,A321ceo,A320 Family,1.0,ODs-December-2021-Airbus-Commercial-Aircraft.xlsx,20210826
delivery,2021-09-30,2021,9,DELTA AIR LINES,N,North America,A321ceo,A320 Family,1.0,ODs-December-2021-Airbus-Commercial-Aircraft.xlsx,20210930
delivery,2021-10-14,2021,10,DELTA AIR LINES,N,North America,A321ceo,A320 Family,1.0,ODs-December-2021-Airbus-Commercial-Aircraft.xlsx,20211014
delivery,2021-10-28,2021,10,DELTA AIR LINES,N,North America,A321ceo,A320 Family,1.0,ODs-December-2021-Airbus-Commercial-Aircraft.xlsx,20211028
delivery,2021-11-04,2021,11,DELTA AIR LINES,N,North America,A321ceo,A320 Family,1.0,ODs-December-2021-Airbus-Commercial-Aircraft.xlsx,20211104
delivery,2021-12-15,2021,12,DELTA AIR LINES,N,North America,A321ceo,A320 Family,1.0,ODs-December-2021-Airbus-Commercial-Aircraft.xlsx,20211215
delivery,2021-01-28,2021,1,AMERICAN AIRLINES,N,North America,A321neo,A320 Family,1.0,ODs-December-2021-Airbus-Commercial-Aircraft.xlsx,20210128
delivery,2021-02-04,2021,2,GULF AIR,M,Middle East,A321neo,A320 Family,1.0,ODs-December-2021-Airbus-Commercial-Aircraft.xlsx,20210204
delivery,2021-02-15,2021,2,ANA HOLDINGS (ALL NIPPON AIRWAYS),A,Asia-Pacific,A321neo,A320 Family,1.0,ODs-December-2021-Airbus-Commercial-Aircraft.xlsx,20210215
delivery,2021-02-17,2021,2,INDIGO,A,Asia-Pacific,A321neo,A320 Family,1.0,ODs-December-2021-Airbus-Commercial-Aircraft.xlsx,20210217
delivery,2021-02-19,2021,2,INDIGO,A,Asia-Pacific,A321neo,A320 Family,1.0,ODs-December-2021-Airbus-Commercial-Aircraft.xlsx,20210219
delivery,2021-02-20,2021,2,SPRING AIRLINES,A,Asia-Pacific,A321neo,A320 Family,1.0,ODs-December-2021-Airbus-Commercial-Aircraft.xlsx,20210220
delivery,2021-02-23,2021,2,ANA HOLDINGS (ALL NIPPON AIRWAYS),A,Asia-Pacific,A321neo,A320 Family,1.0,ODs-December-2021-Airbus-Commercial-Aircraft.xlsx,20210223
delivery,2021-02-23,2021,2,ASIANA AIRLINES,A,Asia-Pacific,A321neo,A320 Family,1.0,ODs-December-2021-Airbus-Commercial-Aircraft.xlsx,20210223
delivery,2021-02-24,2021,2,JETBLUE AIRWAYS,N,North America,A321neo,A320 Family,2.0,ODs-December-2021-Airbus-Commercial-Aircraft.xlsx,20210224
delivery,2021-02-25,2021,2,INDIGO,A,Asia-Pacific,A321neo,A320 Family,1.0,ODs-December-2021-Airbus-Commercial-Aircraft.xlsx,20210225
delivery,2021-02-25,2021,2,JETBLUE AIRWAYS,N,North America,A321neo,A320 Family,1.0,ODs-December-2021-Airbus-Commercial-Aircraft.xlsx,20210225
delivery,2021-02-26,2021,2,SPRING AIRLINES,A,Asia-Pacific,A321neo,A320 Family,1.0,ODs-December-2021-Airbus-Commercial-Aircraft.xlsx,20210226
delivery,2021-03-01,2021,3,INDIGO,A,Asia-Pacific,A321neo,A320 Family,2.0,ODs-December-2021-Airbus-Commercial-Aircraft.xlsx,20210301
delivery,2021-03-05,2021,3,WIZZ AIR (WIZZ AIR UK),E,Europe and CIS,A321neo,A320 Family,1.0,ODs-December-2021-Airbus-Commercial-Aircraft.xlsx,20210305
delivery,2021-03-08,2021,3,NAS AVIATION SERVICES (AIR BUSAN),N,North America,A321neo,A320 Family,1.0,ODs-December-2021-Airbus-Commercial-Aircraft.xlsx,20210308
delivery,2021-03-09,2021,3,AMERICAN AIRLINES,N,North America,A321neo,A320 Family,1.0,ODs-December-2021-Airbus-Commercial-Aircraft.xlsx,20210309
delivery,2021-03-09,2021,3,INDIGO,A,Asia-Pacific,A321neo,A320 Family,1.0,ODs-December-2021-Airbus-Commercial-Aircraft.xlsx,20210309
delivery,2021-03-09,2021,3,LUFTHANSA,E,Europe and CIS,A321neo,A320 Family,1.0,ODs-December-2021-Airbus-Commercial-Aircraft.xlsx,20210309
delivery,2021-03-09,2021,3,WIZZ AIR (WIZZ AIR UK),E,Europe and CIS,A321neo,A320 Family,1.0,ODs-December-2021-Airbus-Commercial-Aircraft.xlsx,20210309
delivery,2021-03-11,2021,3,CHINA SOUTHERN AIRLINES,A,Asia-Pacific,A321neo,A320 Family,1.0,ODs-December-2021-Airbus-Commercial-Aircraft.xlsx,20210311
delivery,2021-03-16,2021,3,INDIGO,A,Asia-Pacific,A321neo,A320 Family,1.0,ODs-December-2021-Airbus-Commercial-Aircraft.xlsx,20210316
delivery,2021-03-17,2021,3,IBERIA (IBERIA EXPRESS),E,Europe and CIS,A321neo,A320 Family,1.0,ODs-December-2021-Airbus-Commercial-Aircraft.xlsx,20210317
delivery,2021-03-17,2021,3,WIZZ AIR (WIZZ AIR UK),E,Europe and CIS,A321neo,A320 Family,1.0,ODs-December-2021-Airbus-Commercial-Aircraft.xlsx,20210317
delivery,2021-03-18,2021,3,CHINA SOUTHERN AIRLINES,A,Asia-Pacific,A321neo,A320 Family,1.0,ODs-December-2021-Airbus-Commercial-Aircraft.xlsx,20210318
delivery,2021-03-19,2021,3,VIVA AEROBUS,L,Latin America & Caribbean,A321neo,A320 Family,1.0,ODs-December-2021-Airbus-Commercial-Aircraft.xlsx,20210319
delivery,2021-03-25,2021,3,AIR LEASE CORPORATION (AER LINGUS),N,North America,A321neo,A320 Family,1.0,ODs-December-2021-Airbus-Commercial-Aircraft.xlsx,20210325
delivery,2021-03-25,2021,3,WIZZ AIR (WIZZ AIR HUNGARY),E,Europe and CIS,A321neo,A320 Family,1.0,ODs-December-2021-Airbus-Commercial-Aircraft.xlsx,20210325
delivery,2021-03-26,2021,3,BOC AVIATION (TAP AIR PORTUGAL),A,Asia-Pacific,A321neo,A320 Family,1.0,ODs-December-2021-Airbus-Commercial-Aircraft.xlsx,20210326
delivery,2021-03-29,2021,3,AIR LEASE CORPORATION (AIR ASTANA),N,North America,A321neo,A320 Family,1.0,ODs-December-2021-Airbus-Commercial-Aircraft.xlsx,20210329
delivery,2021-03-30,2021,3,AIR LEASE CORPORATION (AER LINGUS),N,North America,A321neo,A320 Family,1.0,ODs-December-2021-Airbus-Commercial-Aircraft.xlsx,20210330
delivery,2021-03-30,2021,3,AMERICAN AIRLINES,N,North America,A321neo,A320 Family,1.0,ODs-December-2021-Airbus-Commercial-Aircraft.xlsx,20210330
delivery,2021-03-31,2021,3,AIR CHINA,A,Asia-Pacific,A321neo,A320 Family,1.0,ODs-December-2021-Airbus-Commercial-Aircraft.xlsx,20210331
delivery,2021-03-31,2021,3,AIR LEASE CORPORATION (TITAN AIRWAYS),N,North America,A321neo,A320 Family,1.0,ODs-December-2021-Airbus-Commercial-Aircraft.xlsx,20210331
delivery,2021-03-31,2021,3,CEBU PACIFIC,A,Asia-Pacific,A321neo,A320 Family,1.0,ODs-December-2021-Airbus-Commercial-Aircraft.xlsx,20210331
delivery,2021-03-31,2021,3,INDIGO,A,Asia-Pacific,A321neo,A320 Family,2.0,ODs-December-2021-Airbus-Commercial-Aircraft.xlsx,20210331
delivery,2021-04-09,2021,4,AIR LEASE CORPORATION (AIR ARABIA),N,North America,A321neo,A320 Family,1.0,ODs-December-2021-Airbus-Commercial-Aircraft.xlsx,20210409
delivery,2021-04-14,2021,4,MIDDLE EAST AIRLINES,M,Middle East,A321neo,A320 Family,1.0,ODs-December-2021-Airbus-Commercial-Aircraft.xlsx,20210414
delivery,2021-04-15,2021,4,AMERICAN AIRLINES,N,North America,A321neo,A320 Family,1.0,ODs-December-2021-Airbus-Commercial-Aircraft.xlsx,20210415
delivery,2021-04-16,2021,4,INDIGO,A,Asia-Pacific,A321neo,A320 Family,1.0,ODs-December-2021-Airbus-Commercial-Aircraft.xlsx,20210416
delivery,2021-04-19,2021,4,WIZZ AIR (WIZZ AIR HUNGARY),E,Europe and CIS,A321neo,A320 Family,1.0,ODs-December-2021-Airbus-Commercial-Aircraft.xlsx,20210419
delivery,2021-04-21,2021,4,TURKISH AIRLINES,E,Europe and CIS,A321neo,A320 Family,1.0,ODs-December-2021-Airbus-Commercial-Aircraft.xlsx,20210421
delivery,2021-04-28,2021,4,AVIATION CAPITAL GROUP (JUNEYAO AIRLINES),N,North America,A321neo,A320 Family,1.0,ODs-December-2021-Airbus-Commercial-Aircraft.xlsx,20210428
delivery,2021-04-28,2021,4,BOC AVIATION (URAL AIRLINES),A,Asia-Pacific,A321neo,A320 Family,1.0,ODs-December-2021-Airbus-Commercial-Aircraft.xlsx,20210428
delivery,2021-04-28,2021,4,JETBLUE AIRWAYS,N,North America,A321neo,A320 Family,1.0,ODs-December-2021-Airbus-Commercial-Aircraft.xlsx,20210428
delivery,2021-04-28,2021,4,VIETJET AIR,A,Asia-Pacific,A321neo,A320 Family,1.0,ODs-December-2021-Airbus-Commercial-Aircraft.xlsx,20210428
delivery,2021-04-29,2021,4,CATHAY PACIFIC AIRCRAFT SERVICES LIMITED (CATHAY PACIFIC),A,Asia-Pacific,A321neo,A320 Family,1.0,ODs-December-2021-Airbus-Commercial-Aircraft.xlsx,20210429
delivery,2021-04-29,2021,4,TURKISH AIRLINES,E,Europe and CIS,A321neo,A320 Family,1.0,ODs-December-2021-Airbus-Commercial-Aircraft.xlsx,20210429
delivery,2021-04-30,2021,4,BOC AVIATION (AZUL),A,Asia-Pacific,A321neo,A320 Family,1.0,ODs-December-2021-Airbus-Commercial-Aircraft.xlsx,20210430
delivery,2021-05-03,2021,5,LUFTHANSA,E,Europe and CIS,A321neo,A320 Family,1.0,ODs-December-2021-Airbus-Commercial-Aircraft.xlsx,20210503
delivery,2021-05-04,2021,5,LUFTHANSA,E,Europe and CIS,A321neo,A320 Family,1.0,ODs-December-2021-Airbus-Commercial-Aircraft.xlsx,20210504
delivery,2021-05-10,2021,5,WIZZ AIR (WIZZ AIR HUNGARY),E,Europe and CIS,A321neo,A320 Family,1.0,ODs-December-2021-Airbus-Commercial-Aircraft.xlsx,20210510
delivery,2021-05-14,2021,5,BOC AVIATION (SCOOT),A,Asia-Pacific,A321neo,A320 Family,1.0,ODs-December-2021-Airbus-Commercial-Aircraft.xlsx,20210514
delivery,2021-05-14,2021,5,NAS AVIATION SERVICES (AIRBLUE),N,North America,A321neo,A320 Family,1.0,ODs-December-2021-Airbus-Commercial-Aircraft.xlsx,20210514
delivery,2021-05-14,2021,5,VIETJET AIR,A,Asia-Pacific,A321neo,A320 Family,1.0,ODs-December-2021-Airbus-Commercial-Aircraft.xlsx,20210514
delivery,2021-05-17,2021,5,CEBU PACIFIC,A,Asia-Pacific,A321neo,A320 Family,1.0,ODs-December-2021-Airbus-Commercial-Aircraft.xlsx,20210517
delivery,2021-05-19,2021,5,WIZZ AIR (WIZZ AIR HUNGARY),E,Europe and CIS,A321neo,A320 Family,1.0,ODs-December-2021-Airbus-Commercial-Aircraft.xlsx,20210519
delivery,2021-05-20,2021,5,AMERICAN AIRLINES,N,North America,A321neo,A320 Family,1.0,ODs-December-2021-Airbus-Commercial-Aircraft.xlsx,20210520
delivery,2021-05-20,2021,5,BOC AVIATION (SCOOT),A,Asia-Pacific,A321neo,A320 Family,1.0,ODs-December-2021-Airbus-Commercial-Aircraft.xlsx,20210520
delivery,2021-05-20,2021,5,WIZZ AIR (WIZZ AIR UK),E,Europe and CIS,A321neo,A320 Family,1.0,ODs-December-2021-Airbus-Commercial-Aircraft.xlsx,20210520
delivery,2021-05-25,2021,5,JETBLUE AIRWAYS,N,North America,A321neo,A320 Family,1.0,ODs-December-2021-Airbus-Commercial-Aircraft.xlsx,20210525
delivery,2021-05-26,2021,5,AERCAP (AIR BUSAN),E,Europe and CIS,A321neo,A320 Family,1.0,ODs-December-2021-Airbus-Commercial-Aircraft.xlsx,20210526
delivery,2021-05-26,2021,5,SMBC AVIATION CAPITAL (AEROFLOT RUSSIAN AIRLINES),E,Europe and CIS,A321neo,A320 Family,1.0,ODs-December-2021-Airbus-Commercial-Aircraft.xlsx,20210526
delivery,2021-05-26,2021,5,TURKISH AIRLINES,E,Europe and CIS,A321neo,A320 Family,1.0,ODs-December-2021-Airbus-Commercial-Aircraft.xlsx,20210526
delivery,2021-05-27,2021,5,CHINA SOUTHERN AIRLINES,A,Asia-Pacific,A321neo,A320 Family,1.0,ODs-December-2021-Airbus-Commercial-Aircraft.xlsx,20210527
delivery,2021-05-28,2021,5,AERCAP (AIR MACAU),E,Europe and CIS,A321neo,A320 Family,1.0,ODs-December-2021-Airbus-Commercial-Aircraft.xlsx,20210528
delivery,2021-05-31,2021,5,ASIANA AIRLINES,A,Asia-Pacific,A321neo,A320 Family,1.0,ODs-December-2021-Airbus-Commercial-Aircraft.xlsx,20210531
delivery,2021-06-01,2021,6,AERCAP (AIR TRANSAT),E,Europe and CIS,A321neo,A320 Family,1.0,ODs-December-2021-Airbus-Commercial-Aircraft.xlsx,20210601
delivery,2021-06-02,2021,6,BOC AVIATION (SCOOT),A,Asia-Pacific,A321neo,A320 Family,1.0,ODs-December-2021-Airbus-Commercial-Aircraft.xlsx,20210602
delivery,2021-06-03,2021,6,JETBLUE AIRWAYS,N,North America,A321neo,A320 Family,1.0,ODs-December-2021-Airbus-Commercial-Aircraft.xlsx,20210603
delivery,2021-06-04,2021,6,AIR LEASE CORPORATION (VISTARA),N,North America,A321neo,A320 Family,1.0,ODs-December-2021-Airbus-Commercial-Aircraft.xlsx,20210604
delivery,2021-06-09,2021,6,AERCAP (AIR TRANSAT),E,Europe and CIS,A321neo,A320 Family,1.0,ODs-December-2021-Airbus-Commercial-Aircraft.xlsx,20210609
delivery,2021-06-10,2021,6,CATHAY PACIFIC AIRCRAFT SERVICES LIMITED (CATHAY PACIFIC),A,Asia-Pacific,A321neo,A320 Family,1.0,ODs-December-2021-Airbus-Commercial-Aircraft.xlsx,20210610
delivery,2021-06-10,2021,6,WIZZ AIR (WIZZ AIR HUNGARY),E,Europe and CIS,A321neo,A320 Family,1.0,ODs-December-2021-Airbus-Commercial-Aircraft.xlsx,20210610
delivery,2021-06-11,2021,6,GULF AIR,M,Middle East,A321neo,A320 Family,1.0,ODs-December-2021-Airbus-Commercial-Aircraft.xlsx,20210611
delivery,2021-06-11,2021,6,MIDDLE EAST AIRLINES,M,Middle East,A321neo,A320 Family,1.0,ODs-December-2021-Airbus-Commercial-Aircraft.xlsx,20210611
delivery,2021-06-14,2021,6,TURKISH AIRLINES,E,Europe and CIS,A321neo,A320 Family,1.0,ODs-December-2021-Airbus-Commercial-Aircraft.xlsx,20210614
delivery,2021-06-16,2021,6,AMERICAN AIRLINES,N,North America,A321neo,A320 Family,1.0,ODs-December-2021-Airbus-Commercial-Aircraft.xlsx,20210616
delivery,2021-06-18,2021,6,PEACH,A,Asia-Pacific,A321neo,A320 Family,1.0,ODs-December-2021-Airbus-Commercial-Aircraft.xlsx,20210618
delivery,2021-06-21,2021,6,AIR LEASE CORPORATION (AER LINGUS),N,North America,A321neo,A320 Family,1.0,ODs-December-2021-Airbus-Commercial-Aircraft.xlsx,20210621
delivery,2021-06-22,2021,6,AMERICAN AIRLINES,N,North America,A321neo,A320 Family,1.0,ODs-December-2021-Airbus-Commercial-Aircraft.xlsx,20210622
delivery,2021-06-24,2021,6,AIR CHINA,A,Asia-Pacific,A321neo,A320 Family,1.0,ODs-December-2021-Airbus-Commercial-Aircraft.xlsx,20210624
delivery,2021-06-24,2021,6,CHINA SOUTHERN AIRLINES,A,Asia-Pacific,A321neo,A320 Family,1.0,ODs-December-2021-Airbus-Commercial-Aircraft.xlsx,20210624
delivery,2021-06-24,2021,6,JETBLUE AIRWAYS,N,North America,A321neo,A320 Family,1.0,ODs-December-2021-Airbus-Commercial-Aircraft.xlsx,20210624
delivery,2021-06-24,2021,6,SPRING AIRLINES,A,Asia-Pacific,A321neo,A320 Family,1.0,ODs-December-2021-Airbus-Commercial-Aircraft.xlsx,20210624
delivery,2021-06-25,2021,6,NAS AVIATION SERVICES (SALAM AIR),N,North America,A321neo,A320 Family,1.0,ODs-December-2021-Airbus-Commercial-Aircraft.xlsx,20210625
delivery,2021-06-28,2021,6,AERCAP (AIR TRANSAT),E,Europe and CIS,A321neo,A320 Family,1.0,ODs-December-2021-Airbus-Commercial-Aircraft.xlsx,20210628
delivery,2021-06-28,2021,6,INDIGO,A,Asia-Pacific,A321neo,A320 Family,1.0,ODs-December-2021-Airbus-Commercial-Aircraft.xlsx,20210628
delivery,2021-06-29,2021,6,WIZZ AIR (WIZZ AIR HUNGARY),E,Europe and CIS,A321neo,A320 Family,1.0,ODs-December-2021-Airbus-Commercial-Aircraft.xlsx,20210629
delivery,2021-06-30,2021,6,JUNEYAO AIRLINES,A,Asia-Pacific,A321neo,A320 Family,1.0,ODs-December-2021-Airbus-Commercial-Aircraft.xlsx,20210630
delivery,2021-06-30,2021,6,LUFTHANSA,E,Europe and CIS,A321neo,A320 Family,1.0,ODs-December-2021-Airbus-Commercial-Aircraft.xlsx,20210630
delivery,2021-06-30,2021,6,SPRING AIRLINES,A,Asia-Pacific,A321neo,A320 Family,1.0,ODs-December-2021-Airbus-Commercial-Aircraft.xlsx,20210630
delivery,2021-06-30,2021,6,TURKISH AIRLINES,E,Europe and CIS,A321neo,A320 Family,1.0,ODs-December-2021-Airbus-Commercial-Aircraft.xlsx,20210630
delivery,2021-07-12,2021,7,WIZZ AIR (WIZZ AIR HUNGARY),E,Europe and CIS,A321neo,A320 Family,1.0,ODs-December-2021-Airbus-Commercial-Aircraft.xlsx,20210712
delivery,2021-07-13,2021,7,WIZZ AIR (WIZZ AIR HUNGARY),E,Europe and CIS,A321neo,A320 Family,1.0,ODs-December-2021-Airbus-Commercial-Aircraft.xlsx,20210713
delivery,2021-07-14,2021,7,BOC AVIATION (URAL AIRLINES),A,Asia-Pacific,A321neo,A320 Family,1.0,ODs-December-2021-Airbus-Commercial-Aircraft.xlsx,20210714
delivery,2021-07-15,2021,7,AMERICAN AIRLINES,N,North America,A321neo,A320 Family,1.0,ODs-December-2021-Airbus-Commercial-Aircraft.xlsx,20210715
delivery,2021-07-19,2021,7,AERCAP (AIR MACAU),E,Europe and CIS,A321neo,A320 Family,1.0,ODs-December-2021-Airbus-Commercial-Aircraft.xlsx,20210719
delivery,2021-07-22,2021,7,SMBC AVIATION CAPITAL (AEROFLOT RUSSIAN AIRLINES),E,Europe and CIS,A321neo,A320 Family,1.0,ODs-December-2021-Airbus-Commercial-Aircraft.xlsx,20210722
delivery,2021-07-23,2021,7,BOC AVIATION (TAP AIR PORTUGAL),A,Asia-Pacific,A321neo,A320 Family,1.0,ODs-December-2021-Airbus-Commercial-Aircraft.xlsx,20210723
delivery,2021-07-23,2021,7,VIETJET AIR,A,Asia-Pacific,A321neo,A320 Family,1.0,ODs-December-2021-Airbus-Commercial-Aircraft.xlsx,20210723
delivery,2021-07-23,2021,7,WIZZ AIR (WIZZ AIR HUNGARY),E,Europe and CIS,A321neo,A320 Family,1.0,ODs-December-2021-Airbus-Commercial-Aircraft.xlsx,20210723
delivery,2021-07-26,2021,7,AIR LEASE CORPORATION (SKY AIRLINE),N,North America,A321neo,A320 Family,1.0,ODs-December-2021-Airbus-Commercial-Aircraft.xlsx,20210726
delivery,2021-07-26,2021,7,NAS AVIATION SERVICES (BAMBOO AIRWAYS),N,North America,A321neo,A320 Family,1.0,ODs-December-2021-Airbus-Commercial-Aircraft.xlsx,20210726
delivery,2021-07-27,2021,7,SICHUAN AIRLINES,A,Asia-Pacific,A321neo,A320 Family,1.0,ODs-December-2021-Airbus-Commercial-Aircraft.xlsx,20210727
delivery,2021-07-28,2021,7,SMBC AVIATION CAPITAL (AEGEAN AIRLINES),E,Europe and CIS,A321neo,A320 Family,1.0,ODs-December-2021-Airbus-Commercial-Aircraft.xlsx,20210728
delivery,2021-07-29,2021,7,CHINA SOUTHERN AIRLINES,A,Asia-Pacific,A321neo,A320 Family,1.0,ODs-December-2021-Airbus-Commercial-Aircraft.xlsx,20210729
delivery,2021-07-30,2021,7,LUFTHANSA,E,Europe and CIS,A321neo,A320 Family,1.0,ODs-December-2021-Airbus-Commercial-Aircraft.xlsx,20210730
delivery,2021-07-30,2021,7,TURKISH AIRLINES,E,Europe and CIS,A321neo,A320 Family,1.0,ODs-December-2021-Airbus-Commercial-Aircraft.xlsx,20210730
delivery,2021-07-30,2021,7,VIVA AEROBUS,L,Latin America & Caribbean,A321neo,A320 Family,1.0,ODs-December-2021-Airbus-Commercial-Aircraft.xlsx,20210730
delivery,2021-08-02,2021,8,AVIATION CAPITAL GROUP (SIBERIA AIRLINES),N,North America,A321neo,A320 Family,1.0,ODs-December-2021-Airbus-Commercial-Aircraft.xlsx,20210802
delivery,2021-08-03,2021,8,WIZZ AIR (WIZZ AIR HUNGARY),E,Europe and CIS,A321neo,A320 Family,1.0,ODs-December-2021-Airbus-Commercial-Aircraft.xlsx,20210803
delivery,2021-08-04,2021,8,ANA HOLDINGS (ALL NIPPON AIRWAYS),A,Asia-Pacific,A321neo,A320 Family,1.0,ODs-December-2021-Airbus-Commercial-Aircraft.xlsx,20210804
delivery,2021-08-04,2021,8,WIZZ AIR (WIZZ AIR HUNGARY),E,Europe and CIS,A321neo,A320 Family,1.0,ODs-December-2021-Airbus-Commercial-Aircraft.xlsx,20210804
delivery,2021-08-10,2021,8,SICHUAN AIRLINES,A,Asia-Pacific,A321neo,A320 Family,1.0,ODs-December-2021-Airbus-Commercial-Aircraft.xlsx,20210810
delivery,2021-08-12,2021,8,NAS AVIATION SERVICES (AIR CHINA),N,North America,A321neo,A320 Family,1.0,ODs-December-2021-Airbus-Commercial-Aircraft.xlsx,20210812
delivery,2021-08-12,2021,8,WIZZ AIR (WIZZ AIR HUNGARY),E,Europe and CIS,A321neo,A320 Family,1.0,ODs-December-2021-Airbus-Commercial-Aircraft.xlsx,20210812
delivery,2021-08-13,2021,8,AERCAP (LOONG AIR),E,Europe and CIS,A321neo,A320 Family,1.0,ODs-December-2021-Airbus-Commercial-Aircraft.xlsx,20210813
delivery,2021-08-13,2021,8,INDIGO,A,Asia-Pacific,A321neo,A320 Family,1.0,ODs-December-2021-Airbus-Commercial-Aircraft.xlsx,20210813
delivery,2021-08-17,2021,8,ANA HOLDINGS (ALL NIPPON AIRWAYS),A,Asia-Pacific,A321neo,A320 Family,1.0,ODs-December-2021-Airbus-Commercial-Aircraft.xlsx,20210817
delivery,2021-08-18,2021,8,JETBLUE AIRWAYS,N,North America,A321neo,A320 Family,1.0,ODs-December-2021-Airbus-Commercial-Aircraft.xlsx,20210818
delivery,2021-08-23,2021,8,AIR LEASE CORPORATION (AIR ASTANA),N,North America,A321neo,A320 Family,1.0,ODs-December-2021-Airbus-Commercial-Aircraft.xlsx,20210823
delivery,2021-08-26,2021,8,SMBC AVIATION CAPITAL (SCOOT),E,Europe and CIS,A321neo,A320 Family,1.0,ODs-December-2021-Airbus-Commercial-Aircraft.xlsx,20210826
delivery,2021-08-27,2021,8,CHINA SOUTHERN AIRLINES,A,Asia-Pacific,A321neo,A320 Family,1.0,ODs-December-2021-Airbus-Commercial-Aircraft.xlsx,20210827
delivery,2021-08-30,2021,8,GULF AIR,M,Middle East,A321neo,A320 Family,1.0,ODs-December-2021-Airbus-Commercial-Aircraft.xlsx,20210830
delivery,2021-08-31,2021,8,INDIGO,A,Asia-Pacific,A321neo,A320 Family,1.0,ODs-December-2021-Airbus-Commercial-Aircraft.xlsx,20210831
delivery,2021-09-02,2021,9,AMERICAN AIRLINES,N,North America,A321neo,A320 Family,1.0,ODs-December-2021-Airbus-Commercial-Aircraft.xlsx,20210902
delivery,2021-09-07,2021,9,WIZZ AIR (WIZZ AIR HUNGARY),E,Europe and CIS,A321neo,A320 Family,1.0,ODs-December-2021-Airbus-Commercial-Aircraft.xlsx,20210907
delivery,2021-09-08,2021,9,AIR LEASE CORPORATION (SKY AIRLINE),N,North America,A321neo,A320 Family,1.0,ODs-December-2021-Airbus-Commercial-Aircraft.xlsx,20210908
delivery,2021-09-13,2021,9,AIR LEASE CORPORATION (SIBERIA AIRLINES),N,North America,A321neo,A320 Family,1.0,ODs-December-2021-Airbus-Commercial-Aircraft.xlsx,20210913
delivery,2021-09-16,2021,9,INDIGO,A,Asia-Pacific,A321neo,A320 Family,1.0,ODs-December-2021-Airbus-Commercial-Aircraft.xlsx,20210916
delivery,2021-09-21,2021,9,AIR LEASE CORPORATION (SCANDINAVIAN AIRLINES),N,North America,A321neo,A320 Family,1.0,ODs-December-2021-Airbus-Commercial-Aircraft.xlsx,20210921
delivery,2021-09-21,2021,9,AMERICAN AIRLINES,N,North America,A321neo,A320 Family,1.0,ODs-December-2021-Airbus-Commercial-Aircraft.xlsx,20210921
delivery,2021-09-27,2021,9,ANA HOLDINGS (ALL NIPPON AIRWAYS),A,Asia-Pacific,A321neo,A320 Family,1.0,ODs-December-2021-Airbus-Commercial-Aircraft.xlsx,20210927
delivery,2021-09-30,2021,9,AIR LEASE CORPORATION (AZORES AIRLINES),N,North America,A321neo,A320 Family,1.0,ODs-December-2021-Airbus-Commercial-Aircraft.xlsx,20210930
delivery,2021-10-04,2021,10,AIR LEASE CORPORATION (VISTARA),N,North America,A321neo,A320 Family,1.0,ODs-December-2021-Airbus-Commercial-Aircraft.xlsx,20211004
delivery,2021-10-05,2021,10,NAS AVIATION SERVICES (JETSTAR JAPAN),N,North America,A321neo,A320 Family,1.0,ODs-December-2021-Airbus-Commercial-Aircraft.xlsx,20211005
delivery,2021-10-07,2021,10,AMERICAN AIRLINES,N,North America,A321neo,A320 Family,1.0,ODs-December-2021-Airbus-Commercial-Aircraft.xlsx,20211007
delivery,2021-10-08,2021,10,INDIGO,A,Asia-Pacific,A321neo,A320 Family,1.0,ODs-December-2021-Airbus-Commercial-Aircraft.xlsx,20211008
delivery,2021-10-14,2021,10,NAS AVIATION SERVICES (AIR CHINA),N,North America,A321neo,A320 Family,2.0,ODs-December-2021-Airbus-Commercial-Aircraft.xlsx,20211014
delivery,2021-10-18,2021,10,WIZZ AIR (WIZZ AIR HUNGARY),E,Europe and CIS,A321neo,A320 Family,1.0,ODs-December-2021-Airbus-Commercial-Aircraft.xlsx,20211018
delivery,2021-10-27,2021,10,SPRING AIRLINES,A,Asia-Pacific,A321neo,A320 Family,1.0,ODs-December-2021-Airbus-Commercial-Aircraft.xlsx,20211027
delivery,2021-10-29,2021,10,AERCAP (QINGDAO AIRLINES),E,Europe and CIS,A321neo,A320 Family,1.0,ODs-December-2021-Airbus-Commercial-Aircraft.xlsx,20211029
delivery,2021-10-29,2021,10,SMBC AVIATION CAPITAL (AIR BUSAN),E,Europe and CIS,A321neo,A320 Family,1.0,ODs-December-2021-Airbus-Commercial-Aircraft.xlsx,20211029
delivery,2021-10-29,2021,10,WIZZ AIR (WIZZ AIR HUNGARY),E,Europe and CIS,A321neo,A320 Family,1.0,ODs-December-2021-Airbus-Commercial-Aircraft.xlsx,20211029
delivery,2021-10-30,2021,10,AVIATION CAPITAL GROUP (SIBERIA AIRLINES),N,North America,A321neo,A320 Family,1.0,ODs-December-2021-Airbus-Commercial-Aircraft.xlsx,20211030
delivery,2021-11-02,2021,11,AMERICAN AIRLINES,N,North America,A321neo,A320 Family,1.0,ODs-December-2021-Airbus-Commercial-Aircraft.xlsx,20211102
delivery,2021-11-05,2021,11,VIVA AEROBUS,L,Latin America & Caribbean,A321neo,A320 Family,1.0,ODs-December-2021-Airbus-Commercial-Aircraft.xlsx,20211105
delivery,2021-11-08,2021,11,AERCAP (LOONG AIR),E,Europe and CIS,A321neo,A320 Family,1.0,ODs-December-2021-Airbus-Commercial-Aircraft.xlsx,20211108
delivery,2021-11-09,2021,11,AERCAP (LOONG AIR),E,Europe and CIS,A321neo,A320 Family,1.0,ODs-December-2021-Airbus-Commercial-Aircraft.xlsx,20211109
delivery,2021-11-09,2021,11,AMERICAN AIRLINES,N,North America,A321neo,A320 Family,1.0,ODs-December-2021-Airbus-Commercial-Aircraft.xlsx,20211109
delivery,2021-11-16,2021,11,AMERICAN AIRLINES,N,North America,A321neo,A320 Family,1.0,ODs-December-2021-Airbus-Commercial-Aircraft.xlsx,20211116
delivery,2021-11-16,2021,11,ANA HOLDINGS (ALL NIPPON AIRWAYS),A,Asia-Pacific,A321neo,A320 Family,1.0,ODs-December-2021-Airbus-Commercial-Aircraft.xlsx,20211116
delivery,2021-11-18,2021,11,SMBC AVIATION CAPITAL (URAL AIRLINES),E,Europe and CIS,A321neo,A320 Family,1.0,ODs-December-2021-Airbus-Commercial-Aircraft.xlsx,20211118
delivery,2021-11-18,2021,11,WIZZ AIR (WIZZ AIR HUNGARY),E,Europe and CIS,A321neo,A320 Family,1.0,ODs-December-2021-Airbus-Commercial-Aircraft.xlsx,20211118
delivery,2021-11-22,2021,11,INDIGO,A,Asia-Pacific,A321neo,A320 Family,1.0,ODs-December-2021-Airbus-Commercial-Aircraft.xlsx,20211122
delivery,2021-11-23,2021,11,CATHAY PACIFIC AIRCRAFT SERVICES LIMITED (CATHAY PACIFIC),A,Asia-Pacific,A321neo,A320 Family,1.0,ODs-December-2021-Airbus-Commercial-Aircraft.xlsx,20211123
delivery,2021-11-26,2021,11,AERCAP (QINGDAO AIRLINES),E,Europe and CIS,A321neo,A320 Family,1.0,ODs-December-2021-Airbus-Commercial-Aircraft.xlsx,20211126
delivery,2021-11-26,2021,11,PEGASUS AIRLINES,E,Europe and CIS,A321neo,A320 Family,1.0,ODs-December-2021-Airbus-Commercial-Aircraft.xlsx,20211126
delivery,2021-11-29,2021,11,AIR LEASE CORPORATION (CHINA AIRLINES),N,North America,A321neo,A320 Family,1.0,ODs-December-2021-Airbus-Commercial-Aircraft.xlsx,20211129
delivery,2021-11-29,2021,11,INDIGO,A,Asia-Pacific,A321neo,A320 Family,1.0,ODs-December-2021-Airbus-Commercial-Aircraft.xlsx,20211129
delivery,2021-11-30,2021,11,INDIGO,A,Asia-Pacific,A321neo,A320 Family,2.0,ODs-December-2021-Airbus-Commercial-Aircraft.xlsx,20211130
delivery,2021-11-30,2021,11,NAS AVIATION SERVICES (AIR CHINA),N,North America,A321neo,A320 Family,1.0,ODs-December-2021-Airbus-Commercial-Aircraft.xlsx,20211130
delivery,2021-12-01,2021,12,AIR LEASE CORPORATION (AIR ASTANA),N,North America,A321neo,A320 Family,1.0,ODs-December-2021-Airbus-Commercial-Aircraft.xlsx,20211201
delivery,2021-12-02,2021,12,AMERICAN AIRLINES,N,North America,A321neo,A320 Family,1.0,ODs-December-2021-Airbus-Commercial-Aircraft.xlsx,20211202
delivery,2021-12-03,2021,12,INDIGO,A,Asia-Pacific,A321neo,A320 Family,1.0,ODs-December-2021-Airbus-Commercial-Aircraft.xlsx,20211203
delivery,2021-12-03,2021,12,NAS AVIATION SERVICES (AIR CHINA),N,North America,A321neo,A320 Family,1.0,ODs-December-2021-Airbus-Commercial-Aircraft.xlsx,20211203
delivery,2021-12-08,2021,12,AIR LEASE CORPORATION (PEACH),N,North America,A321neo,A320 Family,1.0,ODs-December-2021-Airbus-Commercial-Aircraft.xlsx,20211208
delivery,2021-12-08,2021,12,INDIGO,A,Asia-Pacific,A321neo,A320 Family,1.0,ODs-December-2021-Airbus-Commercial-Aircraft.xlsx,20211208
delivery,2021-12-09,2021,12,AIR LEASE CORPORATION (SKY AIRLINE),N,North America,A321neo,A320 Family,1.0,ODs-December-2021-Airbus-Commercial-Aircraft.xlsx,20211209
delivery,2021-12-09,2021,12,LUFTHANSA TECHNIK,E,Europe and CIS,A321neo,A320 Family,1.0,ODs-December-2021-Airbus-Commercial-Aircraft.xlsx,20211209
delivery,2021-12-09,2021,12,WIZZ AIR,E,Europe and CIS,A321neo,A320 Family,1.0,ODs-December-2021-Airbus-Commercial-Aircraft.xlsx,20211209
delivery,2021-12-10,2021,12,WIZZ AIR,E,Europe and CIS,A321neo,A320 Family,1.0,ODs-December-2021-Airbus-Commercial-Aircraft.xlsx,20211210
delivery,2021-12-13,2021,12,AIR LEASE CORPORATION (CHINA AIRLINES),N,North America,A321neo,A320 Family,1.0,ODs-December-2021-Airbus-Commercial-Aircraft.xlsx,20211213
delivery,2021-12-14,2021,12,VIVA AEROBUS,L,Latin America & Caribbean,A321neo,A320 Family,1.0,ODs-December-2021-Airbus-Commercial-Aircraft.xlsx,20211214
delivery,2021-12-16,2021,12,WIZZ AIR,E,Europe and CIS,A321neo,A320 Family,1.0,ODs-December-2021-Airbus-Commercial-Aircraft.xlsx,20211216
delivery,2021-12-20,2021,12,ANA HOLDINGS (ALL NIPPON AIRWAYS),A,Asia-Pacific,A321neo,A320 Family,1.0,ODs-December-2021-Airbus-Commercial-Aircraft.xlsx,20211220
delivery,2021-12-21,2021,12,LUFTHANSA TECHNIK,E,Europe and CIS,A321neo,A320 Family,1.0,ODs-December-2021-Airbus-Commercial-Aircraft.xlsx,20211221
delivery,2021-12-22,2021,12,AMERICAN AIRLINES,N,North America,A321neo,A320 Family,1.0,ODs-December-2021-Airbus-Commercial-Aircraft.xlsx,20211222
delivery,2021-12-22,2021,12,BOC AVIATION (AZUL),A,Asia-Pacific,A321neo,A320 Family,1.0,ODs-December-2021-Airbus-Commercial-Aircraft.xlsx,20211222
delivery,2021-12-22,2021,12,SMBC AVIATION CAPITAL (URAL AIRLINES),E,Europe and CIS,A321neo,A320 Family,1.0,ODs-December-2021-Airbus-Commercial-Aircraft.xlsx,20211222
delivery,2021-12-23,2021,12,SMBC AVIATION CAPITAL (SCOOT),E,Europe and CIS,A321neo,A320 Family,1.0,ODs-December-2021-Airbus-Commercial-Aircraft.xlsx,20211223
delivery,2021-12-23,2021,12,WIZZ AIR,E,Europe and CIS,A321neo,A320 Family,1.0,ODs-December-2021-Airbus-Commercial-Aircraft.xlsx,20211223
delivery,2021-12-27,2021,12,AIR LEASE CORPORATION (SICHUAN AIRLINES),N,North America,A321neo,A320 Family,1.0,ODs-December-2021-Airbus-Commercial-Aircraft.xlsx,20211227
delivery,2021-12-27,2021,12,QINGDAO AIRLINES,A,Asia-Pacific,A321neo,A320 Family,1.0,ODs-December-2021-Airbus-Commercial-Aircraft.xlsx,20211227
delivery,2021-12-29,2021,12,AERCAP (LOONG AIR),E,Europe and CIS,A321neo,A320 Family,1.0,ODs-December-2021-Airbus-Commercial-Aircraft.xlsx,20211229
delivery,2021-12-29,2021,12,AIR CHINA,A,Asia-Pacific,A321neo,A320 Family,1.0,ODs-December-2021-Airbus-Commercial-Aircraft.xlsx,20211229
delivery,2021-12-29,2021,12,AIR LEASE CORPORATION (SICHUAN AIRLINES),N,North America,A321neo,A320 Family,1.0,ODs-December-2021-Airbus-Commercial-Aircraft.xlsx,20211229
delivery,2021-12-29,2021,12,SICHUAN AIRLINES,A,Asia-Pacific,A321neo,A320 Family,1.0,ODs-December-2021-Airbus-Commercial-Aircraft.xlsx,20211229
delivery,2021-12-30,2021,12,ASIANA AIRLINES,A,Asia-Pacific,A321neo,A320 Family,1.0,ODs-December-2021-Airbus-Commercial-Aircraft.xlsx,20211230
delivery,2021-12-30,2021,12,AVIATION CAPITAL GROUP (STARLUX AIRLINES),N,North America,A321neo,A320 Family,1.0,ODs-December-2021-Airbus-Commercial-Aircraft.xlsx,20211230
delivery,2021-12-30,2021,12,INDIGO,A,Asia-Pacific,A321neo,A320 Family,1.0,ODs-December-2021-Airbus-Commercial-Aircraft.xlsx,20211230
delivery,2021-12-30,2021,12,SMBC AVIATION CAPITAL (SCOOT),E,Europe and CIS,A321neo,A320 Family,1.0,ODs-December-2021-Airbus-Commercial-Aircraft.xlsx,20211230
delivery,2021-12-30,2021,12,WIZZ AIR,E,Europe and CIS,A321neo,A320 Family,1.0,ODs-December-2021-Airbus-Commercial-Aircraft.xlsx,20211230
delivery,2021-12-31,2021,12,BOC AVIATION (AZUL),A,Asia-Pacific,A321neo,A320 Family,1.0,ODs-December-2021-Airbus-Commercial-Aircraft.xlsx,20211231
delivery,2021-06-25,2021,6,"AIRBUS DEFENCE AND SPACE, S.A.U (DGA)",E,Europe and CIS,A330-200,A330,1.0,ODs-December-2021-Airbus-Commercial-Aircraft.xlsx,20210625
delivery,2021-09-13,2021,9,"AIRBUS DEFENCE AND SPACE, S.A.U (DGA)",E,Europe and CIS,A330-200,A330,1.0,ODs-December-2021-Airbus-Commercial-Aircraft.xlsx,20210913
delivery,2021-11-19,2021,11,"AIRBUS DEFENCE AND SPACE, S.A.U (DGA)",E,Europe and CIS,A330-200,A330,1.0,ODs-December-2021-Airbus-Commercial-Aircraft.xlsx,20211119
delivery,2021-12-17,2021,12,PRIVATE CUSTOMER 84 (K5-AVIATION),E,Europe and CIS,A330-300,A330,1.0,ODs-December-2021-Airbus-Commercial-Aircraft.xlsx,20211217
delivery,2021-01-27,2021,1,UGANDA AIRLINES,F,Africa,A330-800,A330,1.0,ODs-December-2021-Airbus-Commercial-Aircraft.xlsx,20210127
delivery,2021-04-01,2021,4,CIT LEASING (CORSAIR),N,North America,A330-900,A330,1.0,ODs-December-2021-Airbus-Commercial-Aircraft.xlsx,20210401
delivery,2021-04-05,2021,4,DELTA AIR LINES,N,North America,A330-900,A330,1.0,ODs-December-2021-Airbus-Commercial-Aircraft.xlsx,20210405
delivery,2021-05-27,2021,5,DELTA AIR LINES,N,North America,A330-900,A330,1.0,ODs-December-2021-Airbus-Commercial-Aircraft.xlsx,20210527
delivery,2021-06-14,2021,6,AIR LEASE CORPORATION (DELTA AIR LINES),N,North America,A330-900,A330,1.0,ODs-December-2021-Airbus-Commercial-Aircraft.xlsx,20210614
delivery,2021-06-25,2021,6,CIT LEASING (CORSAIR),N,North America,A330-900,A330,1.0,ODs-December-2021-Airbus-Commercial-Aircraft.xlsx,20210625
delivery,2021-09-17,2021,9,BOC AVIATION (LION AIR),A,Asia-Pacific,A330-900,A330,1.0,ODs-December-2021-Airbus-Commercial-Aircraft.xlsx,20210917
delivery,2021-09-24,2021,9,AIRBUS FINANCIAL SERVICES (AIR BELGIUM),,Unknown,A330-900,A330,1.0,ODs-December-2021-Airbus-Commercial-Aircraft.xlsx,20210924
delivery,2021-09-27,2021,9,BOC AVIATION (LION AIR),A,Asia-Pacific,A330-900,A330,1.0,ODs-December-2021-Airbus-Commercial-Aircraft.xlsx,20210927
delivery,2021-11-13,2021,11,MG AVIATION (CORSAIR),A,Asia-Pacific,A330-900,A330,1.0,ODs-December-2021-Airbus-Commercial-Aircraft.xlsx,20211113
delivery,2021-11-19,2021,11,AIR LEASE CORPORATION (SUNCLASS AIRLINES),N,North America,A330-900,A330,1.0,ODs-December-2021-Airbus-Commercial-Aircraft.xlsx,20211119
delivery,2021-11-25,2021,11,CEBU PACIFIC,A,Asia-Pacific,A330-900,A330,1.0,ODs-December-2021-Airbus-Commercial-Aircraft.xlsx,20211125
delivery,2021-11-30,2021,11,AIRBUS FINANCIAL SERVICES (AIR BELGIUM),,Unknown,A330-900,A330,1.0,ODs-December-2021-Airbus-Commercial-Aircraft.xlsx,20211130
delivery,2021-12-15,2021,12,CEBU PACIFIC,A,Asia-Pacific,A330-900,A330,1.0,ODs-December-2021-Airbus-Commercial-Aircraft.xlsx,20211215
delivery,2021-01-28,2021,1,TURKISH AIRLINES,E,Europe and CIS,A350-900,A350,1.0,ODs-December-2021-Airbus-Commercial-Aircraft.xlsx,20210128
delivery,2021-02-26,2021,2,AIR CHINA,A,Asia-Pacific,A350-900,A350,1.0,ODs-December-2021-Airbus-Commercial-Aircraft.xlsx,20210226
delivery,2021-03-12,2021,3,TURKISH AIRLINES,E,Europe and CIS,A350-900,A350,1.0,ODs-December-2021-Airbus-Commercial-Aircraft.xlsx,20210312
delivery,2021-03-16,2021,3,AIR FRANCE,E,Europe and CIS,A350-900,A350,1.0,ODs-December-2021-Airbus-Commercial-Aircraft.xlsx,20210316
delivery,2021-03-19,2021,3,SINGAPORE AIRLINES,A,Asia-Pacific,A350-900,A350,1.0,ODs-December-2021-Airbus-Commercial-Aircraft.xlsx,20210319
delivery,2021-03-26,2021,3,SAS (SCANDINAVIAN AIRLINES),E,Europe and CIS,A350-900,A350,1.0,ODs-December-2021-Airbus-Commercial-Aircraft.xlsx,20210326
delivery,2021-03-26,2021,3,SINGAPORE AIRLINES,A,Asia-Pacific,A350-900,A350,1.0,ODs-December-2021-Airbus-Commercial-Aircraft.xlsx,20210326
delivery,2021-03-31,2021,3,LUFTHANSA TECHNIK,E,Europe and CIS,A350-900,A350,1.0,ODs-December-2021-Airbus-Commercial-Aircraft.xlsx,20210331
delivery,2021-03-31,2021,3,SINGAPORE AIRLINES,A,Asia-Pacific,A350-900,A350,1.0,ODs-December-2021-Airbus-Commercial-Aircraft.xlsx,20210331
delivery,2021-04-06,2021,4,AIR FRANCE,E,Europe and CIS,A350-900,A350,1.0,ODs-December-2021-Airbus-Commercial-Aircraft.xlsx,20210406
delivery,2021-04-16,2021,4,CHINA EASTERN AIRLINES,A,Asia-Pacific,A350-900,A350,1.0,ODs-December-2021-Airbus-Commercial-Aircraft.xlsx,20210416
delivery,2021-04-23,2021,4,CHINA SOUTHERN AIRLINES,A,Asia-Pacific,A350-900,A350,1.0,ODs-December-2021-Airbus-Commercial-Aircraft.xlsx,20210423
delivery,2021-04-26,2021,4,AIR FRANCE,E,Europe and CIS,A350-900,A350,1.0,ODs-December-2021-Airbus-Commercial-Aircraft.xlsx,20210426
delivery,2021-04-30,2021,4,AIR CHINA,A,Asia-Pacific,A350-900,A350,2.0,ODs-December-2021-Airbus-Commercial-Aircraft.xlsx,20210430
delivery,2021-05-05,2021,5,TURKISH AIRLINES,E,Europe and CIS,A350-900,A350,1.0,ODs-December-2021-Airbus-Commercial-Aircraft.xlsx,20210505
delivery,2021-05-27,2021,5,AEROFLOT RUSSIAN AIRLINES,E,Europe and CIS,A350-900,A350,2.0,ODs-December-2021-Airbus-Commercial-Aircraft.xlsx,20210527
delivery,2021-06-07,2021,6,AIR LEASE CORPORATION (WORLD2FLY),N,North America,A350-900,A350,1.0,ODs-December-2021-Airbus-Commercial-Aircraft.xlsx,20210607
delivery,2021-06-11,2021,6,CHINA SOUTHERN AIRLINES,A,Asia-Pacific,A350-900,A350,1.0,ODs-December-2021-Airbus-Commercial-Aircraft.xlsx,20210611
delivery,2021-06-14,2021,6,AIR FRANCE,E,Europe and CIS,A350-900,A350,1.0,ODs-December-2021-Airbus-Commercial-Aircraft.xlsx,20210614
delivery,2021-06-14,2021,6,JAPAN AIRLINES,A,Asia-Pacific,A350-900,A350,1.0,ODs-December-2021-Airbus-Commercial-Aircraft.xlsx,20210614
delivery,2021-06-15,2021,6,AEROFLOT RUSSIAN AIRLINES,E,Europe and CIS,A350-900,A350,1.0,ODs-December-2021-Airbus-Commercial-Aircraft.xlsx,20210615
delivery,2021-06-22,2021,6,SAS (SCANDINAVIAN AIRLINES),E,Europe and CIS,A350-900,A350,1.0,ODs-December-2021-Airbus-Commercial-Aircraft.xlsx,20210622
delivery,2021-06-25,2021,6,SINGAPORE AIRLINES,A,Asia-Pacific,A350-900,A350,1.0,ODs-December-2021-Airbus-Commercial-Aircraft.xlsx,20210625
delivery,2021-06-28,2021,6,AEROFLOT RUSSIAN AIRLINES,E,Europe and CIS,A350-900,A350,1.0,ODs-December-2021-Airbus-Commercial-Aircraft.xlsx,20210628
delivery,2021-06-29,2021,6,AEROFLOT RUSSIAN AIRLINES,E,Europe and CIS,A350-900,A350,1.0,ODs-December-2021-Airbus-Commercial-Aircraft.xlsx,20210629
delivery,2021-07-06,2021,7,AIR FRANCE,E,Europe and CIS,A350-900,A350,1.0,ODs-December-2021-Airbus-Commercial-Aircraft.xlsx,20210706
delivery,2021-07-20,2021,7,CHINA EASTERN AIRLINES,A,Asia-Pacific,A350-900,A350,1.0,ODs-December-2021-Airbus-Commercial-Aircraft.xlsx,20210720
delivery,2021-08-17,2021,8,JAPAN AIRLINES,A,Asia-Pacific,A350-900,A350,1.0,ODs-December-2021-Airbus-Commercial-Aircraft.xlsx,20210817
delivery,2021-08-31,2021,8,CATHAY PACIFIC,A,Asia-Pacific,A350-900,A350,1.0,ODs-December-2021-Airbus-Commercial-Aircraft.xlsx,20210831
delivery,2021-09-09,2021,9,JAPAN AIRLINES,A,Asia-Pacific,A350-900,A350,1.0,ODs-December-2021-Airbus-Commercial-Aircraft.xlsx,20210909
delivery,2021-09-28,2021,9,JAPAN AIRLINES,A,Asia-Pacific,A350-900,A350,1.0,ODs-December-2021-Airbus-Commercial-Aircraft.xlsx,20210928
delivery,2021-10-28,2021,10,LUFTHANSA TECHNIK,E,Europe and CIS,A350-900,A350,1.0,ODs-December-2021-Airbus-Commercial-Aircraft.xlsx,20211028
delivery,2021-11-10,2021,11,JAPAN AIRLINES,A,Asia-Pacific,A350-900,A350,1.0,ODs-December-2021-Airbus-Commercial-Aircraft.xlsx,20211110
delivery,2021-11-24,2021,11,CHINA EASTERN AIRLINES,A,Asia-Pacific,A350-900,A350,1.0,ODs-December-2021-Airbus-Commercial-Aircraft.xlsx,20211124
delivery,2021-12-03,2021,12,AIR FRANCE,E,Europe and CIS,A350-900,A350,1.0,ODs-December-2021-Airbus-Commercial-Aircraft.xlsx,20211203
delivery,2021-12-03,2021,12,ETHIOPIAN AIRLINES,F,Africa,A350-900,A350,1.0,ODs-December-2021-Airbus-Commercial-Aircraft.xlsx,20211203
delivery,2021-12-10,2021,12,ETHIOPIAN AIRLINES,F,Africa,A350-900,A350,1.0,ODs-December-2021-Airbus-Commercial-Aircraft.xlsx,20211210
delivery,2021-12-16,2021,12,JAPAN AIRLINES,A,Asia-Pacific,A350-900,A350,1.0,ODs-December-2021-Airbus-Commercial-Aircraft.xlsx,20211216
delivery,2021-12-20,2021,12,AIR FRANCE,E,Europe and CIS,A350-900,A350,1.0,ODs-December-2021-Airbus-Commercial-Aircraft.xlsx,20211220
delivery,2021-12-27,2021,12,CHINA SOUTHERN AIRLINES,A,Asia-Pacific,A350-900,A350,1.0,ODs-December-2021-Airbus-Commercial-Aircraft.xlsx,20211227
delivery,2021-12-28,2021,12,AIR CHINA,A,Asia-Pacific,A350-900,A350,1.0,ODs-December-2021-Airbus-Commercial-Aircraft.xlsx,20211228
delivery,2021-12-28,2021,12,CHINA SOUTHERN AIRLINES,A,Asia-Pacific,A350-900,A350,1.0,ODs-December-2021-Airbus-Commercial-Aircraft.xlsx,20211228
delivery,2021-12-28,2021,12,FINNAIR,E,Europe and CIS,A350-900,A350,1.0,ODs-December-2021-Airbus-Commercial-Aircraft.xlsx,20211228
delivery,2021-12-29,2021,12,SINGAPORE AIRLINES,A,Asia-Pacific,A350-900,A350,1.0,ODs-December-2021-Airbus-Commercial-Aircraft.xlsx,20211229
delivery,2021-12-30,2021,12,SICHUAN AIRLINES,A,Asia-Pacific,A350-900,A350,1.0,ODs-December-2021-Airbus-Commercial-Aircraft.xlsx,20211230
delivery,2021-12-31,2021,12,AEROFLOT RUSSIAN AIRLINES,E,Europe and CIS,A350-900,A350,2.0,ODs-December-2021-Airbus-Commercial-Aircraft.xlsx,20211231
delivery,2021-03-04,2021,3,CATHAY PACIFIC,A,Asia-Pacific,A350-1000,A350,1.0,ODs-December-2021-Airbus-Commercial-Aircraft.xlsx,20210304
delivery,2021-06-04,2021,6,AIR CARAIBES,E,Europe and CIS,A350-1000,A350,1.0,ODs-December-2021-Airbus-Commercial-Aircraft.xlsx,20210604
delivery,2021-06-25,2021,6,CATHAY PACIFIC,A,Asia-Pacific,A350-1000,A350,1.0,ODs-December-2021-Airbus-Commercial-Aircraft.xlsx,20210625
delivery,2021-12-01,2021,12,AIR LEASE CORPORATION (VIRGIN ATLANTIC AIRWAYS),N,North America,A350-1000,A350,1.0,ODs-December-2021-Airbus-Commercial-Aircraft.xlsx,20211201
delivery,2021-12-14,2021,12,AIR LEASE CORPORATION (AIR CARAIBES),N,North America,A350-1000,A350,1.0,ODs-December-2021-Airbus-Commercial-Aircraft.xlsx,20211214
delivery,2021-12-15,2021,12,AIR LEASE CORPORATION (FRENCH BEE),N,North America,A350-1000,A350,1.0,ODs-December-2021-Airbus-Commercial-Aircraft.xlsx,20211215
delivery,2021-05-12,2021,5,EMIRATES,M,Middle East,A380,A380,1.0,ODs-December-2021-Airbus-Commercial-Aircraft.xlsx,20210512
delivery,2021-06-18,2021,6,EMIRATES,M,Middle East,A380,A380,1.0,ODs-December-2021-Airbus-Commercial-Aircraft.xlsx,20210618
delivery,2021-10-07,2021,10,EMIRATES,M,Middle East,A380,A380,1.0,ODs-December-2021-Airbus-Commercial-Aircraft.xlsx,20211007
delivery,2021-12-10,2021,12,EMIRATES,M,Middle East,A380,A380,1.0,ODs-December-2021-Airbus-Commercial-Aircraft.xlsx,20211210
delivery,2021-12-16,2021,12,EMIRATES,M,Middle East,A380,A380,1.0,ODs-December-2021-Airbus-Commercial-Aircraft.xlsx,20211216
order,2022-01-10,2022,1,AZORRA AVIATION,,Unknown,A220-100,A220,2.0,ODs-December-2022-Airbus-Commercial-Aircraft.xlsx,20220110
order,2022-05-18,2022,5,PRIVATE CUSTOMER,,Unknown,A220-100,A220,1.0,ODs-December-2022-Airbus-Commercial-Aircraft.xlsx,20220518
order,2022-06-28,2022,6,PRIVATE CUSTOMER,,Unknown,A220-100,A220,1.0,ODs-December-2022-Airbus-Commercial-Aircraft.xlsx,20220628
order,2022-01-10,2022,1,AZORRA AVIATION,,Unknown,A220-300,A220,20.0,ODs-December-2022-Airbus-Commercial-Aircraft.xlsx,20220110
order,2022-02-16,2022,2,AVIATION CAPITAL GROUP,,Unknown,A220-300,A220,20.0,ODs-December-2022-Airbus-Commercial-Aircraft.xlsx,20220216
order,2022-02-17,2022,2,JETBLUE AIRWAYS,,Unknown,A220-300,A220,30.0,ODs-December-2022-Airbus-Commercial-Aircraft.xlsx,20220217
order,2022-06-30,2022,6,QANTAS AIRWAYS,,Unknown,A220-300,A220,20.0,ODs-December-2022-Airbus-Commercial-Aircraft.xlsx,20220630
order,2022-07-18,2022,7,DELTA AIR LINES,,Unknown,A220-300,A220,12.0,ODs-December-2022-Airbus-Commercial-Aircraft.xlsx,20220718
order,2022-10-05,2022,10,AIR CANADA,,Unknown,A220-300,A220,15.0,ODs-December-2022-Airbus-Commercial-Aircraft.xlsx,20221005
order,2022-11-28,2022,11,CROATIA AIRLINES,,Unknown,A220-300,A220,6.0,ODs-December-2022-Airbus-Commercial-Aircraft.xlsx,20221128
order,2022-04-02,2022,4,UNDISCLOSED,,Unknown,A319neo,A320 Family,2.0,ODs-December-2022-Airbus-Commercial-Aircraft.xlsx,20220402
order,2022-06-28,2022,6,PRIVATE CUSTOMER,,Unknown,A319neo,A320 Family,1.0,ODs-December-2022-Airbus-Commercial-Aircraft.xlsx,20220628
order,2022-07-19,2022,7,CHINA SOUTHERN AIRLINES,,Unknown,A319neo,A320 Family,9.0,ODs-December-2022-Airbus-Commercial-Aircraft.xlsx,20220719
order,2022-07-20,2022,7,AIR CHINA,,Unknown,A319neo,A320 Family,5.0,ODs-December-2022-Airbus-Commercial-Aircraft.xlsx,20220720
order,2022-01-03,2022,1,UNDISCLOSED,,Unknown,A320neo,A320 Family,6.0,ODs-December-2022-Airbus-Commercial-Aircraft.xlsx,20220103
order,2022-02-01,2022,2,AER LINGUS,,Unknown,A320neo,A320 Family,2.0,ODs-December-2022-Airbus-Commercial-Aircraft.xlsx,20220201
order,2022-02-03,2022,2,JAZEERA AIRWAYS,,Unknown,A320neo,A320 Family,20.0,ODs-December-2022-Airbus-Commercial-Aircraft.xlsx,20220203
order,2022-03-01,2022,3,UNDISCLOSED,,Unknown,A320neo,A320 Family,13.0,ODs-December-2022-Airbus-Commercial-Aircraft.xlsx,20220301
order,2022-03-03,2022,3,UNDISCLOSED,,Unknown,A320neo,A320 Family,46.0,ODs-December-2022-Airbus-Commercial-Aircraft.xlsx,20220303
order,2022-03-08,2022,3,PRIVATE CUSTOMER,,Unknown,A320neo,A320 Family,1.0,ODs-December-2022-Airbus-Commercial-Aircraft.xlsx,20220308
order,2022-04-02,2022,4,UNDISCLOSED,,Unknown,A320neo,A320 Family,6.0,ODs-December-2022-Airbus-Commercial-Aircraft.xlsx,20220402
order,2022-04-20,2022,4,BOC AVIATION,,Unknown,A320neo,A320 Family,20.0,ODs-December-2022-Airbus-Commercial-Aircraft.xlsx,20220420
order,2022-05-10,2022,5,INTERNATIONAL AIRLINES GROUP - IAG,,Unknown,A320neo,A320 Family,6.0,ODs-December-2022-Airbus-Commercial-Aircraft.xlsx,20220510
order,2022-06-30,2022,6,INTERNATIONAL AIRLINES GROUP - IAG,,Unknown,A320neo,A320 Family,5.0,ODs-December-2022-Airbus-Commercial-Aircraft.xlsx,20220630
order,2022-07-19,2022,7,CHINA SOUTHERN AIRLINES,,Unknown,A320neo,A320 Family,23.0,ODs-December-2022-Airbus-Commercial-Aircraft.xlsx,20220719
order,2022-07-20,2022,7,AIR CHINA,,Unknown,A320neo,A320 Family,9.0,ODs-December-2022-Airbus-Commercial-Aircraft.xlsx,20220720
order,2022-07-20,2022,7,SHENZHEN AIRLINES,,Unknown,A320neo,A320 Family,18.0,ODs-December-2022-Airbus-Commercial-Aircraft.xlsx,20220720
order,2022-07-25,2022,7,EASYJET,,Unknown,A320neo,A320 Family,56.0,ODs-December-2022-Airbus-Commercial-Aircraft.xlsx,20220725
order,2022-07-29,2022,7,CHINA EASTERN AIRLINES,,Unknown,A320neo,A320 Family,32.0,ODs-December-2022-Airbus-Commercial-Aircraft.xlsx,20220729
order,2022-09-20,2022,9,PRIVATE CUSTOMER,,Unknown,A320neo,A320 Family,1.0,ODs-December-2022-Airbus-Commercial-Aircraft.xlsx,20220920
order,2022-09-27,2022,9,SICHUAN AIRLINES,,Unknown,A320neo,A320 Family,3.0,ODs-December-2022-Airbus-Commercial-Aircraft.xlsx,20220927
order,2022-10-13,2022,10,XIAMEN AIRLINES,,Unknown,A320neo,A320 Family,25.0,ODs-December-2022-Airbus-Commercial-Aircraft.xlsx,20221013
order,2022-10-17,2022,10,JET2.PLC,,Unknown,A320neo,A320 Family,35.0,ODs-December-2022-Airbus-Commercial-Aircraft.xlsx,20221017
order,2022-10-27,2022,10,INTERNATIONAL AIRLINES GROUP - IAG,,Unknown,A320neo,A320 Family,31.0,ODs-December-2022-Airbus-Commercial-Aircraft.xlsx,20221027
order,2022-11-04,2022,11,CDB LEASING,,Unknown,A320neo,A320 Family,2.0,ODs-December-2022-Airbus-Commercial-Aircraft.xlsx,20221104
order,2022-11-04,2022,11,CONDOR,,Unknown,A320neo,A320 Family,4.0,ODs-December-2022-Airbus-Commercial-Aircraft.xlsx,20221104
order,2022-11-30,2022,11,AER LINGUS,,Unknown,A320neo,A320 Family,2.0,ODs-December-2022-Airbus-Commercial-Aircraft.xlsx,20221130
order,2022-11-30,2022,11,BRITISH AIRWAYS,,Unknown,A320neo,A320 Family,4.0,ODs-December-2022-Airbus-Commercial-Aircraft.xlsx,20221130
order,2022-01-03,2022,1,UNDISCLOSED,,Unknown,A321neo,A320 Family,2.0,ODs-December-2022-Airbus-Commercial-Aircraft.xlsx,20220103
order,2022-01-31,2022,1,AIR CANADA,,Unknown,A321neo,A320 Family,6.0,ODs-December-2022-Airbus-Commercial-Aircraft.xlsx,20220131
order,2022-02-03,2022,2,JAZEERA AIRWAYS,,Unknown,A321neo,A320 Family,8.0,ODs-December-2022-Airbus-Commercial-Aircraft.xlsx,20220203
order,2022-02-07,2022,2,UNDISCLOSED,,Unknown,A321neo,A320 Family,20.0,ODs-December-2022-Airbus-Commercial-Aircraft.xlsx,20220207
order,2022-02-20,2022,2,KUWAIT AIRWAYS,,Unknown,A321neo,A320 Family,3.0,ODs-December-2022-Airbus-Commercial-Aircraft.xlsx,20220220
order,2022-03-01,2022,3,UNDISCLOSED,,Unknown,A321neo,A320 Family,41.0,ODs-December-2022-Airbus-Commercial-Aircraft.xlsx,20220301
order,2022-03-21,2022,3,IBERIA,,Unknown,A321neo,A320 Family,3.0,ODs-December-2022-Airbus-Commercial-Aircraft.xlsx,20220321
order,2022-04-11,2022,4,IBERIA,,Unknown,A321neo,A320 Family,2.0,ODs-December-2022-Airbus-Commercial-Aircraft.xlsx,20220411
order,2022-04-20,2022,4,BOC AVIATION,,Unknown,A321neo,A320 Family,60.0,ODs-December-2022-Airbus-Commercial-Aircraft.xlsx,20220420
order,2022-04-26,2022,4,AIR CANADA,,Unknown,A321neo,A320 Family,4.0,ODs-December-2022-Airbus-Commercial-Aircraft.xlsx,20220426
order,2022-05-10,2022,5,INTERNATIONAL AIRLINES GROUP - IAG,,Unknown,A321neo,A320 Family,2.0,ODs-December-2022-Airbus-Commercial-Aircraft.xlsx,20220510
order,2022-06-30,2022,6,INTERNATIONAL AIRLINES GROUP - IAG,,Unknown,A321neo,A320 Family,1.0,ODs-December-2022-Airbus-Commercial-Aircraft.xlsx,20220630
order,2022-06-30,2022,6,PEGASUS AIRLINES,,Unknown,A321neo,A320 Family,8.0,ODs-December-2022-Airbus-Commercial-Aircraft.xlsx,20220630
order,2022-06-30,2022,6,QANTAS AIRWAYS,,Unknown,A321neo,A320 Family,20.0,ODs-December-2022-Airbus-Commercial-Aircraft.xlsx,20220630
order,2022-07-07,2022,7,AMERICAN AIRLINES,,Unknown,A321neo,A320 Family,4.0,ODs-December-2022-Airbus-Commercial-Aircraft.xlsx,20220707
order,2022-07-08,2022,7,JET2.PLC,,Unknown,A321neo,A320 Family,3.0,ODs-December-2022-Airbus-Commercial-Aircraft.xlsx,20220708
order,2022-07-13,2022,7,SPIRIT AIRLINES,,Unknown,A321neo,A320 Family,5.0,ODs-December-2022-Airbus-Commercial-Aircraft.xlsx,20220713
order,2022-07-19,2022,7,CHINA SOUTHERN AIRLINES,,Unknown,A321neo,A320 Family,64.0,ODs-December-2022-Airbus-Commercial-Aircraft.xlsx,20220719
order,2022-07-20,2022,7,AIR CHINA,,Unknown,A321neo,A320 Family,50.0,ODs-December-2022-Airbus-Commercial-Aircraft.xlsx,20220720
order,2022-07-20,2022,7,LATAM AIRLINES GROUP,,Unknown,A321neo,A320 Family,17.0,ODs-December-2022-Airbus-Commercial-Aircraft.xlsx,20220720
order,2022-07-20,2022,7,SHENZHEN AIRLINES,,Unknown,A321neo,A320 Family,14.0,ODs-December-2022-Airbus-Commercial-Aircraft.xlsx,20220720
order,2022-07-26,2022,7,UNDISCLOSED,,Unknown,A321neo,A320 Family,10.0,ODs-December-2022-Airbus-Commercial-Aircraft.xlsx,20220726
order,2022-07-29,2022,7,CHINA EASTERN AIRLINES,,Unknown,A321neo,A320 Family,68.0,ODs-December-2022-Airbus-Commercial-Aircraft.xlsx,20220729
order,2022-09-27,2022,9,SICHUAN AIRLINES,,Unknown,A321neo,A320 Family,3.0,ODs-December-2022-Airbus-Commercial-Aircraft.xlsx,20220927
order,2022-09-29,2022,9,UNDISCLOSED,,Unknown,A321neo,A320 Family,4.0,ODs-December-2022-Airbus-Commercial-Aircraft.xlsx,20220929
order,2022-10-13,2022,10,XIAMEN AIRLINES,,Unknown,A321neo,A320 Family,15.0,ODs-December-2022-Airbus-Commercial-Aircraft.xlsx,20221013
order,2022-10-17,2022,10,UNDISCLOSED,,Unknown,A321neo,A320 Family,28.0,ODs-December-2022-Airbus-Commercial-Aircraft.xlsx,20221017
order,2022-10-27,2022,10,INTERNATIONAL AIRLINES GROUP - IAG,,Unknown,A321neo,A320 Family,28.0,ODs-December-2022-Airbus-Commercial-Aircraft.xlsx,20221027
order,2022-11-04,2022,11,CONDOR,,Unknown,A321neo,A320 Family,6.0,ODs-December-2022-Airbus-Commercial-Aircraft.xlsx,20221104
order,2022-11-30,2022,11,BRITISH AIRWAYS,,Unknown,A321neo,A320 Family,2.0,ODs-December-2022-Airbus-Commercial-Aircraft.xlsx,20221130
order,2022-02-20,2022,2,KUWAIT AIRWAYS,,Unknown,A330-900,A330,3.0,ODs-December-2022-Airbus-Commercial-Aircraft.xlsx,20220220
order,2022-06-29,2022,6,DELTA AIR LINES,,Unknown,A330-900,A330,1.0,ODs-December-2022-Airbus-Commercial-Aircraft.xlsx,20220629
order,2022-09-20,2022,9,AIR COTE D'IVOIRE,,Unknown,A330-900,A330,2.0,ODs-December-2022-Airbus-Commercial-Aircraft.xlsx,20220920
order,2022-11-04,2022,11,AZUL FINANCE LLC,,Unknown,A330-900,A330,3.0,ODs-December-2022-Airbus-Commercial-Aircraft.xlsx,20221104
order,2022-12-22,2022,12,CIT LEASING,,Unknown,A330-900,A330,10.0,ODs-December-2022-Airbus-Commercial-Aircraft.xlsx,20221222
order,2022-02-17,2022,2,SINGAPORE AIRLINES,,Unknown,A350F,A350,7.0,ODs-December-2022-Airbus-Commercial-Aircraft.xlsx,20220217
order,2022-04-15,2022,4,AIR FRANCE,,Unknown,A350F,A350,4.0,ODs-December-2022-Airbus-Commercial-Aircraft.xlsx,20220415
order,2022-06-22,2022,6,ETIHAD AIRWAYS,,Unknown,A350F,A350,7.0,ODs-December-2022-Airbus-Commercial-Aircraft.xlsx,20220622
order,2022-06-30,2022,6,SILK WAY WEST AIRLINES,,Unknown,A350F,A350,2.0,ODs-December-2022-Airbus-Commercial-Aircraft.xlsx,20220630
order,2022-12-19,2022,12,UNDISCLOSED,,Unknown,A350F,A350,4.0,ODs-December-2022-Airbus-Commercial-Aircraft.xlsx,20221219
order,2022-05-20,2022,5,TURKISH AIRLINES,,Unknown,A350-900,A350,4.0,ODs-December-2022-Airbus-Commercial-Aircraft.xlsx,20220520
order,2022-07-29,2022,7,TURKISH AIRLINES,,Unknown,A350-900,A350,2.0,ODs-December-2022-Airbus-Commercial-Aircraft.xlsx,20220729
order,2022-12-22,2022,12,FINANCIAL INSTITUTIONS,,Unknown,A350-900,A350,2.0,ODs-December-2022-Airbus-Commercial-Aircraft.xlsx,20221222
order,2022-06-30,2022,6,QANTAS AIRWAYS,,Unknown,A350-1000,A350,12.0,ODs-December-2022-Airbus-Commercial-Aircraft.xlsx,20220630
delivery,2022-01-04,2022,1,COMLUX,E,Europe and CIS,A220-100,A220,1.0,ODs-December-2022-Airbus-Commercial-Aircraft.xlsx,20220104
delivery,2022-01-31,2022,1,DELTA AIR LINES,N,North America,A220-100,A220,1.0,ODs-December-2022-Airbus-Commercial-Aircraft.xlsx,20220131
delivery,2022-02-17,2022,2,DELTA AIR LINES,N,North America,A220-100,A220,1.0,ODs-December-2022-Airbus-Commercial-Aircraft.xlsx,20220217
delivery,2022-03-07,2022,3,DELTA AIR LINES,N,North America,A220-100,A220,1.0,ODs-December-2022-Airbus-Commercial-Aircraft.xlsx,20220307
delivery,2022-03-31,2022,3,DELTA AIR LINES,N,North America,A220-100,A220,1.0,ODs-December-2022-Airbus-Commercial-Aircraft.xlsx,20220331
delivery,2022-10-19,2022,10,COMLUX,E,Europe and CIS,A220-100,A220,1.0,ODs-December-2022-Airbus-Commercial-Aircraft.xlsx,20221019
delivery,2022-02-22,2022,2,AIRBALTIC,E,Europe and CIS,A220-300,A220,1.0,ODs-December-2022-Airbus-Commercial-Aircraft.xlsx,20220222
delivery,2022-02-25,2022,2,AIR FRANCE,E,Europe and CIS,A220-300,A220,1.0,ODs-December-2022-Airbus-Commercial-Aircraft.xlsx,20220225
delivery,2022-02-28,2022,2,BREEZE AIRWAYS,N,North America,A220-300,A220,1.0,ODs-December-2022-Airbus-Commercial-Aircraft.xlsx,20220228
delivery,2022-03-18,2022,3,AIR FRANCE,E,Europe and CIS,A220-300,A220,1.0,ODs-December-2022-Airbus-Commercial-Aircraft.xlsx,20220318
delivery,2022-03-29,2022,3,BREEZE AIRWAYS,N,North America,A220-300,A220,1.0,ODs-December-2022-Airbus-Commercial-Aircraft.xlsx,20220329
delivery,2022-03-31,2022,3,AIR CANADA,N,North America,A220-300,A220,1.0,ODs-December-2022-Airbus-Commercial-Aircraft.xlsx,20220331
delivery,2022-04-07,2022,4,JETBLUE AIRWAYS,N,North America,A220-300,A220,1.0,ODs-December-2022-Airbus-Commercial-Aircraft.xlsx,20220407
delivery,2022-04-19,2022,4,JETBLUE AIRWAYS,N,North America,A220-300,A220,1.0,ODs-December-2022-Airbus-Commercial-Aircraft.xlsx,20220419
delivery,2022-04-21,2022,4,BREEZE AIRWAYS,N,North America,A220-300,A220,1.0,ODs-December-2022-Airbus-Commercial-Aircraft.xlsx,20220421
delivery,2022-04-22,2022,4,AIRBALTIC,E,Europe and CIS,A220-300,A220,1.0,ODs-December-2022-Airbus-Commercial-Aircraft.xlsx,20220422
delivery,2022-05-06,2022,5,AIR FRANCE,E,Europe and CIS,A220-300,A220,1.0,ODs-December-2022-Airbus-Commercial-Aircraft.xlsx,20220506
delivery,2022-05-20,2022,5,AIRBALTIC,E,Europe and CIS,A220-300,A220,1.0,ODs-December-2022-Airbus-Commercial-Aircraft.xlsx,20220520
delivery,2022-05-27,2022,5,AIRBALTIC,E,Europe and CIS,A220-300,A220,1.0,ODs-December-2022-Airbus-Commercial-Aircraft.xlsx,20220527
delivery,2022-05-27,2022,5,BREEZE AIRWAYS,N,North America,A220-300,A220,1.0,ODs-December-2022-Airbus-Commercial-Aircraft.xlsx,20220527
delivery,2022-06-07,2022,6,AIR CANADA,N,North America,A220-300,A220,1.0,ODs-December-2022-Airbus-Commercial-Aircraft.xlsx,20220607
delivery,2022-06-08,2022,6,BREEZE AIRWAYS,N,North America,A220-300,A220,1.0,ODs-December-2022-Airbus-Commercial-Aircraft.xlsx,20220608
delivery,2022-06-09,2022,6,AIR CANADA,N,North America,A220-300,A220,1.0,ODs-December-2022-Airbus-Commercial-Aircraft.xlsx,20220609
delivery,2022-06-16,2022,6,DELTA AIR LINES,N,North America,A220-300,A220,1.0,ODs-December-2022-Airbus-Commercial-Aircraft.xlsx,20220616
delivery,2022-06-22,2022,6,AIR FRANCE,E,Europe and CIS,A220-300,A220,1.0,ODs-December-2022-Airbus-Commercial-Aircraft.xlsx,20220622
delivery,2022-06-30,2022,6,JETBLUE AIRWAYS,N,North America,A220-300,A220,1.0,ODs-December-2022-Airbus-Commercial-Aircraft.xlsx,20220630
delivery,2022-07-05,2022,7,AIR FRANCE,E,Europe and CIS,A220-300,A220,1.0,ODs-December-2022-Airbus-Commercial-Aircraft.xlsx,20220705
delivery,2022-07-11,2022,7,BREEZE AIRWAYS,N,North America,A220-300,A220,1.0,ODs-December-2022-Airbus-Commercial-Aircraft.xlsx,20220711
delivery,2022-07-14,2022,7,AIR FRANCE,E,Europe and CIS,A220-300,A220,1.0,ODs-December-2022-Airbus-Commercial-Aircraft.xlsx,20220714
delivery,2022-07-27,2022,7,JETBLUE AIRWAYS,N,North America,A220-300,A220,1.0,ODs-December-2022-Airbus-Commercial-Aircraft.xlsx,20220727
delivery,2022-07-29,2022,7,AIR CANADA,N,North America,A220-300,A220,1.0,ODs-December-2022-Airbus-Commercial-Aircraft.xlsx,20220729
delivery,2022-09-01,2022,9,AIR LEASE CORPORATION (ITA AIRWAYS),N,North America,A220-300,A220,1.0,ODs-December-2022-Airbus-Commercial-Aircraft.xlsx,20220901
delivery,2022-09-16,2022,9,AIR LEASE CORPORATION (ITA AIRWAYS),N,North America,A220-300,A220,1.0,ODs-December-2022-Airbus-Commercial-Aircraft.xlsx,20220916
delivery,2022-09-19,2022,9,BREEZE AIRWAYS,N,North America,A220-300,A220,1.0,ODs-December-2022-Airbus-Commercial-Aircraft.xlsx,20220919
delivery,2022-09-29,2022,9,DELTA AIR LINES,N,North America,A220-300,A220,1.0,ODs-December-2022-Airbus-Commercial-Aircraft.xlsx,20220929
delivery,2022-10-12,2022,10,AIR LEASE CORPORATION (ITA AIRWAYS),N,North America,A220-300,A220,1.0,ODs-December-2022-Airbus-Commercial-Aircraft.xlsx,20221012
delivery,2022-10-14,2022,10,AIR LEASE CORPORATION (ITA AIRWAYS),N,North America,A220-300,A220,1.0,ODs-December-2022-Airbus-Commercial-Aircraft.xlsx,20221014
delivery,2022-10-20,2022,10,BREEZE AIRWAYS,N,North America,A220-300,A220,1.0,ODs-December-2022-Airbus-Commercial-Aircraft.xlsx,20221020
delivery,2022-10-28,2022,10,AIR FRANCE,E,Europe and CIS,A220-300,A220,1.0,ODs-December-2022-Airbus-Commercial-Aircraft.xlsx,20221028
delivery,2022-11-07,2022,11,DELTA AIR LINES,N,North America,A220-300,A220,1.0,ODs-December-2022-Airbus-Commercial-Aircraft.xlsx,20221107
delivery,2022-11-08,2022,11,AIR FRANCE,E,Europe and CIS,A220-300,A220,1.0,ODs-December-2022-Airbus-Commercial-Aircraft.xlsx,20221108
delivery,2022-11-28,2022,11,BREEZE AIRWAYS,N,North America,A220-300,A220,1.0,ODs-December-2022-Airbus-Commercial-Aircraft.xlsx,20221128
delivery,2022-11-29,2022,11,AIR FRANCE,E,Europe and CIS,A220-300,A220,1.0,ODs-December-2022-Airbus-Commercial-Aircraft.xlsx,20221129
delivery,2022-11-30,2022,11,AIRBALTIC,E,Europe and CIS,A220-300,A220,2.0,ODs-December-2022-Airbus-Commercial-Aircraft.xlsx,20221130
delivery,2022-12-12,2022,12,JETBLUE AIRWAYS,N,North America,A220-300,A220,1.0,ODs-December-2022-Airbus-Commercial-Aircraft.xlsx,20221212
delivery,2022-12-27,2022,12,JETBLUE AIRWAYS,N,North America,A220-300,A220,1.0,ODs-December-2022-Airbus-Commercial-Aircraft.xlsx,20221227
delivery,2022-12-28,2022,12,BREEZE AIRWAYS,N,North America,A220-300,A220,1.0,ODs-December-2022-Airbus-Commercial-Aircraft.xlsx,20221228
delivery,2022-12-29,2022,12,AIR CANADA,N,North America,A220-300,A220,1.0,ODs-December-2022-Airbus-Commercial-Aircraft.xlsx,20221229
delivery,2022-12-29,2022,12,DELTA AIR LINES,N,North America,A220-300,A220,1.0,ODs-December-2022-Airbus-Commercial-Aircraft.xlsx,20221229
delivery,2022-12-30,2022,12,AIRBALTIC,E,Europe and CIS,A220-300,A220,1.0,ODs-December-2022-Airbus-Commercial-Aircraft.xlsx,20221230
delivery,2022-12-30,2022,12,IRAQI AIRWAYS,M,Middle East,A220-300,A220,1.0,ODs-December-2022-Airbus-Commercial-Aircraft.xlsx,20221230
delivery,2022-12-31,2022,12,AIR FRANCE,E,Europe and CIS,A220-300,A220,1.0,ODs-December-2022-Airbus-Commercial-Aircraft.xlsx,20221231
delivery,2022-02-17,2022,2,CHINA SOUTHERN AIRLINES,A,Asia-Pacific,A319neo,A320 Family,2.0,ODs-December-2022-Airbus-Commercial-Aircraft.xlsx,20220217
delivery,2022-06-07,2022,6,CHINA SOUTHERN AIRLINES,A,Asia-Pacific,A319neo,A320 Family,1.0,ODs-December-2022-Airbus-Commercial-Aircraft.xlsx,20220607
delivery,2022-07-05,2022,7,PRIVATE CUSTOMER,,Unknown,A319neo,A320 Family,1.0,ODs-December-2022-Airbus-Commercial-Aircraft.xlsx,20220705
delivery,2022-08-25,2022,8,CHINA SOUTHERN AIRLINES,A,Asia-Pacific,A319neo,A320 Family,1.0,ODs-December-2022-Airbus-Commercial-Aircraft.xlsx,20220825
delivery,2022-09-26,2022,9,TIBET AIRLINES,A,Asia-Pacific,A319neo,A320 Family,1.0,ODs-December-2022-Airbus-Commercial-Aircraft.xlsx,20220926
delivery,2022-01-13,2022,1,SPIRIT AIRLINES,N,North America,A320neo,A320 Family,1.0,ODs-December-2022-Airbus-Commercial-Aircraft.xlsx,20220113
delivery,2022-01-18,2022,1,INDIGO,A,Asia-Pacific,A320neo,A320 Family,1.0,ODs-December-2022-Airbus-Commercial-Aircraft.xlsx,20220118
delivery,2022-01-20,2022,1,AERCAP (S7 AIRLINES),E,Europe and CIS,A320neo,A320 Family,1.0,ODs-December-2022-Airbus-Commercial-Aircraft.xlsx,20220120
delivery,2022-01-20,2022,1,FRONTIER AIRLINES,N,North America,A320neo,A320 Family,1.0,ODs-December-2022-Airbus-Commercial-Aircraft.xlsx,20220120
delivery,2022-01-21,2022,1,BOCOMM LEASING (AIR CHINA),A,Asia-Pacific,A320neo,A320 Family,1.0,ODs-December-2022-Airbus-Commercial-Aircraft.xlsx,20220121
delivery,2022-01-24,2022,1,INDIGO,A,Asia-Pacific,A320neo,A320 Family,1.0,ODs-December-2022-Airbus-Commercial-Aircraft.xlsx,20220124
delivery,2022-01-25,2022,1,SPIRIT AIRLINES,N,North America,A320neo,A320 Family,1.0,ODs-December-2022-Airbus-Commercial-Aircraft.xlsx,20220125
delivery,2022-01-27,2022,1,QINGDAO AIRLINES,A,Asia-Pacific,A320neo,A320 Family,1.0,ODs-December-2022-Airbus-Commercial-Aircraft.xlsx,20220127
delivery,2022-01-28,2022,1,CALC (CHINA EASTERN AIRLINES),A,Asia-Pacific,A320neo,A320 Family,1.0,ODs-December-2022-Airbus-Commercial-Aircraft.xlsx,20220128
delivery,2022-01-28,2022,1,IBERIA,E,Europe and CIS,A320neo,A320 Family,1.0,ODs-December-2022-Airbus-Commercial-Aircraft.xlsx,20220128
delivery,2022-01-28,2022,1,SPRING AIRLINES,A,Asia-Pacific,A320neo,A320 Family,1.0,ODs-December-2022-Airbus-Commercial-Aircraft.xlsx,20220128
delivery,2022-01-29,2022,1,BOCOMM LEASING (SICHUAN AIRLINES),A,Asia-Pacific,A320neo,A320 Family,1.0,ODs-December-2022-Airbus-Commercial-Aircraft.xlsx,20220129
delivery,2022-01-29,2022,1,SPRING AIRLINES,A,Asia-Pacific,A320neo,A320 Family,1.0,ODs-December-2022-Airbus-Commercial-Aircraft.xlsx,20220129
delivery,2022-02-03,2022,2,VIVA AIR (VIVA AIR COLOMBIA),L,Latin America & Caribbean,A320neo,A320 Family,1.0,ODs-December-2022-Airbus-Commercial-Aircraft.xlsx,20220203
delivery,2022-02-07,2022,2,SAUDIA (FLYADEAL),M,Middle East,A320neo,A320 Family,1.0,ODs-December-2022-Airbus-Commercial-Aircraft.xlsx,20220207
delivery,2022-02-08,2022,2,SAS,E,Europe and CIS,A320neo,A320 Family,1.0,ODs-December-2022-Airbus-Commercial-Aircraft.xlsx,20220208
delivery,2022-02-10,2022,2,TUNISAIR,F,Africa,A320neo,A320 Family,1.0,ODs-December-2022-Airbus-Commercial-Aircraft.xlsx,20220210
delivery,2022-02-16,2022,2,IBERIA,E,Europe and CIS,A320neo,A320 Family,1.0,ODs-December-2022-Airbus-Commercial-Aircraft.xlsx,20220216
delivery,2022-02-16,2022,2,INDIGO,A,Asia-Pacific,A320neo,A320 Family,1.0,ODs-December-2022-Airbus-Commercial-Aircraft.xlsx,20220216
delivery,2022-02-17,2022,2,CDB LEASING (SMARTAVIA AIRLINES),A,Asia-Pacific,A320neo,A320 Family,1.0,ODs-December-2022-Airbus-Commercial-Aircraft.xlsx,20220217
delivery,2022-02-18,2022,2,BOCOMM LEASING (SICHUAN AIRLINES),A,Asia-Pacific,A320neo,A320 Family,1.0,ODs-December-2022-Airbus-Commercial-Aircraft.xlsx,20220218
delivery,2022-02-18,2022,2,FLYNAS,M,Middle East,A320neo,A320 Family,1.0,ODs-December-2022-Airbus-Commercial-Aircraft.xlsx,20220218
delivery,2022-02-22,2022,2,AVOLON (PEACH),E,Europe and CIS,A320neo,A320 Family,1.0,ODs-December-2022-Airbus-Commercial-Aircraft.xlsx,20220222
delivery,2022-02-22,2022,2,CMB FINANCIAL LEASING (CHINA EASTERN AIRLINES),A,Asia-Pacific,A320neo,A320 Family,1.0,ODs-December-2022-Airbus-Commercial-Aircraft.xlsx,20220222
delivery,2022-02-24,2022,2,CHINA EXPRESS AIRLINES (HUAXIA AIRLINES),A,Asia-Pacific,A320neo,A320 Family,1.0,ODs-December-2022-Airbus-Commercial-Aircraft.xlsx,20220224
delivery,2022-02-25,2022,2,CHINA EXPRESS AIRLINES (HUAXIA AIRLINES),A,Asia-Pacific,A320neo,A320 Family,1.0,ODs-December-2022-Airbus-Commercial-Aircraft.xlsx,20220225
delivery,2022-02-28,2022,2,BOCOMM LEASING (AIR CHINA),A,Asia-Pacific,A320neo,A320 Family,1.0,ODs-December-2022-Airbus-Commercial-Aircraft.xlsx,20220228
delivery,2022-03-04,2022,3,SPRING AIRLINES,A,Asia-Pacific,A320neo,A320 Family,1.0,ODs-December-2022-Airbus-Commercial-Aircraft.xlsx,20220304
delivery,2022-03-07,2022,3,SAUDIA (FLYADEAL),M,Middle East,A320neo,A320 Family,1.0,ODs-December-2022-Airbus-Commercial-Aircraft.xlsx,20220307
delivery,2022-03-08,2022,3,SPIRIT AIRLINES,N,North America,A320neo,A320 Family,1.0,ODs-December-2022-Airbus-Commercial-Aircraft.xlsx,20220308
delivery,2022-03-09,2022,3,NAS AVIATION SERVICES (AVIANCA),N,North America,A320neo,A320 Family,1.0,ODs-December-2022-Airbus-Commercial-Aircraft.xlsx,20220309
delivery,2022-03-09,2022,3,QINGDAO AIRLINES,A,Asia-Pacific,A320neo,A320 Family,1.0,ODs-December-2022-Airbus-Commercial-Aircraft.xlsx,20220309
delivery,2022-03-10,2022,3,CDB LEASING,A,Asia-Pacific,A320neo,A320 Family,1.0,ODs-December-2022-Airbus-Commercial-Aircraft.xlsx,20220310
delivery,2022-03-10,2022,3,FRONTIER AIRLINES,N,North America,A320neo,A320 Family,1.0,ODs-December-2022-Airbus-Commercial-Aircraft.xlsx,20220310
delivery,2022-03-10,2022,3,PEACH,A,Asia-Pacific,A320neo,A320 Family,1.0,ODs-December-2022-Airbus-Commercial-Aircraft.xlsx,20220310
delivery,2022-03-16,2022,3,SAS,E,Europe and CIS,A320neo,A320 Family,1.0,ODs-December-2022-Airbus-Commercial-Aircraft.xlsx,20220316
delivery,2022-03-16,2022,3,SWISS,E,Europe and CIS,A320neo,A320 Family,1.0,ODs-December-2022-Airbus-Commercial-Aircraft.xlsx,20220316
delivery,2022-03-16,2022,3,VOLARIS,L,Latin America & Caribbean,A320neo,A320 Family,1.0,ODs-December-2022-Airbus-Commercial-Aircraft.xlsx,20220316
delivery,2022-03-21,2022,3,FLYNAS,M,Middle East,A320neo,A320 Family,1.0,ODs-December-2022-Airbus-Commercial-Aircraft.xlsx,20220321
delivery,2022-03-23,2022,3,AIR LEASE CORPORATION (VISTARA),N,North America,A320neo,A320 Family,1.0,ODs-December-2022-Airbus-Commercial-Aircraft.xlsx,20220323
delivery,2022-03-24,2022,3,AVIATION CAPITAL GROUP (COLORFUL GUIZHOU AIRLINES),N,North America,A320neo,A320 Family,1.0,ODs-December-2022-Airbus-Commercial-Aircraft.xlsx,20220324
delivery,2022-03-24,2022,3,CALC (SICHUAN AIRLINES),A,Asia-Pacific,A320neo,A320 Family,1.0,ODs-December-2022-Airbus-Commercial-Aircraft.xlsx,20220324
delivery,2022-03-25,2022,3,CHINA EXPRESS AIRLINES (HUAXIA AIRLINES),A,Asia-Pacific,A320neo,A320 Family,1.0,ODs-December-2022-Airbus-Commercial-Aircraft.xlsx,20220325
delivery,2022-03-28,2022,3,IBERIA,E,Europe and CIS,A320neo,A320 Family,1.0,ODs-December-2022-Airbus-Commercial-Aircraft.xlsx,20220328
delivery,2022-03-31,2022,3,AVOLON,E,Europe and CIS,A320neo,A320 Family,1.0,ODs-December-2022-Airbus-Commercial-Aircraft.xlsx,20220331
delivery,2022-03-31,2022,3,CALC (CHINA EASTERN AIRLINES),A,Asia-Pacific,A320neo,A320 Family,1.0,ODs-December-2022-Airbus-Commercial-Aircraft.xlsx,20220331
delivery,2022-03-31,2022,3,ICBC (TIGERAIR TAIWAN),A,Asia-Pacific,A320neo,A320 Family,1.0,ODs-December-2022-Airbus-Commercial-Aircraft.xlsx,20220331
delivery,2022-03-31,2022,3,LUFTHANSA (EUROWINGS),E,Europe and CIS,A320neo,A320 Family,1.0,ODs-December-2022-Airbus-Commercial-Aircraft.xlsx,20220331
delivery,2022-03-31,2022,3,SAS,E,Europe and CIS,A320neo,A320 Family,1.0,ODs-December-2022-Airbus-Commercial-Aircraft.xlsx,20220331
delivery,2022-04-01,2022,4,CHINA EXPRESS AIRLINES (HUAXIA AIRLINES),A,Asia-Pacific,A320neo,A320 Family,1.0,ODs-December-2022-Airbus-Commercial-Aircraft.xlsx,20220401
delivery,2022-04-14,2022,4,FRONTIER AIRLINES,N,North America,A320neo,A320 Family,1.0,ODs-December-2022-Airbus-Commercial-Aircraft.xlsx,20220414
delivery,2022-04-15,2022,4,BOC AVIATION (AZUL),A,Asia-Pacific,A320neo,A320 Family,1.0,ODs-December-2022-Airbus-Commercial-Aircraft.xlsx,20220415
delivery,2022-04-19,2022,4,CALC (CHINA EASTERN AIRLINES),A,Asia-Pacific,A320neo,A320 Family,1.0,ODs-December-2022-Airbus-Commercial-Aircraft.xlsx,20220419
delivery,2022-04-20,2022,4,SAUDIA (FLYADEAL),M,Middle East,A320neo,A320 Family,1.0,ODs-December-2022-Airbus-Commercial-Aircraft.xlsx,20220420
delivery,2022-04-20,2022,4,VISTARA,A,Asia-Pacific,A320neo,A320 Family,1.0,ODs-December-2022-Airbus-Commercial-Aircraft.xlsx,20220420
delivery,2022-04-21,2022,4,CEBU PACIFIC,A,Asia-Pacific,A320neo,A320 Family,1.0,ODs-December-2022-Airbus-Commercial-Aircraft.xlsx,20220421
delivery,2022-04-22,2022,4,CALC (CHINA EASTERN AIRLINES),A,Asia-Pacific,A320neo,A320 Family,1.0,ODs-December-2022-Airbus-Commercial-Aircraft.xlsx,20220422
delivery,2022-04-22,2022,4,CMB FINANCIAL LEASING (CHINA EASTERN AIRLINES),A,Asia-Pacific,A320neo,A320 Family,1.0,ODs-December-2022-Airbus-Commercial-Aircraft.xlsx,20220422
delivery,2022-04-22,2022,4,QINGDAO AIRLINES,A,Asia-Pacific,A320neo,A320 Family,1.0,ODs-December-2022-Airbus-Commercial-Aircraft.xlsx,20220422
delivery,2022-04-26,2022,4,NAS AVIATION SERVICES (AVIANCA),N,North America,A320neo,A320 Family,1.0,ODs-December-2022-Airbus-Commercial-Aircraft.xlsx,20220426
delivery,2022-04-26,2022,4,SPIRIT AIRLINES,N,North America,A320neo,A320 Family,1.0,ODs-December-2022-Airbus-Commercial-Aircraft.xlsx,20220426
delivery,2022-04-28,2022,4,CHENGDU AIRLINES,A,Asia-Pacific,A320neo,A320 Family,1.0,ODs-December-2022-Airbus-Commercial-Aircraft.xlsx,20220428
delivery,2022-04-28,2022,4,FRONTIER AIRLINES,N,North America,A320neo,A320 Family,1.0,ODs-December-2022-Airbus-Commercial-Aircraft.xlsx,20220428
delivery,2022-04-29,2022,4,AVOLON,E,Europe and CIS,A320neo,A320 Family,1.0,ODs-December-2022-Airbus-Commercial-Aircraft.xlsx,20220429
delivery,2022-04-29,2022,4,BOCOMM LEASING (CHINA EASTERN AIRLINES),A,Asia-Pacific,A320neo,A320 Family,1.0,ODs-December-2022-Airbus-Commercial-Aircraft.xlsx,20220429
delivery,2022-04-29,2022,4,CALC (CHINA EASTERN AIRLINES),A,Asia-Pacific,A320neo,A320 Family,1.0,ODs-December-2022-Airbus-Commercial-Aircraft.xlsx,20220429
delivery,2022-04-29,2022,4,VIVA AIR (VIVA AIR COLOMBIA),L,Latin America & Caribbean,A320neo,A320 Family,1.0,ODs-December-2022-Airbus-Commercial-Aircraft.xlsx,20220429
delivery,2022-04-29,2022,4,VOLARIS,L,Latin America & Caribbean,A320neo,A320 Family,1.0,ODs-December-2022-Airbus-Commercial-Aircraft.xlsx,20220429
delivery,2022-04-30,2022,4,ICBC (VOLARIS),A,Asia-Pacific,A320neo,A320 Family,1.0,ODs-December-2022-Airbus-Commercial-Aircraft.xlsx,20220430
delivery,2022-05-09,2022,5,INDIGO,A,Asia-Pacific,A320neo,A320 Family,1.0,ODs-December-2022-Airbus-Commercial-Aircraft.xlsx,20220509
delivery,2022-05-09,2022,5,VOLARIS,L,Latin America & Caribbean,A320neo,A320 Family,1.0,ODs-December-2022-Airbus-Commercial-Aircraft.xlsx,20220509
delivery,2022-05-10,2022,5,SAS (SAS CONNECT),E,Europe and CIS,A320neo,A320 Family,1.0,ODs-December-2022-Airbus-Commercial-Aircraft.xlsx,20220510
delivery,2022-05-11,2022,5,FLYNAS,M,Middle East,A320neo,A320 Family,1.0,ODs-December-2022-Airbus-Commercial-Aircraft.xlsx,20220511
delivery,2022-05-11,2022,5,SAUDIA (FLYADEAL),M,Middle East,A320neo,A320 Family,1.0,ODs-December-2022-Airbus-Commercial-Aircraft.xlsx,20220511
delivery,2022-05-12,2022,5,INDIGO,A,Asia-Pacific,A320neo,A320 Family,1.0,ODs-December-2022-Airbus-Commercial-Aircraft.xlsx,20220512
delivery,2022-05-19,2022,5,INDIGO,A,Asia-Pacific,A320neo,A320 Family,1.0,ODs-December-2022-Airbus-Commercial-Aircraft.xlsx,20220519
delivery,2022-05-20,2022,5,CALC (CHINA EASTERN AIRLINES),A,Asia-Pacific,A320neo,A320 Family,1.0,ODs-December-2022-Airbus-Commercial-Aircraft.xlsx,20220520
delivery,2022-05-24,2022,5,SPIRIT AIRLINES,N,North America,A320neo,A320 Family,1.0,ODs-December-2022-Airbus-Commercial-Aircraft.xlsx,20220524
delivery,2022-05-25,2022,5,AIR LEASE CORPORATION (VISTARA),N,North America,A320neo,A320 Family,1.0,ODs-December-2022-Airbus-Commercial-Aircraft.xlsx,20220525
delivery,2022-05-25,2022,5,IBERIA,E,Europe and CIS,A320neo,A320 Family,1.0,ODs-December-2022-Airbus-Commercial-Aircraft.xlsx,20220525
delivery,2022-05-25,2022,5,SCOOT,A,Asia-Pacific,A320neo,A320 Family,1.0,ODs-December-2022-Airbus-Commercial-Aircraft.xlsx,20220525
delivery,2022-05-27,2022,5,BOCOMM LEASING (SICHUAN AIRLINES),A,Asia-Pacific,A320neo,A320 Family,1.0,ODs-December-2022-Airbus-Commercial-Aircraft.xlsx,20220527
delivery,2022-05-27,2022,5,SAS (SAS CONNECT),E,Europe and CIS,A320neo,A320 Family,1.0,ODs-December-2022-Airbus-Commercial-Aircraft.xlsx,20220527
delivery,2022-05-30,2022,5,EASYJET,E,Europe and CIS,A320neo,A320 Family,1.0,ODs-December-2022-Airbus-Commercial-Aircraft.xlsx,20220530
delivery,2022-05-30,2022,5,SAUDIA (FLYADEAL),M,Middle East,A320neo,A320 Family,1.0,ODs-December-2022-Airbus-Commercial-Aircraft.xlsx,20220530
delivery,2022-05-31,2022,5,EASYJET,E,Europe and CIS,A320neo,A320 Family,1.0,ODs-December-2022-Airbus-Commercial-Aircraft.xlsx,20220531
delivery,2022-05-31,2022,5,QINGDAO AIRLINES,A,Asia-Pacific,A320neo,A320 Family,1.0,ODs-December-2022-Airbus-Commercial-Aircraft.xlsx,20220531
delivery,2022-05-31,2022,5,VOLARIS,L,Latin America & Caribbean,A320neo,A320 Family,1.0,ODs-December-2022-Airbus-Commercial-Aircraft.xlsx,20220531
delivery,2022-06-01,2022,6,AIR LEASE CORPORATION (VISTARA),N,North America,A320neo,A320 Family,1.0,ODs-December-2022-Airbus-Commercial-Aircraft.xlsx,20220601
delivery,2022-06-08,2022,6,LUFTHANSA (EUROWINGS),E,Europe and CIS,A320neo,A320 Family,1.0,ODs-December-2022-Airbus-Commercial-Aircraft.xlsx,20220608
delivery,2022-06-08,2022,6,SPIRIT AIRLINES,N,North America,A320neo,A320 Family,1.0,ODs-December-2022-Airbus-Commercial-Aircraft.xlsx,20220608
delivery,2022-06-13,2022,6,FLYNAS,M,Middle East,A320neo,A320 Family,1.0,ODs-December-2022-Airbus-Commercial-Aircraft.xlsx,20220613
delivery,2022-06-13,2022,6,VOLARIS,L,Latin America & Caribbean,A320neo,A320 Family,1.0,ODs-December-2022-Airbus-Commercial-Aircraft.xlsx,20220613
delivery,2022-06-16,2022,6,SPIRIT AIRLINES,N,North America,A320neo,A320 Family,1.0,ODs-December-2022-Airbus-Commercial-Aircraft.xlsx,20220616
delivery,2022-06-20,2022,6,IBERIA,E,Europe and CIS,A320neo,A320 Family,1.0,ODs-December-2022-Airbus-Commercial-Aircraft.xlsx,20220620
delivery,2022-06-20,2022,6,NAS AVIATION SERVICES,N,North America,A320neo,A320 Family,1.0,ODs-December-2022-Airbus-Commercial-Aircraft.xlsx,20220620
delivery,2022-06-20,2022,6,SAUDIA (FLYADEAL),M,Middle East,A320neo,A320 Family,1.0,ODs-December-2022-Airbus-Commercial-Aircraft.xlsx,20220620
delivery,2022-06-21,2022,6,CALC (CHINA EASTERN AIRLINES),A,Asia-Pacific,A320neo,A320 Family,1.0,ODs-December-2022-Airbus-Commercial-Aircraft.xlsx,20220621
delivery,2022-06-24,2022,6,CALC (SICHUAN AIRLINES),A,Asia-Pacific,A320neo,A320 Family,1.0,ODs-December-2022-Airbus-Commercial-Aircraft.xlsx,20220624
delivery,2022-06-24,2022,6,SPRING AIRLINES,A,Asia-Pacific,A320neo,A320 Family,1.0,ODs-December-2022-Airbus-Commercial-Aircraft.xlsx,20220624
delivery,2022-06-29,2022,6,BOCOMM LEASING (AIR CHINA),A,Asia-Pacific,A320neo,A320 Family,1.0,ODs-December-2022-Airbus-Commercial-Aircraft.xlsx,20220629
delivery,2022-06-29,2022,6,BOCOMM LEASING (CHINA EASTERN AIRLINES),A,Asia-Pacific,A320neo,A320 Family,1.0,ODs-December-2022-Airbus-Commercial-Aircraft.xlsx,20220629
delivery,2022-06-29,2022,6,LATAM AIRLINES GROUP,L,Latin America & Caribbean,A320neo,A320 Family,1.0,ODs-December-2022-Airbus-Commercial-Aircraft.xlsx,20220629
delivery,2022-06-29,2022,6,SPRING AIRLINES,A,Asia-Pacific,A320neo,A320 Family,1.0,ODs-December-2022-Airbus-Commercial-Aircraft.xlsx,20220629
delivery,2022-06-30,2022,6,CALC (CHINA EASTERN AIRLINES),A,Asia-Pacific,A320neo,A320 Family,1.0,ODs-December-2022-Airbus-Commercial-Aircraft.xlsx,20220630
delivery,2022-06-30,2022,6,FLYNAS,M,Middle East,A320neo,A320 Family,1.0,ODs-December-2022-Airbus-Commercial-Aircraft.xlsx,20220630
delivery,2022-06-30,2022,6,FRONTIER AIRLINES,N,North America,A320neo,A320 Family,1.0,ODs-December-2022-Airbus-Commercial-Aircraft.xlsx,20220630
delivery,2022-06-30,2022,6,JUNEYAO AIRLINES,A,Asia-Pacific,A320neo,A320 Family,1.0,ODs-December-2022-Airbus-Commercial-Aircraft.xlsx,20220630
delivery,2022-06-30,2022,6,SMBC AVIATION CAPITAL (AEGEAN AIRLINES),E,Europe and CIS,A320neo,A320 Family,1.0,ODs-December-2022-Airbus-Commercial-Aircraft.xlsx,20220630
delivery,2022-07-05,2022,7,BOCOMM LEASING (CHINA EASTERN AIRLINES),A,Asia-Pacific,A320neo,A320 Family,1.0,ODs-December-2022-Airbus-Commercial-Aircraft.xlsx,20220705
delivery,2022-07-08,2022,7,ICBC (TIGERAIR TAIWAN),A,Asia-Pacific,A320neo,A320 Family,1.0,ODs-December-2022-Airbus-Commercial-Aircraft.xlsx,20220708
delivery,2022-07-14,2022,7,CEBU PACIFIC,A,Asia-Pacific,A320neo,A320 Family,1.0,ODs-December-2022-Airbus-Commercial-Aircraft.xlsx,20220714
delivery,2022-07-15,2022,7,AVIATION CAPITAL GROUP (COLORFUL GUIZHOU AIRLINES),N,North America,A320neo,A320 Family,1.0,ODs-December-2022-Airbus-Commercial-Aircraft.xlsx,20220715
delivery,2022-07-15,2022,7,SAS,E,Europe and CIS,A320neo,A320 Family,1.0,ODs-December-2022-Airbus-Commercial-Aircraft.xlsx,20220715
delivery,2022-07-25,2022,7,LUFTHANSA (EUROWINGS),E,Europe and CIS,A320neo,A320 Family,1.0,ODs-December-2022-Airbus-Commercial-Aircraft.xlsx,20220725
delivery,2022-07-25,2022,7,SAUDIA (FLYADEAL),M,Middle East,A320neo,A320 Family,1.0,ODs-December-2022-Airbus-Commercial-Aircraft.xlsx,20220725
delivery,2022-07-27,2022,7,SPIRIT AIRLINES,N,North America,A320neo,A320 Family,1.0,ODs-December-2022-Airbus-Commercial-Aircraft.xlsx,20220727
delivery,2022-07-28,2022,7,INDIGO,A,Asia-Pacific,A320neo,A320 Family,1.0,ODs-December-2022-Airbus-Commercial-Aircraft.xlsx,20220728
delivery,2022-07-28,2022,7,SPRING AIRLINES,A,Asia-Pacific,A320neo,A320 Family,1.0,ODs-December-2022-Airbus-Commercial-Aircraft.xlsx,20220728
delivery,2022-07-29,2022,7,CHINA EXPRESS AIRLINES (HUAXIA AIRLINES),A,Asia-Pacific,A320neo,A320 Family,1.0,ODs-December-2022-Airbus-Commercial-Aircraft.xlsx,20220729
delivery,2022-07-29,2022,7,LUFTHANSA (EUROWINGS),E,Europe and CIS,A320neo,A320 Family,1.0,ODs-December-2022-Airbus-Commercial-Aircraft.xlsx,20220729
delivery,2022-07-29,2022,7,NAS AVIATION SERVICES (AIR CHINA),N,North America,A320neo,A320 Family,1.0,ODs-December-2022-Airbus-Commercial-Aircraft.xlsx,20220729
delivery,2022-07-30,2022,7,QINGDAO AIRLINES,A,Asia-Pacific,A320neo,A320 Family,1.0,ODs-December-2022-Airbus-Commercial-Aircraft.xlsx,20220730
delivery,2022-08-01,2022,8,NAS AVIATION SERVICES (AVIANCA),N,North America,A320neo,A320 Family,1.0,ODs-December-2022-Airbus-Commercial-Aircraft.xlsx,20220801
delivery,2022-08-04,2022,8,FRONTIER AIRLINES,N,North America,A320neo,A320 Family,1.0,ODs-December-2022-Airbus-Commercial-Aircraft.xlsx,20220804
delivery,2022-08-04,2022,8,NAS AVIATION SERVICES (AIR CAIRO),N,North America,A320neo,A320 Family,1.0,ODs-December-2022-Airbus-Commercial-Aircraft.xlsx,20220804
delivery,2022-08-04,2022,8,SAS,E,Europe and CIS,A320neo,A320 Family,1.0,ODs-December-2022-Airbus-Commercial-Aircraft.xlsx,20220804
delivery,2022-08-09,2022,8,SAUDIA (FLYADEAL),M,Middle East,A320neo,A320 Family,1.0,ODs-December-2022-Airbus-Commercial-Aircraft.xlsx,20220809
delivery,2022-08-10,2022,8,EASYJET,E,Europe and CIS,A320neo,A320 Family,1.0,ODs-December-2022-Airbus-Commercial-Aircraft.xlsx,20220810
delivery,2022-08-12,2022,8,NAS AVIATION SERVICES (AIR CHINA),N,North America,A320neo,A320 Family,1.0,ODs-December-2022-Airbus-Commercial-Aircraft.xlsx,20220812
delivery,2022-08-18,2022,8,BOCOMM LEASING (CHINA EASTERN AIRLINES),A,Asia-Pacific,A320neo,A320 Family,1.0,ODs-December-2022-Airbus-Commercial-Aircraft.xlsx,20220818
delivery,2022-08-22,2022,8,CALC (SICHUAN AIRLINES),A,Asia-Pacific,A320neo,A320 Family,1.0,ODs-December-2022-Airbus-Commercial-Aircraft.xlsx,20220822
delivery,2022-08-23,2022,8,FRONTIER AIRLINES,N,North America,A320neo,A320 Family,1.0,ODs-December-2022-Airbus-Commercial-Aircraft.xlsx,20220823
delivery,2022-08-24,2022,8,AVOLON (VISTARA),E,Europe and CIS,A320neo,A320 Family,1.0,ODs-December-2022-Airbus-Commercial-Aircraft.xlsx,20220824
delivery,2022-08-24,2022,8,CHINA EXPRESS AIRLINES (HUAXIA AIRLINES),A,Asia-Pacific,A320neo,A320 Family,1.0,ODs-December-2022-Airbus-Commercial-Aircraft.xlsx,20220824
delivery,2022-08-25,2022,8,INDIGO,A,Asia-Pacific,A320neo,A320 Family,1.0,ODs-December-2022-Airbus-Commercial-Aircraft.xlsx,20220825
delivery,2022-08-26,2022,8,LUFTHANSA (EUROWINGS),E,Europe and CIS,A320neo,A320 Family,1.0,ODs-December-2022-Airbus-Commercial-Aircraft.xlsx,20220826
delivery,2022-08-26,2022,8,VOLARIS,L,Latin America & Caribbean,A320neo,A320 Family,1.0,ODs-December-2022-Airbus-Commercial-Aircraft.xlsx,20220826
delivery,2022-08-29,2022,8,INDIGO,A,Asia-Pacific,A320neo,A320 Family,1.0,ODs-December-2022-Airbus-Commercial-Aircraft.xlsx,20220829
delivery,2022-08-30,2022,8,CHENGDU AIRLINES,A,Asia-Pacific,A320neo,A320 Family,1.0,ODs-December-2022-Airbus-Commercial-Aircraft.xlsx,20220830
delivery,2022-08-31,2022,8,INDIGO,A,Asia-Pacific,A320neo,A320 Family,1.0,ODs-December-2022-Airbus-Commercial-Aircraft.xlsx,20220831
delivery,2022-08-31,2022,8,SPIRIT AIRLINES,N,North America,A320neo,A320 Family,1.0,ODs-December-2022-Airbus-Commercial-Aircraft.xlsx,20220831
delivery,2022-09-01,2022,9,GO FIRST,A,Asia-Pacific,A320neo,A320 Family,1.0,ODs-December-2022-Airbus-Commercial-Aircraft.xlsx,20220901
delivery,2022-09-02,2022,9,CALC (CHINA EASTERN AIRLINES),A,Asia-Pacific,A320neo,A320 Family,1.0,ODs-December-2022-Airbus-Commercial-Aircraft.xlsx,20220902
delivery,2022-09-02,2022,9,CDB LEASING (TURKISH AIRLINES),A,Asia-Pacific,A320neo,A320 Family,1.0,ODs-December-2022-Airbus-Commercial-Aircraft.xlsx,20220902
delivery,2022-09-07,2022,9,SPIRIT AIRLINES,N,North America,A320neo,A320 Family,1.0,ODs-December-2022-Airbus-Commercial-Aircraft.xlsx,20220907
delivery,2022-09-07,2022,9,VISTARA,A,Asia-Pacific,A320neo,A320 Family,1.0,ODs-December-2022-Airbus-Commercial-Aircraft.xlsx,20220907
delivery,2022-09-08,2022,9,LUFTHANSA (EUROWINGS),E,Europe and CIS,A320neo,A320 Family,1.0,ODs-December-2022-Airbus-Commercial-Aircraft.xlsx,20220908
delivery,2022-09-13,2022,9,LUFTHANSA (AUSTRIAN AIRLINES),E,Europe and CIS,A320neo,A320 Family,1.0,ODs-December-2022-Airbus-Commercial-Aircraft.xlsx,20220913
delivery,2022-09-14,2022,9,BOCOMM LEASING (CHINA EASTERN AIRLINES),A,Asia-Pacific,A320neo,A320 Family,1.0,ODs-December-2022-Airbus-Commercial-Aircraft.xlsx,20220914
delivery,2022-09-21,2022,9,JAZEERA AIRWAYS,M,Middle East,A320neo,A320 Family,2.0,ODs-December-2022-Airbus-Commercial-Aircraft.xlsx,20220921
delivery,2022-09-22,2022,9,SMBC AVIATION CAPITAL (TURKISH AIRLINES),E,Europe and CIS,A320neo,A320 Family,1.0,ODs-December-2022-Airbus-Commercial-Aircraft.xlsx,20220922
delivery,2022-09-22,2022,9,SPIRIT AIRLINES,N,North America,A320neo,A320 Family,1.0,ODs-December-2022-Airbus-Commercial-Aircraft.xlsx,20220922
delivery,2022-09-23,2022,9,BOCOMM LEASING (CHINA EASTERN AIRLINES),A,Asia-Pacific,A320neo,A320 Family,1.0,ODs-December-2022-Airbus-Commercial-Aircraft.xlsx,20220923
delivery,2022-09-23,2022,9,SAS,E,Europe and CIS,A320neo,A320 Family,1.0,ODs-December-2022-Airbus-Commercial-Aircraft.xlsx,20220923
delivery,2022-09-23,2022,9,SPRING AIRLINES,A,Asia-Pacific,A320neo,A320 Family,1.0,ODs-December-2022-Airbus-Commercial-Aircraft.xlsx,20220923
delivery,2022-09-26,2022,9,SMBC AVIATION CAPITAL (TURKISH AIRLINES),E,Europe and CIS,A320neo,A320 Family,1.0,ODs-December-2022-Airbus-Commercial-Aircraft.xlsx,20220926
delivery,2022-09-27,2022,9,CALC (CHINA EASTERN AIRLINES),A,Asia-Pacific,A320neo,A320 Family,1.0,ODs-December-2022-Airbus-Commercial-Aircraft.xlsx,20220927
delivery,2022-09-28,2022,9,AVIATION CAPITAL GROUP (AIR ASTANA),N,North America,A320neo,A320 Family,1.0,ODs-December-2022-Airbus-Commercial-Aircraft.xlsx,20220928
delivery,2022-09-29,2022,9,INDIGO,A,Asia-Pacific,A320neo,A320 Family,1.0,ODs-December-2022-Airbus-Commercial-Aircraft.xlsx,20220929
delivery,2022-09-30,2022,9,AERCAP (TIANJIN AIRLINES),E,Europe and CIS,A320neo,A320 Family,1.0,ODs-December-2022-Airbus-Commercial-Aircraft.xlsx,20220930
delivery,2022-09-30,2022,9,BRITISH AIRWAYS,E,Europe and CIS,A320neo,A320 Family,1.0,ODs-December-2022-Airbus-Commercial-Aircraft.xlsx,20220930
delivery,2022-09-30,2022,9,IBERIA,E,Europe and CIS,A320neo,A320 Family,1.0,ODs-December-2022-Airbus-Commercial-Aircraft.xlsx,20220930
delivery,2022-09-30,2022,9,PEACH,A,Asia-Pacific,A320neo,A320 Family,1.0,ODs-December-2022-Airbus-Commercial-Aircraft.xlsx,20220930
delivery,2022-10-03,2022,10,INDIGO,A,Asia-Pacific,A320neo,A320 Family,1.0,ODs-December-2022-Airbus-Commercial-Aircraft.xlsx,20221003
delivery,2022-10-07,2022,10,INDIGO,A,Asia-Pacific,A320neo,A320 Family,1.0,ODs-December-2022-Airbus-Commercial-Aircraft.xlsx,20221007
delivery,2022-10-07,2022,10,SAS,E,Europe and CIS,A320neo,A320 Family,1.0,ODs-December-2022-Airbus-Commercial-Aircraft.xlsx,20221007
delivery,2022-10-11,2022,10,FRONTIER AIRLINES,N,North America,A320neo,A320 Family,1.0,ODs-December-2022-Airbus-Commercial-Aircraft.xlsx,20221011
delivery,2022-10-11,2022,10,INDIGO,A,Asia-Pacific,A320neo,A320 Family,1.0,ODs-December-2022-Airbus-Commercial-Aircraft.xlsx,20221011
delivery,2022-10-12,2022,10,BOCOMM LEASING (CHINA EASTERN AIRLINES),A,Asia-Pacific,A320neo,A320 Family,1.0,ODs-December-2022-Airbus-Commercial-Aircraft.xlsx,20221012
delivery,2022-10-13,2022,10,AERCAP (SPIRIT AIRLINES),E,Europe and CIS,A320neo,A320 Family,1.0,ODs-December-2022-Airbus-Commercial-Aircraft.xlsx,20221013
delivery,2022-10-14,2022,10,SPIRIT AIRLINES,N,North America,A320neo,A320 Family,1.0,ODs-December-2022-Airbus-Commercial-Aircraft.xlsx,20221014
delivery,2022-10-17,2022,10,NAS AVIATION SERVICES,N,North America,A320neo,A320 Family,1.0,ODs-December-2022-Airbus-Commercial-Aircraft.xlsx,20221017
delivery,2022-10-18,2022,10,GO FIRST,A,Asia-Pacific,A320neo,A320 Family,1.0,ODs-December-2022-Airbus-Commercial-Aircraft.xlsx,20221018
delivery,2022-10-20,2022,10,INDIGO,A,Asia-Pacific,A320neo,A320 Family,1.0,ODs-December-2022-Airbus-Commercial-Aircraft.xlsx,20221020
delivery,2022-10-20,2022,10,KUWAIT AIRWAYS,M,Middle East,A320neo,A320 Family,1.0,ODs-December-2022-Airbus-Commercial-Aircraft.xlsx,20221020
delivery,2022-10-21,2022,10,SMBC AVIATION CAPITAL (AVIANCA),E,Europe and CIS,A320neo,A320 Family,1.0,ODs-December-2022-Airbus-Commercial-Aircraft.xlsx,20221021
delivery,2022-10-24,2022,10,FLYNAS,M,Middle East,A320neo,A320 Family,1.0,ODs-December-2022-Airbus-Commercial-Aircraft.xlsx,20221024
delivery,2022-10-27,2022,10,NAS AVIATION SERVICES (PLAY),N,North America,A320neo,A320 Family,1.0,ODs-December-2022-Airbus-Commercial-Aircraft.xlsx,20221027
delivery,2022-10-27,2022,10,SPRING AIRLINES,A,Asia-Pacific,A320neo,A320 Family,1.0,ODs-December-2022-Airbus-Commercial-Aircraft.xlsx,20221027
delivery,2022-10-28,2022,10,BRITISH AIRWAYS,E,Europe and CIS,A320neo,A320 Family,1.0,ODs-December-2022-Airbus-Commercial-Aircraft.xlsx,20221028
delivery,2022-10-28,2022,10,FLYNAS,M,Middle East,A320neo,A320 Family,1.0,ODs-December-2022-Airbus-Commercial-Aircraft.xlsx,20221028
delivery,2022-10-28,2022,10,TUNISAIR,F,Africa,A320neo,A320 Family,1.0,ODs-December-2022-Airbus-Commercial-Aircraft.xlsx,20221028
delivery,2022-10-31,2022,10,AERCAP (TIANJIN AIRLINES),E,Europe and CIS,A320neo,A320 Family,1.0,ODs-December-2022-Airbus-Commercial-Aircraft.xlsx,20221031
delivery,2022-10-31,2022,10,INDIGO,A,Asia-Pacific,A320neo,A320 Family,1.0,ODs-December-2022-Airbus-Commercial-Aircraft.xlsx,20221031
delivery,2022-11-02,2022,11,LUFTHANSA (AUSTRIAN AIRLINES),E,Europe and CIS,A320neo,A320 Family,1.0,ODs-December-2022-Airbus-Commercial-Aircraft.xlsx,20221102
delivery,2022-11-02,2022,11,SMBC AVIATION CAPITAL (AVIANCA),E,Europe and CIS,A320neo,A320 Family,1.0,ODs-December-2022-Airbus-Commercial-Aircraft.xlsx,20221102
delivery,2022-11-04,2022,11,AVOLON (VISTARA),E,Europe and CIS,A320neo,A320 Family,1.0,ODs-December-2022-Airbus-Commercial-Aircraft.xlsx,20221104
delivery,2022-11-08,2022,11,JETSMART,L,Latin America & Caribbean,A320neo,A320 Family,1.0,ODs-December-2022-Airbus-Commercial-Aircraft.xlsx,20221108
delivery,2022-11-08,2022,11,SPIRIT AIRLINES,N,North America,A320neo,A320 Family,1.0,ODs-December-2022-Airbus-Commercial-Aircraft.xlsx,20221108
delivery,2022-11-09,2022,11,NAS AVIATION SERVICES (PLAY),N,North America,A320neo,A320 Family,1.0,ODs-December-2022-Airbus-Commercial-Aircraft.xlsx,20221109
delivery,2022-11-09,2022,11,SAS,E,Europe and CIS,A320neo,A320 Family,1.0,ODs-December-2022-Airbus-Commercial-Aircraft.xlsx,20221109
delivery,2022-11-10,2022,11,INDIGO,A,Asia-Pacific,A320neo,A320 Family,1.0,ODs-December-2022-Airbus-Commercial-Aircraft.xlsx,20221110
delivery,2022-11-15,2022,11,SMBC AVIATION CAPITAL (SPIRIT AIRLINES),E,Europe and CIS,A320neo,A320 Family,1.0,ODs-December-2022-Airbus-Commercial-Aircraft.xlsx,20221115
delivery,2022-11-15,2022,11,SPIRIT AIRLINES,N,North America,A320neo,A320 Family,1.0,ODs-December-2022-Airbus-Commercial-Aircraft.xlsx,20221115
delivery,2022-11-16,2022,11,EASYJET,E,Europe and CIS,A320neo,A320 Family,1.0,ODs-December-2022-Airbus-Commercial-Aircraft.xlsx,20221116
delivery,2022-11-17,2022,11,SPIRIT AIRLINES,N,North America,A320neo,A320 Family,1.0,ODs-December-2022-Airbus-Commercial-Aircraft.xlsx,20221117
delivery,2022-11-17,2022,11,SPRING AIRLINES,A,Asia-Pacific,A320neo,A320 Family,1.0,ODs-December-2022-Airbus-Commercial-Aircraft.xlsx,20221117
delivery,2022-11-21,2022,11,SAS,E,Europe and CIS,A320neo,A320 Family,1.0,ODs-December-2022-Airbus-Commercial-Aircraft.xlsx,20221121
delivery,2022-11-21,2022,11,SAUDIA (FLYADEAL),M,Middle East,A320neo,A320 Family,1.0,ODs-December-2022-Airbus-Commercial-Aircraft.xlsx,20221121
delivery,2022-11-22,2022,11,AVIATION CAPITAL GROUP (AZERBAIJAN AIRLINES),N,North America,A320neo,A320 Family,1.0,ODs-December-2022-Airbus-Commercial-Aircraft.xlsx,20221122
delivery,2022-11-22,2022,11,SMBC AVIATION CAPITAL (SPIRIT AIRLINES),E,Europe and CIS,A320neo,A320 Family,1.0,ODs-December-2022-Airbus-Commercial-Aircraft.xlsx,20221122
delivery,2022-11-23,2022,11,AVIATION CAPITAL GROUP (JETSMART),N,North America,A320neo,A320 Family,1.0,ODs-December-2022-Airbus-Commercial-Aircraft.xlsx,20221123
delivery,2022-11-23,2022,11,FLYNAS,M,Middle East,A320neo,A320 Family,1.0,ODs-December-2022-Airbus-Commercial-Aircraft.xlsx,20221123
delivery,2022-11-24,2022,11,ALAFCO (VOLARIS),M,Middle East,A320neo,A320 Family,1.0,ODs-December-2022-Airbus-Commercial-Aircraft.xlsx,20221124
delivery,2022-11-25,2022,11,CHENGDU AIRLINES,A,Asia-Pacific,A320neo,A320 Family,1.0,ODs-December-2022-Airbus-Commercial-Aircraft.xlsx,20221125
delivery,2022-11-25,2022,11,GO FIRST,A,Asia-Pacific,A320neo,A320 Family,1.0,ODs-December-2022-Airbus-Commercial-Aircraft.xlsx,20221125
delivery,2022-11-28,2022,11,BOCOMM LEASING (CHINA EASTERN AIRLINES),A,Asia-Pacific,A320neo,A320 Family,1.0,ODs-December-2022-Airbus-Commercial-Aircraft.xlsx,20221128
delivery,2022-11-29,2022,11,AVIATION CAPITAL GROUP (AIR ASTANA),N,North America,A320neo,A320 Family,1.0,ODs-December-2022-Airbus-Commercial-Aircraft.xlsx,20221129
delivery,2022-11-30,2022,11,AERCAP (SPIRIT AIRLINES),E,Europe and CIS,A320neo,A320 Family,1.0,ODs-December-2022-Airbus-Commercial-Aircraft.xlsx,20221130
delivery,2022-11-30,2022,11,FRONTIER AIRLINES,N,North America,A320neo,A320 Family,1.0,ODs-December-2022-Airbus-Commercial-Aircraft.xlsx,20221130
delivery,2022-11-30,2022,11,INDIGO,A,Asia-Pacific,A320neo,A320 Family,1.0,ODs-December-2022-Airbus-Commercial-Aircraft.xlsx,20221130
delivery,2022-11-30,2022,11,SMBC AVIATION CAPITAL (AEGEAN AIRLINES),E,Europe and CIS,A320neo,A320 Family,1.0,ODs-December-2022-Airbus-Commercial-Aircraft.xlsx,20221130
delivery,2022-12-03,2022,12,TUNISAIR,F,Africa,A320neo,A320 Family,1.0,ODs-December-2022-Airbus-Commercial-Aircraft.xlsx,20221203
delivery,2022-12-07,2022,12,INDIGO,A,Asia-Pacific,A320neo,A320 Family,1.0,ODs-December-2022-Airbus-Commercial-Aircraft.xlsx,20221207
delivery,2022-12-07,2022,12,NAS AVIATION SERVICES (AVIANCA),N,North America,A320neo,A320 Family,1.0,ODs-December-2022-Airbus-Commercial-Aircraft.xlsx,20221207
delivery,2022-12-08,2022,12,AERCAP (SICHUAN AIRLINES),E,Europe and CIS,A320neo,A320 Family,1.0,ODs-December-2022-Airbus-Commercial-Aircraft.xlsx,20221208
delivery,2022-12-08,2022,12,INDIGO,A,Asia-Pacific,A320neo,A320 Family,1.0,ODs-December-2022-Airbus-Commercial-Aircraft.xlsx,20221208
delivery,2022-12-08,2022,12,SPIRIT AIRLINES,N,North America,A320neo,A320 Family,1.0,ODs-December-2022-Airbus-Commercial-Aircraft.xlsx,20221208
delivery,2022-12-13,2022,12,BOC AVIATION (AZUL),A,Asia-Pacific,A320neo,A320 Family,1.0,ODs-December-2022-Airbus-Commercial-Aircraft.xlsx,20221213
delivery,2022-12-14,2022,12,BOC AVIATION (AZUL),A,Asia-Pacific,A320neo,A320 Family,1.0,ODs-December-2022-Airbus-Commercial-Aircraft.xlsx,20221214
delivery,2022-12-15,2022,12,AVOLON (ITA AIRWAYS),E,Europe and CIS,A320neo,A320 Family,1.0,ODs-December-2022-Airbus-Commercial-Aircraft.xlsx,20221215
delivery,2022-12-20,2022,12,LATAM AIRLINES GROUP (LATAM AIRLINES BRASIL),L,Latin America & Caribbean,A320neo,A320 Family,1.0,ODs-December-2022-Airbus-Commercial-Aircraft.xlsx,20221220
delivery,2022-12-21,2022,12,CDB LEASING (AIR ASTANA),A,Asia-Pacific,A320neo,A320 Family,1.0,ODs-December-2022-Airbus-Commercial-Aircraft.xlsx,20221221
delivery,2022-12-21,2022,12,EASYJET,E,Europe and CIS,A320neo,A320 Family,1.0,ODs-December-2022-Airbus-Commercial-Aircraft.xlsx,20221221
delivery,2022-12-21,2022,12,NAS AVIATION SERVICES (AIR CAIRO),N,North America,A320neo,A320 Family,1.0,ODs-December-2022-Airbus-Commercial-Aircraft.xlsx,20221221
delivery,2022-12-22,2022,12,LATAM AIRLINES GROUP,L,Latin America & Caribbean,A320neo,A320 Family,1.0,ODs-December-2022-Airbus-Commercial-Aircraft.xlsx,20221222
delivery,2022-12-27,2022,12,AVOLON (ITA AIRWAYS),E,Europe and CIS,A320neo,A320 Family,1.0,ODs-December-2022-Airbus-Commercial-Aircraft.xlsx,20221227
delivery,2022-12-27,2022,12,INDIGO,A,Asia-Pacific,A320neo,A320 Family,1.0,ODs-December-2022-Airbus-Commercial-Aircraft.xlsx,20221227
delivery,2022-12-28,2022,12,AERCAP (LOONG AIR),E,Europe and CIS,A320neo,A320 Family,1.0,ODs-December-2022-Airbus-Commercial-Aircraft.xlsx,20221228
delivery,2022-12-28,2022,12,BOCOMM LEASING (CHINA EASTERN AIRLINES),A,Asia-Pacific,A320neo,A320 Family,1.0,ODs-December-2022-Airbus-Commercial-Aircraft.xlsx,20221228
delivery,2022-12-28,2022,12,INDIGO,A,Asia-Pacific,A320neo,A320 Family,1.0,ODs-December-2022-Airbus-Commercial-Aircraft.xlsx,20221228
delivery,2022-12-28,2022,12,NAS AVIATION SERVICES (AVIANCA),N,North America,A320neo,A320 Family,1.0,ODs-December-2022-Airbus-Commercial-Aircraft.xlsx,20221228
delivery,2022-12-29,2022,12,AVIATION CAPITAL GROUP (AZERBAIJAN AIRLINES),N,North America,A320neo,A320 Family,2.0,ODs-December-2022-Airbus-Commercial-Aircraft.xlsx,20221229
delivery,2022-12-29,2022,12,LATAM AIRLINES GROUP,L,Latin America & Caribbean,A320neo,A320 Family,1.0,ODs-December-2022-Airbus-Commercial-Aircraft.xlsx,20221229
delivery,2022-12-29,2022,12,SMBC AVIATION CAPITAL (SPIRIT AIRLINES),E,Europe and CIS,A320neo,A320 Family,1.0,ODs-December-2022-Airbus-Commercial-Aircraft.xlsx,20221229
delivery,2022-12-29,2022,12,VISTARA,A,Asia-Pacific,A320neo,A320 Family,1.0,ODs-December-2022-Airbus-Commercial-Aircraft.xlsx,20221229
delivery,2022-12-30,2022,12,AVOLON (ITA AIRWAYS),E,Europe and CIS,A320neo,A320 Family,1.0,ODs-December-2022-Airbus-Commercial-Aircraft.xlsx,20221230
delivery,2022-12-30,2022,12,CEBU PACIFIC,A,Asia-Pacific,A320neo,A320 Family,1.0,ODs-December-2022-Airbus-Commercial-Aircraft.xlsx,20221230
delivery,2022-12-30,2022,12,DAE CAPITAL (AVIANCA),M,Middle East,A320neo,A320 Family,1.0,ODs-December-2022-Airbus-Commercial-Aircraft.xlsx,20221230
delivery,2022-12-30,2022,12,EASYJET,E,Europe and CIS,A320neo,A320 Family,1.0,ODs-December-2022-Airbus-Commercial-Aircraft.xlsx,20221230
delivery,2022-12-30,2022,12,INDIGO,A,Asia-Pacific,A320neo,A320 Family,1.0,ODs-December-2022-Airbus-Commercial-Aircraft.xlsx,20221230
delivery,2022-12-30,2022,12,JETSMART,L,Latin America & Caribbean,A320neo,A320 Family,1.0,ODs-December-2022-Airbus-Commercial-Aircraft.xlsx,20221230
delivery,2022-12-30,2022,12,NAS AVIATION SERVICES (AIR CAIRO),N,North America,A320neo,A320 Family,1.0,ODs-December-2022-Airbus-Commercial-Aircraft.xlsx,20221230
delivery,2022-01-04,2022,1,AERCAP (LOONG AIR),E,Europe and CIS,A321neo,A320 Family,1.0,ODs-December-2022-Airbus-Commercial-Aircraft.xlsx,20220104
delivery,2022-01-07,2022,1,CHINA SOUTHERN AIRLINES,A,Asia-Pacific,A321neo,A320 Family,1.0,ODs-December-2022-Airbus-Commercial-Aircraft.xlsx,20220107
delivery,2022-01-11,2022,1,AIR LEASE CORPORATION (SICHUAN AIRLINES),N,North America,A321neo,A320 Family,1.0,ODs-December-2022-Airbus-Commercial-Aircraft.xlsx,20220111
delivery,2022-01-14,2022,1,NAS AVIATION SERVICES (STARLUX AIRLINES),N,North America,A321neo,A320 Family,1.0,ODs-December-2022-Airbus-Commercial-Aircraft.xlsx,20220114
delivery,2022-01-17,2022,1,INDIGO,A,Asia-Pacific,A321neo,A320 Family,1.0,ODs-December-2022-Airbus-Commercial-Aircraft.xlsx,20220117
delivery,2022-01-18,2022,1,AMERICAN AIRLINES,N,North America,A321neo,A320 Family,1.0,ODs-December-2022-Airbus-Commercial-Aircraft.xlsx,20220118
delivery,2022-01-19,2022,1,EASYJET,E,Europe and CIS,A321neo,A320 Family,1.0,ODs-December-2022-Airbus-Commercial-Aircraft.xlsx,20220119
delivery,2022-01-26,2022,1,QINGDAO AIRLINES,A,Asia-Pacific,A321neo,A320 Family,1.0,ODs-December-2022-Airbus-Commercial-Aircraft.xlsx,20220126
delivery,2022-01-27,2022,1,AMERICAN AIRLINES,N,North America,A321neo,A320 Family,1.0,ODs-December-2022-Airbus-Commercial-Aircraft.xlsx,20220127
delivery,2022-01-28,2022,1,AVIATION CAPITAL GROUP (STARLUX AIRLINES),N,North America,A321neo,A320 Family,1.0,ODs-December-2022-Airbus-Commercial-Aircraft.xlsx,20220128
delivery,2022-01-31,2022,1,SMBC AVIATION CAPITAL (URAL AIRLINES),E,Europe and CIS,A321neo,A320 Family,1.0,ODs-December-2022-Airbus-Commercial-Aircraft.xlsx,20220131
delivery,2022-02-08,2022,2,AERCAP (QINGDAO AIRLINES),E,Europe and CIS,A321neo,A320 Family,1.0,ODs-December-2022-Airbus-Commercial-Aircraft.xlsx,20220208
delivery,2022-02-10,2022,2,INDIGO,A,Asia-Pacific,A321neo,A320 Family,1.0,ODs-December-2022-Airbus-Commercial-Aircraft.xlsx,20220210
delivery,2022-02-10,2022,2,SMBC AVIATION CAPITAL (SCOOT),E,Europe and CIS,A321neo,A320 Family,1.0,ODs-December-2022-Airbus-Commercial-Aircraft.xlsx,20220210
delivery,2022-02-10,2022,2,SMBC AVIATION CAPITAL (VIVA AEROBUS),E,Europe and CIS,A321neo,A320 Family,1.0,ODs-December-2022-Airbus-Commercial-Aircraft.xlsx,20220210
delivery,2022-02-11,2022,2,CDB LEASING (UZBEKISTAN AIRWAYS),A,Asia-Pacific,A321neo,A320 Family,1.0,ODs-December-2022-Airbus-Commercial-Aircraft.xlsx,20220211
delivery,2022-02-15,2022,2,AIR LEASE CORPORATION (CHINA AIRLINES),N,North America,A321neo,A320 Family,1.0,ODs-December-2022-Airbus-Commercial-Aircraft.xlsx,20220215
delivery,2022-02-15,2022,2,SMBC AVIATION CAPITAL (URAL AIRLINES),E,Europe and CIS,A321neo,A320 Family,1.0,ODs-December-2022-Airbus-Commercial-Aircraft.xlsx,20220215
delivery,2022-02-16,2022,2,NAS AVIATION SERVICES (AIR CHINA),N,North America,A321neo,A320 Family,1.0,ODs-December-2022-Airbus-Commercial-Aircraft.xlsx,20220216
delivery,2022-02-17,2022,2,AVIATION CAPITAL GROUP (S7 AIRLINES),N,North America,A321neo,A320 Family,1.0,ODs-December-2022-Airbus-Commercial-Aircraft.xlsx,20220217
delivery,2022-02-17,2022,2,CHINA SOUTHERN AIRLINES,A,Asia-Pacific,A321neo,A320 Family,2.0,ODs-December-2022-Airbus-Commercial-Aircraft.xlsx,20220217
delivery,2022-02-18,2022,2,AMERICAN AIRLINES,N,North America,A321neo,A320 Family,1.0,ODs-December-2022-Airbus-Commercial-Aircraft.xlsx,20220218
delivery,2022-02-22,2022,2,AMERICAN AIRLINES,N,North America,A321neo,A320 Family,1.0,ODs-December-2022-Airbus-Commercial-Aircraft.xlsx,20220222
delivery,2022-02-22,2022,2,LUFTHANSA,E,Europe and CIS,A321neo,A320 Family,1.0,ODs-December-2022-Airbus-Commercial-Aircraft.xlsx,20220222
delivery,2022-02-23,2022,2,AIR LEASE CORPORATION (SAS),N,North America,A321neo,A320 Family,1.0,ODs-December-2022-Airbus-Commercial-Aircraft.xlsx,20220223
delivery,2022-02-24,2022,2,NAS AVIATION SERVICES (SALAM AIR),N,North America,A321neo,A320 Family,1.0,ODs-December-2022-Airbus-Commercial-Aircraft.xlsx,20220224
delivery,2022-02-25,2022,2,VIVA AEROBUS,L,Latin America & Caribbean,A321neo,A320 Family,1.0,ODs-December-2022-Airbus-Commercial-Aircraft.xlsx,20220225
delivery,2022-02-28,2022,2,AMERICAN AIRLINES,N,North America,A321neo,A320 Family,1.0,ODs-December-2022-Airbus-Commercial-Aircraft.xlsx,20220228
delivery,2022-02-28,2022,2,NAS AVIATION SERVICES (AIR CHINA),N,North America,A321neo,A320 Family,1.0,ODs-December-2022-Airbus-Commercial-Aircraft.xlsx,20220228
delivery,2022-02-28,2022,2,PEGASUS AIRLINES,E,Europe and CIS,A321neo,A320 Family,1.0,ODs-December-2022-Airbus-Commercial-Aircraft.xlsx,20220228
delivery,2022-03-02,2022,3,WIZZ AIR,E,Europe and CIS,A321neo,A320 Family,1.0,ODs-December-2022-Airbus-Commercial-Aircraft.xlsx,20220302
delivery,2022-03-04,2022,3,CDB LEASING (UZBEKISTAN AIRWAYS),A,Asia-Pacific,A321neo,A320 Family,1.0,ODs-December-2022-Airbus-Commercial-Aircraft.xlsx,20220304
delivery,2022-03-08,2022,3,AEGEAN AIRLINES,E,Europe and CIS,A321neo,A320 Family,1.0,ODs-December-2022-Airbus-Commercial-Aircraft.xlsx,20220308
delivery,2022-03-11,2022,3,WIZZ AIR,E,Europe and CIS,A321neo,A320 Family,1.0,ODs-December-2022-Airbus-Commercial-Aircraft.xlsx,20220311
delivery,2022-03-16,2022,3,WIZZ AIR (WIZZ AIR UK),E,Europe and CIS,A321neo,A320 Family,1.0,ODs-December-2022-Airbus-Commercial-Aircraft.xlsx,20220316
delivery,2022-03-18,2022,3,AMERICAN AIRLINES,N,North America,A321neo,A320 Family,1.0,ODs-December-2022-Airbus-Commercial-Aircraft.xlsx,20220318
delivery,2022-03-18,2022,3,BOC AVIATION (TAP AIR PORTUGAL),A,Asia-Pacific,A321neo,A320 Family,1.0,ODs-December-2022-Airbus-Commercial-Aircraft.xlsx,20220318
delivery,2022-03-21,2022,3,INDIGO,A,Asia-Pacific,A321neo,A320 Family,1.0,ODs-December-2022-Airbus-Commercial-Aircraft.xlsx,20220321
delivery,2022-03-21,2022,3,SMBC AVIATION CAPITAL (SCOOT),E,Europe and CIS,A321neo,A320 Family,1.0,ODs-December-2022-Airbus-Commercial-Aircraft.xlsx,20220321
delivery,2022-03-22,2022,3,DELTA AIR LINES,N,North America,A321neo,A320 Family,1.0,ODs-December-2022-Airbus-Commercial-Aircraft.xlsx,20220322
delivery,2022-03-22,2022,3,LUFTHANSA,E,Europe and CIS,A321neo,A320 Family,2.0,ODs-December-2022-Airbus-Commercial-Aircraft.xlsx,20220322
delivery,2022-03-24,2022,3,AMERICAN AIRLINES,N,North America,A321neo,A320 Family,1.0,ODs-December-2022-Airbus-Commercial-Aircraft.xlsx,20220324
delivery,2022-03-24,2022,3,AVIATION CAPITAL GROUP (STARLUX AIRLINES),N,North America,A321neo,A320 Family,1.0,ODs-December-2022-Airbus-Commercial-Aircraft.xlsx,20220324
delivery,2022-03-24,2022,3,CDB LEASING (UZBEKISTAN AIRWAYS),A,Asia-Pacific,A321neo,A320 Family,1.0,ODs-December-2022-Airbus-Commercial-Aircraft.xlsx,20220324
delivery,2022-03-24,2022,3,NAS AVIATION SERVICES (STARLUX AIRLINES),N,North America,A321neo,A320 Family,1.0,ODs-December-2022-Airbus-Commercial-Aircraft.xlsx,20220324
delivery,2022-03-25,2022,3,PEGASUS AIRLINES,E,Europe and CIS,A321neo,A320 Family,1.0,ODs-December-2022-Airbus-Commercial-Aircraft.xlsx,20220325
delivery,2022-03-28,2022,3,WIZZ AIR (WIZZ AIR UK),E,Europe and CIS,A321neo,A320 Family,1.0,ODs-December-2022-Airbus-Commercial-Aircraft.xlsx,20220328
delivery,2022-03-29,2022,3,NAS AVIATION SERVICES (AIR CHINA),N,North America,A321neo,A320 Family,1.0,ODs-December-2022-Airbus-Commercial-Aircraft.xlsx,20220329
delivery,2022-03-30,2022,3,AMERICAN AIRLINES,N,North America,A321neo,A320 Family,1.0,ODs-December-2022-Airbus-Commercial-Aircraft.xlsx,20220330
delivery,2022-03-30,2022,3,TURKISH AIRLINES,E,Europe and CIS,A321neo,A320 Family,1.0,ODs-December-2022-Airbus-Commercial-Aircraft.xlsx,20220330
delivery,2022-03-30,2022,3,VOLARIS,L,Latin America & Caribbean,A321neo,A320 Family,1.0,ODs-December-2022-Airbus-Commercial-Aircraft.xlsx,20220330
delivery,2022-03-31,2022,3,AIR CHINA,A,Asia-Pacific,A321neo,A320 Family,1.0,ODs-December-2022-Airbus-Commercial-Aircraft.xlsx,20220331
delivery,2022-03-31,2022,3,AMERICAN AIRLINES,N,North America,A321neo,A320 Family,1.0,ODs-December-2022-Airbus-Commercial-Aircraft.xlsx,20220331
delivery,2022-03-31,2022,3,BOC AVIATION (SCOOT),A,Asia-Pacific,A321neo,A320 Family,1.0,ODs-December-2022-Airbus-Commercial-Aircraft.xlsx,20220331
delivery,2022-03-31,2022,3,CEBU PACIFIC,A,Asia-Pacific,A321neo,A320 Family,1.0,ODs-December-2022-Airbus-Commercial-Aircraft.xlsx,20220331
delivery,2022-03-31,2022,3,INDIGO,A,Asia-Pacific,A321neo,A320 Family,1.0,ODs-December-2022-Airbus-Commercial-Aircraft.xlsx,20220331
delivery,2022-04-06,2022,4,VOLARIS,L,Latin America & Caribbean,A321neo,A320 Family,1.0,ODs-December-2022-Airbus-Commercial-Aircraft.xlsx,20220406
delivery,2022-04-12,2022,4,BOC AVIATION (TAP AIR PORTUGAL),A,Asia-Pacific,A321neo,A320 Family,1.0,ODs-December-2022-Airbus-Commercial-Aircraft.xlsx,20220412
delivery,2022-04-12,2022,4,VIVA AEROBUS,L,Latin America & Caribbean,A321neo,A320 Family,1.0,ODs-December-2022-Airbus-Commercial-Aircraft.xlsx,20220412
delivery,2022-04-13,2022,4,DELTA AIR LINES,N,North America,A321neo,A320 Family,1.0,ODs-December-2022-Airbus-Commercial-Aircraft.xlsx,20220413
delivery,2022-04-14,2022,4,PEGASUS AIRLINES,E,Europe and CIS,A321neo,A320 Family,1.0,ODs-December-2022-Airbus-Commercial-Aircraft.xlsx,20220414
delivery,2022-04-18,2022,4,AMERICAN AIRLINES,N,North America,A321neo,A320 Family,1.0,ODs-December-2022-Airbus-Commercial-Aircraft.xlsx,20220418
delivery,2022-04-22,2022,4,INDIGO,A,Asia-Pacific,A321neo,A320 Family,1.0,ODs-December-2022-Airbus-Commercial-Aircraft.xlsx,20220422
delivery,2022-04-22,2022,4,PEGASUS AIRLINES,E,Europe and CIS,A321neo,A320 Family,1.0,ODs-December-2022-Airbus-Commercial-Aircraft.xlsx,20220422
delivery,2022-04-25,2022,4,AIR LEASE CORPORATION (CHINA AIRLINES),N,North America,A321neo,A320 Family,1.0,ODs-December-2022-Airbus-Commercial-Aircraft.xlsx,20220425
delivery,2022-04-25,2022,4,INDIGO,A,Asia-Pacific,A321neo,A320 Family,1.0,ODs-December-2022-Airbus-Commercial-Aircraft.xlsx,20220425
delivery,2022-04-26,2022,4,WIZZ AIR,E,Europe and CIS,A321neo,A320 Family,1.0,ODs-December-2022-Airbus-Commercial-Aircraft.xlsx,20220426
delivery,2022-04-27,2022,4,TURKISH AIRLINES,E,Europe and CIS,A321neo,A320 Family,1.0,ODs-December-2022-Airbus-Commercial-Aircraft.xlsx,20220427
delivery,2022-04-28,2022,4,AIR LEASE CORPORATION (CHINA AIRLINES),N,North America,A321neo,A320 Family,1.0,ODs-December-2022-Airbus-Commercial-Aircraft.xlsx,20220428
delivery,2022-04-28,2022,4,NAS AVIATION SERVICES (AIR CHINA),N,North America,A321neo,A320 Family,1.0,ODs-December-2022-Airbus-Commercial-Aircraft.xlsx,20220428
delivery,2022-04-29,2022,4,AIR CHINA,A,Asia-Pacific,A321neo,A320 Family,1.0,ODs-December-2022-Airbus-Commercial-Aircraft.xlsx,20220429
delivery,2022-04-29,2022,4,WIZZ AIR,E,Europe and CIS,A321neo,A320 Family,1.0,ODs-December-2022-Airbus-Commercial-Aircraft.xlsx,20220429
delivery,2022-04-29,2022,4,WIZZ AIR (WIZZ AIR UK),E,Europe and CIS,A321neo,A320 Family,1.0,ODs-December-2022-Airbus-Commercial-Aircraft.xlsx,20220429
delivery,2022-05-02,2022,5,AIR LEASE CORPORATION (AIR ASTANA),N,North America,A321neo,A320 Family,1.0,ODs-December-2022-Airbus-Commercial-Aircraft.xlsx,20220502
delivery,2022-05-09,2022,5,IBERIA (IBERIA EXPRESS),E,Europe and CIS,A321neo,A320 Family,1.0,ODs-December-2022-Airbus-Commercial-Aircraft.xlsx,20220509
delivery,2022-05-12,2022,5,AMERICAN AIRLINES,N,North America,A321neo,A320 Family,1.0,ODs-December-2022-Airbus-Commercial-Aircraft.xlsx,20220512
delivery,2022-05-17,2022,5,AMERICAN AIRLINES,N,North America,A321neo,A320 Family,1.0,ODs-December-2022-Airbus-Commercial-Aircraft.xlsx,20220517
delivery,2022-05-18,2022,5,PEGASUS AIRLINES,E,Europe and CIS,A321neo,A320 Family,1.0,ODs-December-2022-Airbus-Commercial-Aircraft.xlsx,20220518
delivery,2022-05-19,2022,5,AIR LEASE CORPORATION (CHINA AIRLINES),N,North America,A321neo,A320 Family,1.0,ODs-December-2022-Airbus-Commercial-Aircraft.xlsx,20220519
delivery,2022-05-23,2022,5,INDIGO,A,Asia-Pacific,A321neo,A320 Family,1.0,ODs-December-2022-Airbus-Commercial-Aircraft.xlsx,20220523
delivery,2022-05-23,2022,5,WIZZ AIR (WIZZ AIR UK),E,Europe and CIS,A321neo,A320 Family,1.0,ODs-December-2022-Airbus-Commercial-Aircraft.xlsx,20220523
delivery,2022-05-27,2022,5,INDIGO,A,Asia-Pacific,A321neo,A320 Family,1.0,ODs-December-2022-Airbus-Commercial-Aircraft.xlsx,20220527
delivery,2022-05-27,2022,5,PEGASUS AIRLINES,E,Europe and CIS,A321neo,A320 Family,1.0,ODs-December-2022-Airbus-Commercial-Aircraft.xlsx,20220527
delivery,2022-05-27,2022,5,VIVA AEROBUS,L,Latin America & Caribbean,A321neo,A320 Family,1.0,ODs-December-2022-Airbus-Commercial-Aircraft.xlsx,20220527
delivery,2022-05-30,2022,5,AERCAP (AEGEAN AIRLINES),E,Europe and CIS,A321neo,A320 Family,1.0,ODs-December-2022-Airbus-Commercial-Aircraft.xlsx,20220530
delivery,2022-05-30,2022,5,AIR LEASE CORPORATION (VISTARA),N,North America,A321neo,A320 Family,1.0,ODs-December-2022-Airbus-Commercial-Aircraft.xlsx,20220530
delivery,2022-05-30,2022,5,INDIGO,A,Asia-Pacific,A321neo,A320 Family,1.0,ODs-December-2022-Airbus-Commercial-Aircraft.xlsx,20220530
delivery,2022-05-31,2022,5,CATHAY PACIFIC AIRCRAFT SERVICES LIMITED (CATHAY PACIFIC),A,Asia-Pacific,A321neo,A320 Family,1.0,ODs-December-2022-Airbus-Commercial-Aircraft.xlsx,20220531
delivery,2022-05-31,2022,5,DELTA AIR LINES,N,North America,A321neo,A320 Family,1.0,ODs-December-2022-Airbus-Commercial-Aircraft.xlsx,20220531
delivery,2022-05-31,2022,5,PEGASUS AIRLINES,E,Europe and CIS,A321neo,A320 Family,1.0,ODs-December-2022-Airbus-Commercial-Aircraft.xlsx,20220531
delivery,2022-05-31,2022,5,VOLARIS,L,Latin America & Caribbean,A321neo,A320 Family,1.0,ODs-December-2022-Airbus-Commercial-Aircraft.xlsx,20220531
delivery,2022-06-02,2022,6,INDIGO,A,Asia-Pacific,A321neo,A320 Family,1.0,ODs-December-2022-Airbus-Commercial-Aircraft.xlsx,20220602
delivery,2022-06-10,2022,6,AERCAP,E,Europe and CIS,A321neo,A320 Family,1.0,ODs-December-2022-Airbus-Commercial-Aircraft.xlsx,20220610
delivery,2022-06-10,2022,6,AMERICAN AIRLINES,N,North America,A321neo,A320 Family,1.0,ODs-December-2022-Airbus-Commercial-Aircraft.xlsx,20220610
delivery,2022-06-10,2022,6,VOLARIS,L,Latin America & Caribbean,A321neo,A320 Family,1.0,ODs-December-2022-Airbus-Commercial-Aircraft.xlsx,20220610
delivery,2022-06-15,2022,6,AVIATION CAPITAL GROUP (LOONG AIR),N,North America,A321neo,A320 Family,1.0,ODs-December-2022-Airbus-Commercial-Aircraft.xlsx,20220615
delivery,2022-06-15,2022,6,INDIGO,A,Asia-Pacific,A321neo,A320 Family,1.0,ODs-December-2022-Airbus-Commercial-Aircraft.xlsx,20220615
delivery,2022-06-15,2022,6,PEGASUS AIRLINES,E,Europe and CIS,A321neo,A320 Family,1.0,ODs-December-2022-Airbus-Commercial-Aircraft.xlsx,20220615
delivery,2022-06-16,2022,6,AERCAP (LOONG AIR),E,Europe and CIS,A321neo,A320 Family,1.0,ODs-December-2022-Airbus-Commercial-Aircraft.xlsx,20220616
delivery,2022-06-16,2022,6,LUFTHANSA,E,Europe and CIS,A321neo,A320 Family,1.0,ODs-December-2022-Airbus-Commercial-Aircraft.xlsx,20220616
delivery,2022-06-17,2022,6,INDIGO,A,Asia-Pacific,A321neo,A320 Family,1.0,ODs-December-2022-Airbus-Commercial-Aircraft.xlsx,20220617
delivery,2022-06-20,2022,6,AERCAP (LOONG AIR),E,Europe and CIS,A321neo,A320 Family,1.0,ODs-December-2022-Airbus-Commercial-Aircraft.xlsx,20220620
delivery,2022-06-22,2022,6,AEGEAN AIRLINES,E,Europe and CIS,A321neo,A320 Family,1.0,ODs-December-2022-Airbus-Commercial-Aircraft.xlsx,20220622
delivery,2022-06-23,2022,6,CALC (CHINA AIRLINES),A,Asia-Pacific,A321neo,A320 Family,1.0,ODs-December-2022-Airbus-Commercial-Aircraft.xlsx,20220623
delivery,2022-06-23,2022,6,INDIGO,A,Asia-Pacific,A321neo,A320 Family,1.0,ODs-December-2022-Airbus-Commercial-Aircraft.xlsx,20220623
delivery,2022-06-23,2022,6,WIZZ AIR,E,Europe and CIS,A321neo,A320 Family,1.0,ODs-December-2022-Airbus-Commercial-Aircraft.xlsx,20220623
delivery,2022-06-24,2022,6,VOLARIS,L,Latin America & Caribbean,A321neo,A320 Family,1.0,ODs-December-2022-Airbus-Commercial-Aircraft.xlsx,20220624
delivery,2022-06-27,2022,6,CATHAY PACIFIC AIRCRAFT SERVICES LIMITED (CATHAY PACIFIC),A,Asia-Pacific,A321neo,A320 Family,1.0,ODs-December-2022-Airbus-Commercial-Aircraft.xlsx,20220627
delivery,2022-06-28,2022,6,AMERICAN AIRLINES,N,North America,A321neo,A320 Family,1.0,ODs-December-2022-Airbus-Commercial-Aircraft.xlsx,20220628
delivery,2022-06-28,2022,6,NAS AVIATION SERVICES (AIR CHINA),N,North America,A321neo,A320 Family,1.0,ODs-December-2022-Airbus-Commercial-Aircraft.xlsx,20220628
delivery,2022-06-28,2022,6,WIZZ AIR,E,Europe and CIS,A321neo,A320 Family,1.0,ODs-December-2022-Airbus-Commercial-Aircraft.xlsx,20220628
delivery,2022-06-29,2022,6,BOCOMM LEASING (AIR CHINA),A,Asia-Pacific,A321neo,A320 Family,1.0,ODs-December-2022-Airbus-Commercial-Aircraft.xlsx,20220629
delivery,2022-06-29,2022,6,VIVA AEROBUS,L,Latin America & Caribbean,A321neo,A320 Family,1.0,ODs-December-2022-Airbus-Commercial-Aircraft.xlsx,20220629
delivery,2022-06-29,2022,6,WIZZ AIR,E,Europe and CIS,A321neo,A320 Family,1.0,ODs-December-2022-Airbus-Commercial-Aircraft.xlsx,20220629
delivery,2022-06-30,2022,6,CALC (CHINA AIRLINES),A,Asia-Pacific,A321neo,A320 Family,1.0,ODs-December-2022-Airbus-Commercial-Aircraft.xlsx,20220630
delivery,2022-06-30,2022,6,WIZZ AIR,E,Europe and CIS,A321neo,A320 Family,1.0,ODs-December-2022-Airbus-Commercial-Aircraft.xlsx,20220630
delivery,2022-07-06,2022,7,AERCAP (AIR BUSAN),E,Europe and CIS,A321neo,A320 Family,1.0,ODs-December-2022-Airbus-Commercial-Aircraft.xlsx,20220706
delivery,2022-07-08,2022,7,WIZZ AIR,E,Europe and CIS,A321neo,A320 Family,1.0,ODs-December-2022-Airbus-Commercial-Aircraft.xlsx,20220708
delivery,2022-07-12,2022,7,JETBLUE AIRWAYS,N,North America,A321neo,A320 Family,1.0,ODs-December-2022-Airbus-Commercial-Aircraft.xlsx,20220712
delivery,2022-07-13,2022,7,WIZZ AIR,E,Europe and CIS,A321neo,A320 Family,1.0,ODs-December-2022-Airbus-Commercial-Aircraft.xlsx,20220713
delivery,2022-07-15,2022,7,AERCAP (AIR TRANSAT),E,Europe and CIS,A321neo,A320 Family,1.0,ODs-December-2022-Airbus-Commercial-Aircraft.xlsx,20220715
delivery,2022-07-19,2022,7,WIZZ AIR,E,Europe and CIS,A321neo,A320 Family,1.0,ODs-December-2022-Airbus-Commercial-Aircraft.xlsx,20220719
delivery,2022-07-20,2022,7,AMERICAN AIRLINES,N,North America,A321neo,A320 Family,1.0,ODs-December-2022-Airbus-Commercial-Aircraft.xlsx,20220720
delivery,2022-07-20,2022,7,WIZZ AIR,E,Europe and CIS,A321neo,A320 Family,1.0,ODs-December-2022-Airbus-Commercial-Aircraft.xlsx,20220720
delivery,2022-07-21,2022,7,BOCOMM LEASING (AIR CHINA),A,Asia-Pacific,A321neo,A320 Family,1.0,ODs-December-2022-Airbus-Commercial-Aircraft.xlsx,20220721
delivery,2022-07-21,2022,7,DELTA AIR LINES,N,North America,A321neo,A320 Family,1.0,ODs-December-2022-Airbus-Commercial-Aircraft.xlsx,20220721
delivery,2022-07-21,2022,7,PEGASUS AIRLINES,E,Europe and CIS,A321neo,A320 Family,1.0,ODs-December-2022-Airbus-Commercial-Aircraft.xlsx,20220721
delivery,2022-07-22,2022,7,TURKISH AIRLINES,E,Europe and CIS,A321neo,A320 Family,1.0,ODs-December-2022-Airbus-Commercial-Aircraft.xlsx,20220722
delivery,2022-07-22,2022,7,VIVA AEROBUS,L,Latin America & Caribbean,A321neo,A320 Family,1.0,ODs-December-2022-Airbus-Commercial-Aircraft.xlsx,20220722
delivery,2022-07-25,2022,7,AERCAP (AIR TRANSAT),E,Europe and CIS,A321neo,A320 Family,1.0,ODs-December-2022-Airbus-Commercial-Aircraft.xlsx,20220725
delivery,2022-07-25,2022,7,AIR LEASE CORPORATION (VOLARIS),N,North America,A321neo,A320 Family,1.0,ODs-December-2022-Airbus-Commercial-Aircraft.xlsx,20220725
delivery,2022-07-26,2022,7,WIZZ AIR,E,Europe and CIS,A321neo,A320 Family,1.0,ODs-December-2022-Airbus-Commercial-Aircraft.xlsx,20220726
delivery,2022-07-27,2022,7,AVIATION CAPITAL GROUP (JETSMART),N,North America,A321neo,A320 Family,1.0,ODs-December-2022-Airbus-Commercial-Aircraft.xlsx,20220727
delivery,2022-07-27,2022,7,QANTAS AIRWAYS (JETSTAR AIRWAYS),A,Asia-Pacific,A321neo,A320 Family,1.0,ODs-December-2022-Airbus-Commercial-Aircraft.xlsx,20220727
delivery,2022-07-28,2022,7,DELTA AIR LINES,N,North America,A321neo,A320 Family,1.0,ODs-December-2022-Airbus-Commercial-Aircraft.xlsx,20220728
delivery,2022-07-29,2022,7,AEGEAN AIRLINES,E,Europe and CIS,A321neo,A320 Family,1.0,ODs-December-2022-Airbus-Commercial-Aircraft.xlsx,20220729
delivery,2022-08-04,2022,8,AIR LEASE CORPORATION (VOLARIS),N,North America,A321neo,A320 Family,1.0,ODs-December-2022-Airbus-Commercial-Aircraft.xlsx,20220804
delivery,2022-08-09,2022,8,AMERICAN AIRLINES,N,North America,A321neo,A320 Family,1.0,ODs-December-2022-Airbus-Commercial-Aircraft.xlsx,20220809
delivery,2022-08-11,2022,8,WIZZ AIR,E,Europe and CIS,A321neo,A320 Family,1.0,ODs-December-2022-Airbus-Commercial-Aircraft.xlsx,20220811
delivery,2022-08-18,2022,8,PEGASUS AIRLINES,E,Europe and CIS,A321neo,A320 Family,1.0,ODs-December-2022-Airbus-Commercial-Aircraft.xlsx,20220818
delivery,2022-08-19,2022,8,PEGASUS AIRLINES,E,Europe and CIS,A321neo,A320 Family,1.0,ODs-December-2022-Airbus-Commercial-Aircraft.xlsx,20220819
delivery,2022-08-24,2022,8,WIZZ AIR,E,Europe and CIS,A321neo,A320 Family,1.0,ODs-December-2022-Airbus-Commercial-Aircraft.xlsx,20220824
delivery,2022-08-25,2022,8,DELTA AIR LINES,N,North America,A321neo,A320 Family,1.0,ODs-December-2022-Airbus-Commercial-Aircraft.xlsx,20220825
delivery,2022-08-25,2022,8,NAS AVIATION SERVICES (JETSTAR JAPAN),N,North America,A321neo,A320 Family,1.0,ODs-December-2022-Airbus-Commercial-Aircraft.xlsx,20220825
delivery,2022-08-25,2022,8,WIZZ AIR,E,Europe and CIS,A321neo,A320 Family,1.0,ODs-December-2022-Airbus-Commercial-Aircraft.xlsx,20220825
delivery,2022-08-30,2022,8,WIZZ AIR,E,Europe and CIS,A321neo,A320 Family,2.0,ODs-December-2022-Airbus-Commercial-Aircraft.xlsx,20220830
delivery,2022-08-31,2022,8,AEGEAN AIRLINES,E,Europe and CIS,A321neo,A320 Family,1.0,ODs-December-2022-Airbus-Commercial-Aircraft.xlsx,20220831
delivery,2022-08-31,2022,8,INDIGO,A,Asia-Pacific,A321neo,A320 Family,1.0,ODs-December-2022-Airbus-Commercial-Aircraft.xlsx,20220831
delivery,2022-09-02,2022,9,AERCAP (TURKISH AIRLINES),E,Europe and CIS,A321neo,A320 Family,1.0,ODs-December-2022-Airbus-Commercial-Aircraft.xlsx,20220902
delivery,2022-09-12,2022,9,VIVA AEROBUS,L,Latin America & Caribbean,A321neo,A320 Family,1.0,ODs-December-2022-Airbus-Commercial-Aircraft.xlsx,20220912
delivery,2022-09-15,2022,9,INDIGO,A,Asia-Pacific,A321neo,A320 Family,1.0,ODs-December-2022-Airbus-Commercial-Aircraft.xlsx,20220915
delivery,2022-09-19,2022,9,AEGEAN AIRLINES,E,Europe and CIS,A321neo,A320 Family,1.0,ODs-December-2022-Airbus-Commercial-Aircraft.xlsx,20220919
delivery,2022-09-19,2022,9,DELTA AIR LINES,N,North America,A321neo,A320 Family,1.0,ODs-December-2022-Airbus-Commercial-Aircraft.xlsx,20220919
delivery,2022-09-19,2022,9,WIZZ AIR,E,Europe and CIS,A321neo,A320 Family,1.0,ODs-December-2022-Airbus-Commercial-Aircraft.xlsx,20220919
delivery,2022-09-20,2022,9,DELTA AIR LINES,N,North America,A321neo,A320 Family,1.0,ODs-December-2022-Airbus-Commercial-Aircraft.xlsx,20220920
delivery,2022-09-22,2022,9,CHINA SOUTHERN AIRLINES,A,Asia-Pacific,A321neo,A320 Family,1.0,ODs-December-2022-Airbus-Commercial-Aircraft.xlsx,20220922
delivery,2022-09-23,2022,9,AEGEAN AIRLINES,E,Europe and CIS,A321neo,A320 Family,1.0,ODs-December-2022-Airbus-Commercial-Aircraft.xlsx,20220923
delivery,2022-09-28,2022,9,AMERICAN AIRLINES,N,North America,A321neo,A320 Family,1.0,ODs-December-2022-Airbus-Commercial-Aircraft.xlsx,20220928
delivery,2022-09-29,2022,9,FRONTIER AIRLINES,N,North America,A321neo,A320 Family,1.0,ODs-December-2022-Airbus-Commercial-Aircraft.xlsx,20220929
delivery,2022-09-29,2022,9,PEGASUS AIRLINES,E,Europe and CIS,A321neo,A320 Family,1.0,ODs-December-2022-Airbus-Commercial-Aircraft.xlsx,20220929
delivery,2022-09-29,2022,9,WIZZ AIR,E,Europe and CIS,A321neo,A320 Family,1.0,ODs-December-2022-Airbus-Commercial-Aircraft.xlsx,20220929
delivery,2022-09-30,2022,9,AIR LEASE CORPORATION (QANOT SHARQ),N,North America,A321neo,A320 Family,1.0,ODs-December-2022-Airbus-Commercial-Aircraft.xlsx,20220930
delivery,2022-09-30,2022,9,AVIATION CAPITAL GROUP (JETSMART),N,North America,A321neo,A320 Family,1.0,ODs-December-2022-Airbus-Commercial-Aircraft.xlsx,20220930
delivery,2022-09-30,2022,9,INDIGO,A,Asia-Pacific,A321neo,A320 Family,1.0,ODs-December-2022-Airbus-Commercial-Aircraft.xlsx,20220930
delivery,2022-09-30,2022,9,PEGASUS AIRLINES,E,Europe and CIS,A321neo,A320 Family,1.0,ODs-December-2022-Airbus-Commercial-Aircraft.xlsx,20220930
delivery,2022-09-30,2022,9,WIZZ AIR,E,Europe and CIS,A321neo,A320 Family,1.0,ODs-December-2022-Airbus-Commercial-Aircraft.xlsx,20220930
delivery,2022-10-05,2022,10,AVIATION CAPITAL GROUP (LOONG AIR),N,North America,A321neo,A320 Family,1.0,ODs-December-2022-Airbus-Commercial-Aircraft.xlsx,20221005
delivery,2022-10-05,2022,10,JETBLUE AIRWAYS,N,North America,A321neo,A320 Family,1.0,ODs-December-2022-Airbus-Commercial-Aircraft.xlsx,20221005
delivery,2022-10-06,2022,10,WIZZ AIR,E,Europe and CIS,A321neo,A320 Family,1.0,ODs-December-2022-Airbus-Commercial-Aircraft.xlsx,20221006
delivery,2022-10-07,2022,10,WIZZ AIR,E,Europe and CIS,A321neo,A320 Family,1.0,ODs-December-2022-Airbus-Commercial-Aircraft.xlsx,20221007
delivery,2022-10-11,2022,10,DELTA AIR LINES,N,North America,A321neo,A320 Family,2.0,ODs-December-2022-Airbus-Commercial-Aircraft.xlsx,20221011
delivery,2022-10-12,2022,10,AIR LEASE CORPORATION (AIR ASTANA),N,North America,A321neo,A320 Family,1.0,ODs-December-2022-Airbus-Commercial-Aircraft.xlsx,20221012
delivery,2022-10-12,2022,10,PEGASUS AIRLINES,E,Europe and CIS,A321neo,A320 Family,1.0,ODs-December-2022-Airbus-Commercial-Aircraft.xlsx,20221012
delivery,2022-10-14,2022,10,VIVA AEROBUS,L,Latin America & Caribbean,A321neo,A320 Family,1.0,ODs-December-2022-Airbus-Commercial-Aircraft.xlsx,20221014
delivery,2022-10-17,2022,10,AMERICAN AIRLINES,N,North America,A321neo,A320 Family,1.0,ODs-December-2022-Airbus-Commercial-Aircraft.xlsx,20221017
delivery,2022-10-17,2022,10,IBERIA (IBERIA EXPRESS),E,Europe and CIS,A321neo,A320 Family,1.0,ODs-December-2022-Airbus-Commercial-Aircraft.xlsx,20221017
delivery,2022-10-17,2022,10,WIZZ AIR,E,Europe and CIS,A321neo,A320 Family,1.0,ODs-December-2022-Airbus-Commercial-Aircraft.xlsx,20221017
delivery,2022-10-18,2022,10,VOLARIS,L,Latin America & Caribbean,A321neo,A320 Family,1.0,ODs-December-2022-Airbus-Commercial-Aircraft.xlsx,20221018
delivery,2022-10-20,2022,10,AMERICAN AIRLINES,N,North America,A321neo,A320 Family,1.0,ODs-December-2022-Airbus-Commercial-Aircraft.xlsx,20221020
delivery,2022-10-20,2022,10,DELTA AIR LINES,N,North America,A321neo,A320 Family,1.0,ODs-December-2022-Airbus-Commercial-Aircraft.xlsx,20221020
delivery,2022-10-20,2022,10,GULF AIR,M,Middle East,A321neo,A320 Family,1.0,ODs-December-2022-Airbus-Commercial-Aircraft.xlsx,20221020
delivery,2022-10-20,2022,10,INDIGO,A,Asia-Pacific,A321neo,A320 Family,1.0,ODs-December-2022-Airbus-Commercial-Aircraft.xlsx,20221020
delivery,2022-10-25,2022,10,KOREAN AIR,A,Asia-Pacific,A321neo,A320 Family,1.0,ODs-December-2022-Airbus-Commercial-Aircraft.xlsx,20221025
delivery,2022-10-26,2022,10,CALC (VOLARIS),A,Asia-Pacific,A321neo,A320 Family,1.0,ODs-December-2022-Airbus-Commercial-Aircraft.xlsx,20221026
delivery,2022-10-26,2022,10,VIETJET AIR,A,Asia-Pacific,A321neo,A320 Family,1.0,ODs-December-2022-Airbus-Commercial-Aircraft.xlsx,20221026
delivery,2022-10-27,2022,10,AIR NEW ZEALAND,A,Asia-Pacific,A321neo,A320 Family,1.0,ODs-December-2022-Airbus-Commercial-Aircraft.xlsx,20221027
delivery,2022-10-27,2022,10,DELTA AIR LINES,N,North America,A321neo,A320 Family,1.0,ODs-December-2022-Airbus-Commercial-Aircraft.xlsx,20221027
delivery,2022-10-27,2022,10,INDIGO,A,Asia-Pacific,A321neo,A320 Family,1.0,ODs-December-2022-Airbus-Commercial-Aircraft.xlsx,20221027
delivery,2022-10-28,2022,10,NAS AVIATION SERVICES (STARLUX AIRLINES),N,North America,A321neo,A320 Family,1.0,ODs-December-2022-Airbus-Commercial-Aircraft.xlsx,20221028
delivery,2022-10-28,2022,10,WIZZ AIR,E,Europe and CIS,A321neo,A320 Family,1.0,ODs-December-2022-Airbus-Commercial-Aircraft.xlsx,20221028
delivery,2022-10-31,2022,10,DELTA AIR LINES,N,North America,A321neo,A320 Family,1.0,ODs-December-2022-Airbus-Commercial-Aircraft.xlsx,20221031
delivery,2022-11-03,2022,11,AMERICAN AIRLINES,N,North America,A321neo,A320 Family,1.0,ODs-December-2022-Airbus-Commercial-Aircraft.xlsx,20221103
delivery,2022-11-08,2022,11,VIVA AEROBUS,L,Latin America & Caribbean,A321neo,A320 Family,1.0,ODs-December-2022-Airbus-Commercial-Aircraft.xlsx,20221108
delivery,2022-11-10,2022,11,INDIGO,A,Asia-Pacific,A321neo,A320 Family,1.0,ODs-December-2022-Airbus-Commercial-Aircraft.xlsx,20221110
delivery,2022-11-14,2022,11,DELTA AIR LINES,N,North America,A321neo,A320 Family,1.0,ODs-December-2022-Airbus-Commercial-Aircraft.xlsx,20221114
delivery,2022-11-14,2022,11,LUFTHANSA,E,Europe and CIS,A321neo,A320 Family,1.0,ODs-December-2022-Airbus-Commercial-Aircraft.xlsx,20221114
delivery,2022-11-15,2022,11,DELTA AIR LINES,N,North America,A321neo,A320 Family,1.0,ODs-December-2022-Airbus-Commercial-Aircraft.xlsx,20221115
delivery,2022-11-17,2022,11,INDIGO,A,Asia-Pacific,A321neo,A320 Family,1.0,ODs-December-2022-Airbus-Commercial-Aircraft.xlsx,20221117
delivery,2022-11-17,2022,11,PEGASUS AIRLINES,E,Europe and CIS,A321neo,A320 Family,1.0,ODs-December-2022-Airbus-Commercial-Aircraft.xlsx,20221117
delivery,2022-11-18,2022,11,AIR NEW ZEALAND,A,Asia-Pacific,A321neo,A320 Family,1.0,ODs-December-2022-Airbus-Commercial-Aircraft.xlsx,20221118
delivery,2022-11-18,2022,11,TURKISH AIRLINES,E,Europe and CIS,A321neo,A320 Family,1.0,ODs-December-2022-Airbus-Commercial-Aircraft.xlsx,20221118
delivery,2022-11-18,2022,11,WIZZ AIR,E,Europe and CIS,A321neo,A320 Family,1.0,ODs-December-2022-Airbus-Commercial-Aircraft.xlsx,20221118
delivery,2022-11-21,2022,11,AMERICAN AIRLINES,N,North America,A321neo,A320 Family,1.0,ODs-December-2022-Airbus-Commercial-Aircraft.xlsx,20221121
delivery,2022-11-22,2022,11,TURKISH AIRLINES,E,Europe and CIS,A321neo,A320 Family,1.0,ODs-December-2022-Airbus-Commercial-Aircraft.xlsx,20221122
delivery,2022-11-23,2022,11,INDIGO,A,Asia-Pacific,A321neo,A320 Family,1.0,ODs-December-2022-Airbus-Commercial-Aircraft.xlsx,20221123
delivery,2022-11-23,2022,11,VIVA AEROBUS,L,Latin America & Caribbean,A321neo,A320 Family,1.0,ODs-December-2022-Airbus-Commercial-Aircraft.xlsx,20221123
delivery,2022-11-25,2022,11,VIETJET AIR,A,Asia-Pacific,A321neo,A320 Family,1.0,ODs-December-2022-Airbus-Commercial-Aircraft.xlsx,20221125
delivery,2022-11-25,2022,11,WIZZ AIR,E,Europe and CIS,A321neo,A320 Family,1.0,ODs-December-2022-Airbus-Commercial-Aircraft.xlsx,20221125
delivery,2022-11-29,2022,11,QANTAS AIRWAYS (JETSTAR AIRWAYS),A,Asia-Pacific,A321neo,A320 Family,1.0,ODs-December-2022-Airbus-Commercial-Aircraft.xlsx,20221129
delivery,2022-11-30,2022,11,CALC (CHINA AIRLINES),A,Asia-Pacific,A321neo,A320 Family,1.0,ODs-December-2022-Airbus-Commercial-Aircraft.xlsx,20221130
delivery,2022-11-30,2022,11,CALC (VOLARIS),A,Asia-Pacific,A321neo,A320 Family,1.0,ODs-December-2022-Airbus-Commercial-Aircraft.xlsx,20221130
delivery,2022-11-30,2022,11,ICBC (SHENZHEN AIRLINES),A,Asia-Pacific,A321neo,A320 Family,1.0,ODs-December-2022-Airbus-Commercial-Aircraft.xlsx,20221130
delivery,2022-11-30,2022,11,INDIGO,A,Asia-Pacific,A321neo,A320 Family,1.0,ODs-December-2022-Airbus-Commercial-Aircraft.xlsx,20221130
delivery,2022-11-30,2022,11,NAS AVIATION SERVICES (AIR CHINA),N,North America,A321neo,A320 Family,3.0,ODs-December-2022-Airbus-Commercial-Aircraft.xlsx,20221130
delivery,2022-12-01,2022,12,AVIATION CAPITAL GROUP (JETSMART),N,North America,A321neo,A320 Family,1.0,ODs-December-2022-Airbus-Commercial-Aircraft.xlsx,20221201
delivery,2022-12-05,2022,12,INDIGO,A,Asia-Pacific,A321neo,A320 Family,1.0,ODs-December-2022-Airbus-Commercial-Aircraft.xlsx,20221205
delivery,2022-12-05,2022,12,VIETJET AIR,A,Asia-Pacific,A321neo,A320 Family,1.0,ODs-December-2022-Airbus-Commercial-Aircraft.xlsx,20221205
delivery,2022-12-06,2022,12,VIETJET AIR,A,Asia-Pacific,A321neo,A320 Family,1.0,ODs-December-2022-Airbus-Commercial-Aircraft.xlsx,20221206
delivery,2022-12-07,2022,12,INDIGO,A,Asia-Pacific,A321neo,A320 Family,1.0,ODs-December-2022-Airbus-Commercial-Aircraft.xlsx,20221207
delivery,2022-12-07,2022,12,TAP AIR PORTUGAL,E,Europe and CIS,A321neo,A320 Family,1.0,ODs-December-2022-Airbus-Commercial-Aircraft.xlsx,20221207
delivery,2022-12-08,2022,12,NAS AVIATION SERVICES (STARLUX AIRLINES),N,North America,A321neo,A320 Family,1.0,ODs-December-2022-Airbus-Commercial-Aircraft.xlsx,20221208
delivery,2022-12-08,2022,12,PEGASUS AIRLINES,E,Europe and CIS,A321neo,A320 Family,1.0,ODs-December-2022-Airbus-Commercial-Aircraft.xlsx,20221208
delivery,2022-12-08,2022,12,WIZZ AIR,E,Europe and CIS,A321neo,A320 Family,1.0,ODs-December-2022-Airbus-Commercial-Aircraft.xlsx,20221208
delivery,2022-12-09,2022,12,AIR LEASE CORPORATION (AIR ASTANA),N,North America,A321neo,A320 Family,1.0,ODs-December-2022-Airbus-Commercial-Aircraft.xlsx,20221209
delivery,2022-12-10,2022,12,INDIGO,A,Asia-Pacific,A321neo,A320 Family,1.0,ODs-December-2022-Airbus-Commercial-Aircraft.xlsx,20221210
delivery,2022-12-12,2022,12,AIR LEASE CORPORATION (QANOT SHARQ),N,North America,A321neo,A320 Family,1.0,ODs-December-2022-Airbus-Commercial-Aircraft.xlsx,20221212
delivery,2022-12-13,2022,12,DELTA AIR LINES,N,North America,A321neo,A320 Family,1.0,ODs-December-2022-Airbus-Commercial-Aircraft.xlsx,20221213
delivery,2022-12-14,2022,12,ASIANA AIRLINES,A,Asia-Pacific,A321neo,A320 Family,1.0,ODs-December-2022-Airbus-Commercial-Aircraft.xlsx,20221214
delivery,2022-12-14,2022,12,CALC (CHINA AIRLINES),A,Asia-Pacific,A321neo,A320 Family,1.0,ODs-December-2022-Airbus-Commercial-Aircraft.xlsx,20221214
delivery,2022-12-16,2022,12,CDB LEASING (UZBEKISTAN AIRWAYS),A,Asia-Pacific,A321neo,A320 Family,1.0,ODs-December-2022-Airbus-Commercial-Aircraft.xlsx,20221216
delivery,2022-12-16,2022,12,SMBC AVIATION CAPITAL (AEGEAN AIRLINES),E,Europe and CIS,A321neo,A320 Family,1.0,ODs-December-2022-Airbus-Commercial-Aircraft.xlsx,20221216
delivery,2022-12-19,2022,12,DELTA AIR LINES,N,North America,A321neo,A320 Family,1.0,ODs-December-2022-Airbus-Commercial-Aircraft.xlsx,20221219
delivery,2022-12-19,2022,12,TURKISH AIRLINES,E,Europe and CIS,A321neo,A320 Family,1.0,ODs-December-2022-Airbus-Commercial-Aircraft.xlsx,20221219
delivery,2022-12-19,2022,12,VOLARIS,L,Latin America & Caribbean,A321neo,A320 Family,1.0,ODs-December-2022-Airbus-Commercial-Aircraft.xlsx,20221219
delivery,2022-12-20,2022,12,AMERICAN AIRLINES,N,North America,A321neo,A320 Family,1.0,ODs-December-2022-Airbus-Commercial-Aircraft.xlsx,20221220
delivery,2022-12-20,2022,12,WIZZ AIR,E,Europe and CIS,A321neo,A320 Family,1.0,ODs-December-2022-Airbus-Commercial-Aircraft.xlsx,20221220
delivery,2022-12-21,2022,12,DELTA AIR LINES,N,North America,A321neo,A320 Family,2.0,ODs-December-2022-Airbus-Commercial-Aircraft.xlsx,20221221
delivery,2022-12-21,2022,12,QANTAS AIRWAYS (JETSTAR AIRWAYS),A,Asia-Pacific,A321neo,A320 Family,2.0,ODs-December-2022-Airbus-Commercial-Aircraft.xlsx,20221221
delivery,2022-12-22,2022,12,CDB LEASING (UZBEKISTAN AIRWAYS),A,Asia-Pacific,A321neo,A320 Family,1.0,ODs-December-2022-Airbus-Commercial-Aircraft.xlsx,20221222
delivery,2022-12-22,2022,12,CHINA SOUTHERN AIRLINES,A,Asia-Pacific,A321neo,A320 Family,1.0,ODs-December-2022-Airbus-Commercial-Aircraft.xlsx,20221222
delivery,2022-12-22,2022,12,FRONTIER AIRLINES,N,North America,A321neo,A320 Family,1.0,ODs-December-2022-Airbus-Commercial-Aircraft.xlsx,20221222
delivery,2022-12-22,2022,12,NAS AVIATION SERVICES (STARLUX AIRLINES),N,North America,A321neo,A320 Family,1.0,ODs-December-2022-Airbus-Commercial-Aircraft.xlsx,20221222
delivery,2022-12-22,2022,12,WIZZ AIR,E,Europe and CIS,A321neo,A320 Family,1.0,ODs-December-2022-Airbus-Commercial-Aircraft.xlsx,20221222
delivery,2022-12-27,2022,12,DELTA AIR LINES,N,North America,A321neo,A320 Family,1.0,ODs-December-2022-Airbus-Commercial-Aircraft.xlsx,20221227
delivery,2022-12-27,2022,12,JUNEYAO AIRLINES,A,Asia-Pacific,A321neo,A320 Family,1.0,ODs-December-2022-Airbus-Commercial-Aircraft.xlsx,20221227
delivery,2022-12-27,2022,12,PEGASUS AIRLINES,E,Europe and CIS,A321neo,A320 Family,1.0,ODs-December-2022-Airbus-Commercial-Aircraft.xlsx,20221227
delivery,2022-12-28,2022,12,AMERICAN AIRLINES,N,North America,A321neo,A320 Family,1.0,ODs-December-2022-Airbus-Commercial-Aircraft.xlsx,20221228
delivery,2022-12-28,2022,12,JUNEYAO AIRLINES,A,Asia-Pacific,A321neo,A320 Family,1.0,ODs-December-2022-Airbus-Commercial-Aircraft.xlsx,20221228
delivery,2022-12-29,2022,12,AMERICAN AIRLINES,N,North America,A321neo,A320 Family,1.0,ODs-December-2022-Airbus-Commercial-Aircraft.xlsx,20221229
delivery,2022-12-29,2022,12,CMB FINANCIAL LEASING (XIAMEN AIRLINES),A,Asia-Pacific,A321neo,A320 Family,1.0,ODs-December-2022-Airbus-Commercial-Aircraft.xlsx,20221229
delivery,2022-12-29,2022,12,DELTA AIR LINES,N,North America,A321neo,A320 Family,1.0,ODs-December-2022-Airbus-Commercial-Aircraft.xlsx,20221229
delivery,2022-12-30,2022,12,AVOLON (TURKISH AIRLINES),E,Europe and CIS,A321neo,A320 Family,1.0,ODs-December-2022-Airbus-Commercial-Aircraft.xlsx,20221230
delivery,2022-12-30,2022,12,FRONTIER AIRLINES,N,North America,A321neo,A320 Family,2.0,ODs-December-2022-Airbus-Commercial-Aircraft.xlsx,20221230
delivery,2022-12-30,2022,12,INDIGO,A,Asia-Pacific,A321neo,A320 Family,1.0,ODs-December-2022-Airbus-Commercial-Aircraft.xlsx,20221230
delivery,2022-12-30,2022,12,VIETJET AIR,A,Asia-Pacific,A321neo,A320 Family,1.0,ODs-December-2022-Airbus-Commercial-Aircraft.xlsx,20221230
delivery,2022-02-08,2022,2,"AIRBUS DEFENCE AND SPACE, S.A.U (DGA)",E,Europe and CIS,A330-200,A330,1.0,ODs-December-2022-Airbus-Commercial-Aircraft.xlsx,20220208
delivery,2022-03-29,2022,3,"AIRBUS DEFENCE AND SPACE, S.A.U (DGA)",E,Europe and CIS,A330-200,A330,1.0,ODs-December-2022-Airbus-Commercial-Aircraft.xlsx,20220329
delivery,2022-06-24,2022,6,"AIRBUS DEFENCE AND SPACE, S.A.U (DGA)",E,Europe and CIS,A330-200,A330,1.0,ODs-December-2022-Airbus-Commercial-Aircraft.xlsx,20220624
delivery,2022-11-10,2022,11,DGA,E,Europe and CIS,A330-200,A330,1.0,ODs-December-2022-Airbus-Commercial-Aircraft.xlsx,20221110
delivery,2022-12-07,2022,12,"AIRBUS DEFENCE AND SPACE, S.A.U (UNITED ARAB EMIRATES AIRFORCE)",E,Europe and CIS,A330-200,A330,1.0,ODs-December-2022-Airbus-Commercial-Aircraft.xlsx,20221207
delivery,2022-04-15,2022,4,ALTAVAIR L.P,N,North America,A330-300,A330,1.0,ODs-December-2022-Airbus-Commercial-Aircraft.xlsx,20220415
delivery,2022-06-24,2022,6,ALTAVAIR L.P,N,North America,A330-300,A330,1.0,ODs-December-2022-Airbus-Commercial-Aircraft.xlsx,20220624
delivery,2022-07-30,2022,7,ALTAVAIR L.P,N,North America,A330-300,A330,1.0,ODs-December-2022-Airbus-Commercial-Aircraft.xlsx,20220730
delivery,2022-10-22,2022,10,ALTAVAIR L.P,N,North America,A330-300,A330,1.0,ODs-December-2022-Airbus-Commercial-Aircraft.xlsx,20221022
delivery,2022-09-28,2022,9,KUWAIT AIRWAYS,M,Middle East,A330-800,A330,2.0,ODs-December-2022-Airbus-Commercial-Aircraft.xlsx,20220928
delivery,2022-11-30,2022,11,AIR GREENLAND,N,North America,A330-800,A330,1.0,ODs-December-2022-Airbus-Commercial-Aircraft.xlsx,20221130
delivery,2022-02-18,2022,2,AIR LEASE CORPORATION (STARLUX AIRLINES),N,North America,A330-900,A330,1.0,ODs-December-2022-Airbus-Commercial-Aircraft.xlsx,20220218
delivery,2022-02-28,2022,2,DELTA AIR LINES,N,North America,A330-900,A330,1.0,ODs-December-2022-Airbus-Commercial-Aircraft.xlsx,20220228
delivery,2022-03-10,2022,3,DELTA AIR LINES,N,North America,A330-900,A330,1.0,ODs-December-2022-Airbus-Commercial-Aircraft.xlsx,20220310
delivery,2022-03-30,2022,3,DELTA AIR LINES,N,North America,A330-900,A330,1.0,ODs-December-2022-Airbus-Commercial-Aircraft.xlsx,20220330
delivery,2022-04-27,2022,4,DELTA AIR LINES,N,North America,A330-900,A330,1.0,ODs-December-2022-Airbus-Commercial-Aircraft.xlsx,20220427
delivery,2022-05-11,2022,5,AIR LEASE CORPORATION (STARLUX AIRLINES),N,North America,A330-900,A330,1.0,ODs-December-2022-Airbus-Commercial-Aircraft.xlsx,20220511
delivery,2022-05-13,2022,5,MG AVIATION (CORSAIR),A,Asia-Pacific,A330-900,A330,1.0,ODs-December-2022-Airbus-Commercial-Aircraft.xlsx,20220513
delivery,2022-05-18,2022,5,CEBU PACIFIC,A,Asia-Pacific,A330-900,A330,1.0,ODs-December-2022-Airbus-Commercial-Aircraft.xlsx,20220518
delivery,2022-08-29,2022,8,DELTA AIR LINES,N,North America,A330-900,A330,1.0,ODs-December-2022-Airbus-Commercial-Aircraft.xlsx,20220829
delivery,2022-08-30,2022,8,AIR LEASE CORPORATION (STARLUX AIRLINES),N,North America,A330-900,A330,1.0,ODs-December-2022-Airbus-Commercial-Aircraft.xlsx,20220830
delivery,2022-09-08,2022,9,DELTA AIR LINES,N,North America,A330-900,A330,1.0,ODs-December-2022-Airbus-Commercial-Aircraft.xlsx,20220908
delivery,2022-09-20,2022,9,DELTA AIR LINES,N,North America,A330-900,A330,1.0,ODs-December-2022-Airbus-Commercial-Aircraft.xlsx,20220920
delivery,2022-09-28,2022,9,AIR LEASE CORPORATION (STARLUX AIRLINES),N,North America,A330-900,A330,1.0,ODs-December-2022-Airbus-Commercial-Aircraft.xlsx,20220928
delivery,2022-10-13,2022,10,AIR LEASE CORPORATION (VIRGIN ATLANTIC AIRWAYS),N,North America,A330-900,A330,1.0,ODs-December-2022-Airbus-Commercial-Aircraft.xlsx,20221013
delivery,2022-10-26,2022,10,DELTA AIR LINES,N,North America,A330-900,A330,1.0,ODs-December-2022-Airbus-Commercial-Aircraft.xlsx,20221026
delivery,2022-11-03,2022,11,CEBU PACIFIC,A,Asia-Pacific,A330-900,A330,1.0,ODs-December-2022-Airbus-Commercial-Aircraft.xlsx,20221103
delivery,2022-11-16,2022,11,AIR LEASE CORPORATION (VIRGIN ATLANTIC AIRWAYS),N,North America,A330-900,A330,1.0,ODs-December-2022-Airbus-Commercial-Aircraft.xlsx,20221116
delivery,2022-12-19,2022,12,CONDOR,E,Europe and CIS,A330-900,A330,1.0,ODs-December-2022-Airbus-Commercial-Aircraft.xlsx,20221219
delivery,2022-12-19,2022,12,DELTA AIR LINES,N,North America,A330-900,A330,1.0,ODs-December-2022-Airbus-Commercial-Aircraft.xlsx,20221219
delivery,2022-12-29,2022,12,NAS AVIATION SERVICES (CONDOR),N,North America,A330-900,A330,1.0,ODs-December-2022-Airbus-Commercial-Aircraft.xlsx,20221229
delivery,2022-01-07,2022,1,SINGAPORE AIRLINES,A,Asia-Pacific,A350-900,A350,1.0,ODs-December-2022-Airbus-Commercial-Aircraft.xlsx,20220107
delivery,2022-01-25,2022,1,DELTA AIR LINES,N,North America,A350-900,A350,1.0,ODs-December-2022-Airbus-Commercial-Aircraft.xlsx,20220125
delivery,2022-01-27,2022,1,AIR FRANCE,E,Europe and CIS,A350-900,A350,1.0,ODs-December-2022-Airbus-Commercial-Aircraft.xlsx,20220127
delivery,2022-01-31,2022,1,DELTA AIR LINES,N,North America,A350-900,A350,1.0,ODs-December-2022-Airbus-Commercial-Aircraft.xlsx,20220131
delivery,2022-02-14,2022,2,JAPAN AIRLINES,A,Asia-Pacific,A350-900,A350,1.0,ODs-December-2022-Airbus-Commercial-Aircraft.xlsx,20220214
delivery,2022-02-18,2022,2,TURKISH AIRLINES,E,Europe and CIS,A350-900,A350,1.0,ODs-December-2022-Airbus-Commercial-Aircraft.xlsx,20220218
delivery,2022-02-22,2022,2,AEROFLOT RUSSIAN AIRLINES,E,Europe and CIS,A350-900,A350,1.0,ODs-December-2022-Airbus-Commercial-Aircraft.xlsx,20220222
delivery,2022-02-22,2022,2,CHINA EASTERN AIRLINES,A,Asia-Pacific,A350-900,A350,1.0,ODs-December-2022-Airbus-Commercial-Aircraft.xlsx,20220222
delivery,2022-02-23,2022,2,IBERIA,E,Europe and CIS,A350-900,A350,1.0,ODs-December-2022-Airbus-Commercial-Aircraft.xlsx,20220223
delivery,2022-03-11,2022,3,AIR CHINA,A,Asia-Pacific,A350-900,A350,1.0,ODs-December-2022-Airbus-Commercial-Aircraft.xlsx,20220311
delivery,2022-03-11,2022,3,AIR FRANCE,E,Europe and CIS,A350-900,A350,1.0,ODs-December-2022-Airbus-Commercial-Aircraft.xlsx,20220311
delivery,2022-03-18,2022,3,IBERIA,E,Europe and CIS,A350-900,A350,1.0,ODs-December-2022-Airbus-Commercial-Aircraft.xlsx,20220318
delivery,2022-03-30,2022,3,IBERIA,E,Europe and CIS,A350-900,A350,1.0,ODs-December-2022-Airbus-Commercial-Aircraft.xlsx,20220330
delivery,2022-04-06,2022,4,AIR FRANCE,E,Europe and CIS,A350-900,A350,1.0,ODs-December-2022-Airbus-Commercial-Aircraft.xlsx,20220406
delivery,2022-04-08,2022,4,SINGAPORE AIRLINES,A,Asia-Pacific,A350-900,A350,1.0,ODs-December-2022-Airbus-Commercial-Aircraft.xlsx,20220408
delivery,2022-04-21,2022,4,JAPAN AIRLINES,A,Asia-Pacific,A350-900,A350,1.0,ODs-December-2022-Airbus-Commercial-Aircraft.xlsx,20220421
delivery,2022-05-04,2022,5,AIR FRANCE,E,Europe and CIS,A350-900,A350,1.0,ODs-December-2022-Airbus-Commercial-Aircraft.xlsx,20220504
delivery,2022-05-06,2022,5,FINANCIAL INSTITUTIONS (ITA AIRWAYS),N,North America,A350-900,A350,1.0,ODs-December-2022-Airbus-Commercial-Aircraft.xlsx,20220506
delivery,2022-05-31,2022,5,AIR LEASE CORPORATION (WORLD2FLY),N,North America,A350-900,A350,1.0,ODs-December-2022-Airbus-Commercial-Aircraft.xlsx,20220531
delivery,2022-06-23,2022,6,AIR FRANCE,E,Europe and CIS,A350-900,A350,1.0,ODs-December-2022-Airbus-Commercial-Aircraft.xlsx,20220623
delivery,2022-06-28,2022,6,SINGAPORE AIRLINES,A,Asia-Pacific,A350-900,A350,1.0,ODs-December-2022-Airbus-Commercial-Aircraft.xlsx,20220628
delivery,2022-06-29,2022,6,FINANCIAL INSTITUTIONS (ITA AIRWAYS),N,North America,A350-900,A350,1.0,ODs-December-2022-Airbus-Commercial-Aircraft.xlsx,20220629
delivery,2022-06-30,2022,6,TURKISH AIRLINES,E,Europe and CIS,A350-900,A350,2.0,ODs-December-2022-Airbus-Commercial-Aircraft.xlsx,20220630
delivery,2022-07-05,2022,7,AIR CHINA,A,Asia-Pacific,A350-900,A350,1.0,ODs-December-2022-Airbus-Commercial-Aircraft.xlsx,20220705
delivery,2022-07-06,2022,7,TURKISH AIRLINES,E,Europe and CIS,A350-900,A350,1.0,ODs-December-2022-Airbus-Commercial-Aircraft.xlsx,20220706
delivery,2022-07-27,2022,7,AIR CHINA,A,Asia-Pacific,A350-900,A350,1.0,ODs-December-2022-Airbus-Commercial-Aircraft.xlsx,20220727
delivery,2022-07-29,2022,7,TURKISH AIRLINES,E,Europe and CIS,A350-900,A350,2.0,ODs-December-2022-Airbus-Commercial-Aircraft.xlsx,20220729
delivery,2022-08-12,2022,8,CHINA SOUTHERN AIRLINES,A,Asia-Pacific,A350-900,A350,1.0,ODs-December-2022-Airbus-Commercial-Aircraft.xlsx,20220812
delivery,2022-08-17,2022,8,CHINA EASTERN AIRLINES,A,Asia-Pacific,A350-900,A350,1.0,ODs-December-2022-Airbus-Commercial-Aircraft.xlsx,20220817
delivery,2022-08-19,2022,8,SINGAPORE AIRLINES,A,Asia-Pacific,A350-900,A350,1.0,ODs-December-2022-Airbus-Commercial-Aircraft.xlsx,20220819
delivery,2022-09-09,2022,9,IBERIA,E,Europe and CIS,A350-900,A350,1.0,ODs-December-2022-Airbus-Commercial-Aircraft.xlsx,20220909
delivery,2022-09-26,2022,9,AIR FRANCE,E,Europe and CIS,A350-900,A350,1.0,ODs-December-2022-Airbus-Commercial-Aircraft.xlsx,20220926
delivery,2022-09-28,2022,9,IBERIA,E,Europe and CIS,A350-900,A350,1.0,ODs-December-2022-Airbus-Commercial-Aircraft.xlsx,20220928
delivery,2022-10-20,2022,10,AIR CHINA,A,Asia-Pacific,A350-900,A350,1.0,ODs-December-2022-Airbus-Commercial-Aircraft.xlsx,20221020
delivery,2022-10-21,2022,10,CHINA SOUTHERN AIRLINES,A,Asia-Pacific,A350-900,A350,1.0,ODs-December-2022-Airbus-Commercial-Aircraft.xlsx,20221021
delivery,2022-10-28,2022,10,STARLUX AIRLINES,A,Asia-Pacific,A350-900,A350,1.0,ODs-December-2022-Airbus-Commercial-Aircraft.xlsx,20221028
delivery,2022-10-31,2022,10,CHINA EASTERN AIRLINES,A,Asia-Pacific,A350-900,A350,1.0,ODs-December-2022-Airbus-Commercial-Aircraft.xlsx,20221031
delivery,2022-11-18,2022,11,AIR FRANCE,E,Europe and CIS,A350-900,A350,1.0,ODs-December-2022-Airbus-Commercial-Aircraft.xlsx,20221118
delivery,2022-11-18,2022,11,ETHIOPIAN AIRLINES,F,Africa,A350-900,A350,1.0,ODs-December-2022-Airbus-Commercial-Aircraft.xlsx,20221118
delivery,2022-11-21,2022,11,DELTA AIR LINES,N,North America,A350-900,A350,1.0,ODs-December-2022-Airbus-Commercial-Aircraft.xlsx,20221121
delivery,2022-11-28,2022,11,IBERIA,E,Europe and CIS,A350-900,A350,1.0,ODs-December-2022-Airbus-Commercial-Aircraft.xlsx,20221128
delivery,2022-11-30,2022,11,CHINA SOUTHERN AIRLINES,A,Asia-Pacific,A350-900,A350,1.0,ODs-December-2022-Airbus-Commercial-Aircraft.xlsx,20221130
delivery,2022-12-02,2022,12,SICHUAN AIRLINES,A,Asia-Pacific,A350-900,A350,1.0,ODs-December-2022-Airbus-Commercial-Aircraft.xlsx,20221202
delivery,2022-12-15,2022,12,DELTA AIR LINES,N,North America,A350-900,A350,1.0,ODs-December-2022-Airbus-Commercial-Aircraft.xlsx,20221215
delivery,2022-12-21,2022,12,AIR CHINA,A,Asia-Pacific,A350-900,A350,2.0,ODs-December-2022-Airbus-Commercial-Aircraft.xlsx,20221221
delivery,2022-12-21,2022,12,CHINA EASTERN AIRLINES,A,Asia-Pacific,A350-900,A350,1.0,ODs-December-2022-Airbus-Commercial-Aircraft.xlsx,20221221
delivery,2022-12-21,2022,12,IBERIA,E,Europe and CIS,A350-900,A350,1.0,ODs-December-2022-Airbus-Commercial-Aircraft.xlsx,20221221
delivery,2022-12-22,2022,12,CHINA SOUTHERN AIRLINES,A,Asia-Pacific,A350-900,A350,1.0,ODs-December-2022-Airbus-Commercial-Aircraft.xlsx,20221222
delivery,2022-12-23,2022,12,AIR CHINA,A,Asia-Pacific,A350-900,A350,1.0,ODs-December-2022-Airbus-Commercial-Aircraft.xlsx,20221223
delivery,2022-02-25,2022,2,BRITISH AIRWAYS,E,Europe and CIS,A350-1000,A350,1.0,ODs-December-2022-Airbus-Commercial-Aircraft.xlsx,20220225
delivery,2022-03-09,2022,3,BRITISH AIRWAYS,E,Europe and CIS,A350-1000,A350,1.0,ODs-December-2022-Airbus-Commercial-Aircraft.xlsx,20220309
delivery,2022-03-25,2022,3,BRITISH AIRWAYS,E,Europe and CIS,A350-1000,A350,1.0,ODs-December-2022-Airbus-Commercial-Aircraft.xlsx,20220325
delivery,2022-04-21,2022,4,AIR LEASE CORPORATION (VIRGIN ATLANTIC AIRWAYS),N,North America,A350-1000,A350,1.0,ODs-December-2022-Airbus-Commercial-Aircraft.xlsx,20220421
delivery,2022-04-28,2022,4,BRITISH AIRWAYS,E,Europe and CIS,A350-1000,A350,1.0,ODs-December-2022-Airbus-Commercial-Aircraft.xlsx,20220428
delivery,2022-08-26,2022,8,BRITISH AIRWAYS,E,Europe and CIS,A350-1000,A350,1.0,ODs-December-2022-Airbus-Commercial-Aircraft.xlsx,20220826
delivery,2022-09-19,2022,9,CATHAY PACIFIC,A,Asia-Pacific,A350-1000,A350,1.0,ODs-December-2022-Airbus-Commercial-Aircraft.xlsx,20220919
delivery,2022-10-28,2022,10,CATHAY PACIFIC,A,Asia-Pacific,A350-1000,A350,1.0,ODs-December-2022-Airbus-Commercial-Aircraft.xlsx,20221028
delivery,2022-12-08,2022,12,AIR CARAIBES (FRENCH BEE),E,Europe and CIS,A350-1000,A350,1.0,ODs-December-2022-Airbus-Commercial-Aircraft.xlsx,20221208
delivery,2022-12-15,2022,12,CATHAY PACIFIC,A,Asia-Pacific,A350-1000,A350,1.0,ODs-December-2022-Airbus-Commercial-Aircraft.xlsx,20221215
order,2023-10-05,2023,10,AIR NIUGINI,,Unknown,A220-100,A220,6.0,ODs-December-2023-Airbus-Commercial-Aircraft.xlsx,20231005
order,2023-12-11,2023,12,PRIVATE CUSTOMER,,Unknown,A220-100,A220,1.0,ODs-December-2023-Airbus-Commercial-Aircraft.xlsx,20231211
order,2023-01-17,2023,1,DELTA AIR LINES,,Unknown,A220-300,A220,12.0,ODs-December-2023-Airbus-Commercial-Aircraft.xlsx,20230117
order,2023-06-16,2023,6,DELTA AIR LINES,,Unknown,A220-300,A220,12.0,ODs-December-2023-Airbus-Commercial-Aircraft.xlsx,20230616
order,2023-06-16,2023,6,QANTAS AIRWAYS,,Unknown,A220-300,A220,9.0,ODs-December-2023-Airbus-Commercial-Aircraft.xlsx,20230616
order,2023-10-20,2023,10,UNDISCLOSED,,Unknown,A220-300,A220,8.0,ODs-December-2023-Airbus-Commercial-Aircraft.xlsx,20231020
order,2023-11-06,2023,11,AIRBALTIC,,Unknown,A220-300,A220,30.0,ODs-December-2023-Airbus-Commercial-Aircraft.xlsx,20231106
order,2023-12-22,2023,12,UNDISCLOSED,,Unknown,A220-300,A220,10.0,ODs-December-2023-Airbus-Commercial-Aircraft.xlsx,20231222
order,2023-12-29,2023,12,LUFTHANSA,,Unknown,A220-300,A220,40.0,ODs-December-2023-Airbus-Commercial-Aircraft.xlsx,20231229
order,2023-12-29,2023,12,DELTA AIR LINES,,Unknown,A220-300,A220,14.0,ODs-December-2023-Airbus-Commercial-Aircraft.xlsx,20231229
order,2023-02-09,2023,2,PRIVATE CUSTOMER,,Unknown,A319neo,A320 Family,1.0,ODs-December-2023-Airbus-Commercial-Aircraft.xlsx,20230209
order,2023-03-28,2023,3,PRIVATE CUSTOMER,,Unknown,A319neo,A320 Family,1.0,ODs-December-2023-Airbus-Commercial-Aircraft.xlsx,20230328
order,2023-01-17,2023,1,AZERBAIJAN AIRLINES,,Unknown,A320neo,A320 Family,6.0,ODs-December-2023-Airbus-Commercial-Aircraft.xlsx,20230117
order,2023-01-17,2023,1,UZBEKISTAN AIRWAYS,,Unknown,A320neo,A320 Family,8.0,ODs-December-2023-Airbus-Commercial-Aircraft.xlsx,20230117
order,2023-01-23,2023,1,DAE CAPITAL,,Unknown,A320neo,A320 Family,1.0,ODs-December-2023-Airbus-Commercial-Aircraft.xlsx,20230123
order,2023-02-08,2023,2,UNDISCLOSED,,Unknown,A320neo,A320 Family,15.0,ODs-December-2023-Airbus-Commercial-Aircraft.xlsx,20230208
order,2023-02-20,2023,2,BRITISH AIRWAYS,,Unknown,A320neo,A320 Family,7.0,ODs-December-2023-Airbus-Commercial-Aircraft.xlsx,20230220
order,2023-04-04,2023,4,EASYJET,,Unknown,A320neo,A320 Family,2.0,ODs-December-2023-Airbus-Commercial-Aircraft.xlsx,20230404
order,2023-04-22,2023,4,EASYJET,,Unknown,A320neo,A320 Family,2.0,ODs-December-2023-Airbus-Commercial-Aircraft.xlsx,20230422
order,2023-05-03,2023,5,UNDISCLOSED,,Unknown,A320neo,A320 Family,9.0,ODs-December-2023-Airbus-Commercial-Aircraft.xlsx,20230503
order,2023-05-16,2023,5,BOC AVIATION,,Unknown,A320neo,A320 Family,7.0,ODs-December-2023-Airbus-Commercial-Aircraft.xlsx,20230516
order,2023-06-02,2023,6,UNDISCLOSED,,Unknown,A320neo,A320 Family,22.0,ODs-December-2023-Airbus-Commercial-Aircraft.xlsx,20230602
order,2023-06-14,2023,6,FLYNAS,,Unknown,A320neo,A320 Family,30.0,ODs-December-2023-Airbus-Commercial-Aircraft.xlsx,20230614
order,2023-06-23,2023,6,INDIGO,,Unknown,A320neo,A320 Family,125.0,ODs-December-2023-Airbus-Commercial-Aircraft.xlsx,20230623
order,2023-06-27,2023,6,AIR INDIA,,Unknown,A320neo,A320 Family,140.0,ODs-December-2023-Airbus-Commercial-Aircraft.xlsx,20230627
order,2023-06-30,2023,6,IAG - INTERNATIONAL AIRLINES GROUP,,Unknown,A320neo,A320 Family,10.0,ODs-December-2023-Airbus-Commercial-Aircraft.xlsx,20230630
order,2023-10-10,2023,10,CATHAY PACIFIC AIRCRAFT SERVICES LIMITED,,Unknown,A320neo,A320 Family,8.0,ODs-December-2023-Airbus-Commercial-Aircraft.xlsx,20231010
order,2023-11-02,2023,11,AER LINGUS,,Unknown,A320neo,A320 Family,2.0,ODs-December-2023-Airbus-Commercial-Aircraft.xlsx,20231102
order,2023-11-02,2023,11,BRITISH AIRWAYS,,Unknown,A320neo,A320 Family,2.0,ODs-December-2023-Airbus-Commercial-Aircraft.xlsx,20231102
order,2023-11-15,2023,11,SMBC AVIATION CAPITAL,,Unknown,A320neo,A320 Family,60.0,ODs-December-2023-Airbus-Commercial-Aircraft.xlsx,20231115
order,2023-12-19,2023,12,EASYJET,,Unknown,A320neo,A320 Family,52.0,ODs-December-2023-Airbus-Commercial-Aircraft.xlsx,20231219
order,2023-12-21,2023,12,UNDISCLOSED,,Unknown,A320neo,A320 Family,12.0,ODs-December-2023-Airbus-Commercial-Aircraft.xlsx,20231221
order,2023-01-17,2023,1,AZERBAIJAN AIRLINES,,Unknown,A321neo,A320 Family,6.0,ODs-December-2023-Airbus-Commercial-Aircraft.xlsx,20230117
order,2023-01-17,2023,1,UZBEKISTAN AIRWAYS,,Unknown,A321neo,A320 Family,4.0,ODs-December-2023-Airbus-Commercial-Aircraft.xlsx,20230117
order,2023-02-01,2023,2,QATAR AIRWAYS,,Unknown,A321neo,A320 Family,50.0,ODs-December-2023-Airbus-Commercial-Aircraft.xlsx,20230201
order,2023-02-20,2023,2,BRITISH AIRWAYS,,Unknown,A321neo,A320 Family,3.0,ODs-December-2023-Airbus-Commercial-Aircraft.xlsx,20230220
order,2023-06-02,2023,6,UNDISCLOSED,,Unknown,A321neo,A320 Family,38.0,ODs-December-2023-Airbus-Commercial-Aircraft.xlsx,20230602
order,2023-06-23,2023,6,INDIGO,,Unknown,A321neo,A320 Family,375.0,ODs-December-2023-Airbus-Commercial-Aircraft.xlsx,20230623
order,2023-06-27,2023,6,AIR INDIA,,Unknown,A321neo,A320 Family,70.0,ODs-December-2023-Airbus-Commercial-Aircraft.xlsx,20230627
order,2023-06-30,2023,6,UNDISCLOSED,,Unknown,A321neo,A320 Family,6.0,ODs-December-2023-Airbus-Commercial-Aircraft.xlsx,20230630
order,2023-07-06,2023,7,ICELANDAIR,,Unknown,A321neo,A320 Family,13.0,ODs-December-2023-Airbus-Commercial-Aircraft.xlsx,20230706
order,2023-07-21,2023,7,PEGASUS AIRLINES,,Unknown,A321neo,A320 Family,36.0,ODs-December-2023-Airbus-Commercial-Aircraft.xlsx,20230721
order,2023-08-01,2023,8,JET2 PLC,,Unknown,A321neo,A320 Family,12.0,ODs-December-2023-Airbus-Commercial-Aircraft.xlsx,20230801
order,2023-08-02,2023,8,WIZZ AIR,,Unknown,A321neo,A320 Family,75.0,ODs-December-2023-Airbus-Commercial-Aircraft.xlsx,20230802
order,2023-09-14,2023,9,LATAM AIRLINES GROUP,,Unknown,A321neo,A320 Family,13.0,ODs-December-2023-Airbus-Commercial-Aircraft.xlsx,20230914
order,2023-10-02,2023,10,UNITED AIRLINES,,Unknown,A321neo,A320 Family,60.0,ODs-December-2023-Airbus-Commercial-Aircraft.xlsx,20231002
order,2023-10-10,2023,10,CATHAY PACIFIC AIRCRAFT SERVICES LIMITED,,Unknown,A321neo,A320 Family,24.0,ODs-December-2023-Airbus-Commercial-Aircraft.xlsx,20231010
order,2023-10-31,2023,10,UNDISCLOSED,,Unknown,A321neo,A320 Family,3.0,ODs-December-2023-Airbus-Commercial-Aircraft.xlsx,20231031
order,2023-11-02,2023,11,BRITISH AIRWAYS,,Unknown,A321neo,A320 Family,2.0,ODs-December-2023-Airbus-Commercial-Aircraft.xlsx,20231102
order,2023-12-19,2023,12,EASYJET,,Unknown,A321neo,A320 Family,101.0,ODs-December-2023-Airbus-Commercial-Aircraft.xlsx,20231219
order,2023-12-21,2023,12,UNDISCLOSED,,Unknown,A321neo,A320 Family,132.0,ODs-December-2023-Airbus-Commercial-Aircraft.xlsx,20231221
order,2023-12-26,2023,12,TURKISH AIRLINES,,Unknown,A321neo,A320 Family,150.0,ODs-December-2023-Airbus-Commercial-Aircraft.xlsx,20231226
order,2023-12-27,2023,12,KOREAN AIR,,Unknown,A321neo,A320 Family,20.0,ODs-December-2023-Airbus-Commercial-Aircraft.xlsx,20231227
order,2023-12-28,2023,12,UNDISCLOSED,,Unknown,A321neo,A320 Family,5.0,ODs-December-2023-Airbus-Commercial-Aircraft.xlsx,20231228
order,2023-12-28,2023,12,AVOLON,,Unknown,A321neo,A320 Family,100.0,ODs-December-2023-Airbus-Commercial-Aircraft.xlsx,20231228
order,2023-12-29,2023,12,EVA AIR,,Unknown,A321neo,A320 Family,15.0,ODs-December-2023-Airbus-Commercial-Aircraft.xlsx,20231229
order,2023-12-20,2023,12,AIRBUS DEFENCE AND SPACE,,Unknown,A330-200,A330,1.0,ODs-December-2023-Airbus-Commercial-Aircraft.xlsx,20231220
order,2023-12-21,2023,12,AIRBUS DEFENCE AND SPACE,,Unknown,A330-200,A330,4.0,ODs-December-2023-Airbus-Commercial-Aircraft.xlsx,20231221
order,2023-04-20,2023,4,PRIVATE CUSTOMER,,Unknown,A330-800,A330,1.0,ODs-December-2023-Airbus-Commercial-Aircraft.xlsx,20230420
order,2023-05-03,2023,5,DELTA AIR LINES,,Unknown,A330-900,A330,1.0,ODs-December-2023-Airbus-Commercial-Aircraft.xlsx,20230503
order,2023-06-14,2023,6,UNDISCLOSED,,Unknown,A330-900,A330,2.0,ODs-December-2023-Airbus-Commercial-Aircraft.xlsx,20230614
order,2023-06-26,2023,6,AZUL FINANCE LLC,,Unknown,A330-900,A330,4.0,ODs-December-2023-Airbus-Commercial-Aircraft.xlsx,20230626
order,2023-08-17,2023,8,AIR ALGERIE,,Unknown,A330-900,A330,5.0,ODs-December-2023-Airbus-Commercial-Aircraft.xlsx,20230817
order,2023-08-29,2023,8,AVOLON,,Unknown,A330-900,A330,20.0,ODs-December-2023-Airbus-Commercial-Aircraft.xlsx,20230829
order,2023-08-31,2023,8,CONDOR,,Unknown,A330-900,A330,3.0,ODs-December-2023-Airbus-Commercial-Aircraft.xlsx,20230831
order,2023-11-20,2023,11,AIR LEASE CORPORATION,,Unknown,A330-900,A330,1.0,ODs-December-2023-Airbus-Commercial-Aircraft.xlsx,20231120
order,2023-03-23,2023,3,UNDISCLOSED,,Unknown,A350F,A350,4.0,ODs-December-2023-Airbus-Commercial-Aircraft.xlsx,20230323
order,2023-12-08,2023,12,CATHAY PACIFIC AIRCRAFT SERVICES LIMITED,,Unknown,A350F,A350,6.0,ODs-December-2023-Airbus-Commercial-Aircraft.xlsx,20231208
order,2023-12-26,2023,12,TURKISH AIRLINES,,Unknown,A350F,A350,5.0,ODs-December-2023-Airbus-Commercial-Aircraft.xlsx,20231226
order,2023-03-09,2023,3,LUFTHANSA,,Unknown,A350-900,A350,5.0,ODs-December-2023-Airbus-Commercial-Aircraft.xlsx,20230309
order,2023-06-09,2023,6,UNDISCLOSED,,Unknown,A350-900,A350,10.0,ODs-December-2023-Airbus-Commercial-Aircraft.xlsx,20230609
order,2023-06-23,2023,6,AIR INDIA,,Unknown,A350-900,A350,6.0,ODs-December-2023-Airbus-Commercial-Aircraft.xlsx,20230623
order,2023-07-11,2023,7,TURKISH AIRLINES,,Unknown,A350-900,A350,4.0,ODs-December-2023-Airbus-Commercial-Aircraft.xlsx,20230711
order,2023-07-28,2023,7,IBERIA,,Unknown,A350-900,A350,1.0,ODs-December-2023-Airbus-Commercial-Aircraft.xlsx,20230728
order,2023-07-31,2023,7,AIR FRANCE - KLM GROUP,,Unknown,A350-900,A350,6.0,ODs-December-2023-Airbus-Commercial-Aircraft.xlsx,20230731
order,2023-09-12,2023,9,TURKISH AIRLINES,,Unknown,A350-900,A350,10.0,ODs-December-2023-Airbus-Commercial-Aircraft.xlsx,20230912
order,2023-10-11,2023,10,EGYPTAIR,,Unknown,A350-900,A350,10.0,ODs-December-2023-Airbus-Commercial-Aircraft.xlsx,20231011
order,2023-11-07,2023,11,AIR MAURITIUS,,Unknown,A350-900,A350,1.0,ODs-December-2023-Airbus-Commercial-Aircraft.xlsx,20231107
order,2023-11-29,2023,11,EMIRATES,,Unknown,A350-900,A350,15.0,ODs-December-2023-Airbus-Commercial-Aircraft.xlsx,20231129
order,2023-12-15,2023,12,AIR FRANCE - KLM GROUP,,Unknown,A350-900,A350,33.0,ODs-December-2023-Airbus-Commercial-Aircraft.xlsx,20231215
order,2023-12-26,2023,12,TURKISH AIRLINES,,Unknown,A350-900,A350,50.0,ODs-December-2023-Airbus-Commercial-Aircraft.xlsx,20231226
order,2023-02-01,2023,2,QATAR AIRWAYS,,Unknown,A350-1000,A350,23.0,ODs-December-2023-Airbus-Commercial-Aircraft.xlsx,20230201
order,2023-03-09,2023,3,LUFTHANSA,,Unknown,A350-1000,A350,10.0,ODs-December-2023-Airbus-Commercial-Aircraft.xlsx,20230309
order,2023-06-26,2023,6,PHILIPPINE AIRLINES,,Unknown,A350-1000,A350,9.0,ODs-December-2023-Airbus-Commercial-Aircraft.xlsx,20230626
order,2023-06-28,2023,6,AIR INDIA,,Unknown,A350-1000,A350,34.0,ODs-December-2023-Airbus-Commercial-Aircraft.xlsx,20230628
order,2023-08-17,2023,8,AIR ALGERIE,,Unknown,A350-1000,A350,2.0,ODs-December-2023-Airbus-Commercial-Aircraft.xlsx,20230817
order,2023-12-15,2023,12,AIR FRANCE - KLM GROUP,,Unknown,A350-1000,A350,11.0,ODs-December-2023-Airbus-Commercial-Aircraft.xlsx,20231215
order,2023-12-26,2023,12,TURKISH AIRLINES,,Unknown,A350-1000,A350,15.0,ODs-December-2023-Airbus-Commercial-Aircraft.xlsx,20231226
order,2023-12-27,2023,12,QANTAS AIRWAYS,,Unknown,A350-1000,A350,12.0,ODs-December-2023-Airbus-Commercial-Aircraft.xlsx,20231227
order,2023-12-29,2023,12,EVA AIR,,Unknown,A350-1000,A350,18.0,ODs-December-2023-Airbus-Commercial-Aircraft.xlsx,20231229
delivery,2023-10-26,2023,10,COMLUX,E,Europe and CIS,A220-100,A220,1.0,ODs-December-2023-Airbus-Commercial-Aircraft.xlsx,20231026
delivery,2023-10-31,2023,10,AIR LEASE CORPORATION (ITA AIRWAYS),N,North America,A220-100,A220,1.0,ODs-December-2023-Airbus-Commercial-Aircraft.xlsx,20231031
delivery,2023-12-11,2023,12,AIR LEASE CORPORATION (ITA AIRWAYS),N,North America,A220-100,A220,1.0,ODs-December-2023-Airbus-Commercial-Aircraft.xlsx,20231211
delivery,2023-01-13,2023,1,AIR CANADA,N,North America,A220-300,A220,1.0,ODs-December-2023-Airbus-Commercial-Aircraft.xlsx,20230113
delivery,2023-01-23,2023,1,IRAQI AIRWAYS,M,Middle East,A220-300,A220,1.0,ODs-December-2023-Airbus-Commercial-Aircraft.xlsx,20230123
delivery,2023-02-06,2023,2,AIR FRANCE,E,Europe and CIS,A220-300,A220,1.0,ODs-December-2023-Airbus-Commercial-Aircraft.xlsx,20230206
delivery,2023-02-09,2023,2,AIR FRANCE,E,Europe and CIS,A220-300,A220,1.0,ODs-December-2023-Airbus-Commercial-Aircraft.xlsx,20230209
delivery,2023-02-23,2023,2,DELTA AIR LINES,N,North America,A220-300,A220,1.0,ODs-December-2023-Airbus-Commercial-Aircraft.xlsx,20230223
delivery,2023-03-08,2023,3,JETBLUE AIRWAYS,N,North America,A220-300,A220,1.0,ODs-December-2023-Airbus-Commercial-Aircraft.xlsx,20230308
delivery,2023-03-10,2023,3,AIR FRANCE,E,Europe and CIS,A220-300,A220,1.0,ODs-December-2023-Airbus-Commercial-Aircraft.xlsx,20230310
delivery,2023-03-22,2023,3,BREEZE AIRWAYS,N,North America,A220-300,A220,1.0,ODs-December-2023-Airbus-Commercial-Aircraft.xlsx,20230322
delivery,2023-03-27,2023,3,AIR FRANCE,E,Europe and CIS,A220-300,A220,1.0,ODs-December-2023-Airbus-Commercial-Aircraft.xlsx,20230327
delivery,2023-03-31,2023,3,AIR FRANCE,E,Europe and CIS,A220-300,A220,1.0,ODs-December-2023-Airbus-Commercial-Aircraft.xlsx,20230331
delivery,2023-04-07,2023,4,JETBLUE AIRWAYS,N,North America,A220-300,A220,1.0,ODs-December-2023-Airbus-Commercial-Aircraft.xlsx,20230407
delivery,2023-04-14,2023,4,AIRBALTIC,E,Europe and CIS,A220-300,A220,1.0,ODs-December-2023-Airbus-Commercial-Aircraft.xlsx,20230414
delivery,2023-04-21,2023,4,AIR FRANCE,E,Europe and CIS,A220-300,A220,1.0,ODs-December-2023-Airbus-Commercial-Aircraft.xlsx,20230421
delivery,2023-04-28,2023,4,AIRBALTIC,E,Europe and CIS,A220-300,A220,1.0,ODs-December-2023-Airbus-Commercial-Aircraft.xlsx,20230428
delivery,2023-04-28,2023,4,AIR FRANCE,E,Europe and CIS,A220-300,A220,1.0,ODs-December-2023-Airbus-Commercial-Aircraft.xlsx,20230428
delivery,2023-04-28,2023,4,JETBLUE AIRWAYS,N,North America,A220-300,A220,1.0,ODs-December-2023-Airbus-Commercial-Aircraft.xlsx,20230428
delivery,2023-05-08,2023,5,BREEZE AIRWAYS,N,North America,A220-300,A220,1.0,ODs-December-2023-Airbus-Commercial-Aircraft.xlsx,20230508
delivery,2023-05-26,2023,5,AIRBALTIC,E,Europe and CIS,A220-300,A220,1.0,ODs-December-2023-Airbus-Commercial-Aircraft.xlsx,20230526
delivery,2023-05-26,2023,5,AIR FRANCE,E,Europe and CIS,A220-300,A220,1.0,ODs-December-2023-Airbus-Commercial-Aircraft.xlsx,20230526
delivery,2023-06-06,2023,6,AIR FRANCE,E,Europe and CIS,A220-300,A220,1.0,ODs-December-2023-Airbus-Commercial-Aircraft.xlsx,20230606
delivery,2023-06-06,2023,6,BREEZE AIRWAYS,N,North America,A220-300,A220,1.0,ODs-December-2023-Airbus-Commercial-Aircraft.xlsx,20230606
delivery,2023-06-16,2023,6,AIR LEASE CORPORATION (BULGARIA AIR),N,North America,A220-300,A220,1.0,ODs-December-2023-Airbus-Commercial-Aircraft.xlsx,20230616
delivery,2023-06-20,2023,6,AIR LEASE CORPORATION (CYPRUS AIRWAYS),N,North America,A220-300,A220,2.0,ODs-December-2023-Airbus-Commercial-Aircraft.xlsx,20230620
delivery,2023-06-28,2023,6,DELTA AIR LINES,N,North America,A220-300,A220,1.0,ODs-December-2023-Airbus-Commercial-Aircraft.xlsx,20230628
delivery,2023-07-10,2023,7,AIR FRANCE,E,Europe and CIS,A220-300,A220,1.0,ODs-December-2023-Airbus-Commercial-Aircraft.xlsx,20230710
delivery,2023-07-10,2023,7,BREEZE AIRWAYS,N,North America,A220-300,A220,1.0,ODs-December-2023-Airbus-Commercial-Aircraft.xlsx,20230710
delivery,2023-07-17,2023,7,AIR FRANCE,E,Europe and CIS,A220-300,A220,1.0,ODs-December-2023-Airbus-Commercial-Aircraft.xlsx,20230717
delivery,2023-07-24,2023,7,AIR FRANCE,E,Europe and CIS,A220-300,A220,1.0,ODs-December-2023-Airbus-Commercial-Aircraft.xlsx,20230724
delivery,2023-07-31,2023,7,DELTA AIR LINES,N,North America,A220-300,A220,1.0,ODs-December-2023-Airbus-Commercial-Aircraft.xlsx,20230731
delivery,2023-08-18,2023,8,JETBLUE AIRWAYS,N,North America,A220-300,A220,1.0,ODs-December-2023-Airbus-Commercial-Aircraft.xlsx,20230818
delivery,2023-08-19,2023,8,IRAQI AIRWAYS,M,Middle East,A220-300,A220,1.0,ODs-December-2023-Airbus-Commercial-Aircraft.xlsx,20230819
delivery,2023-08-21,2023,8,AIR LEASE CORPORATION (BULGARIA AIR),N,North America,A220-300,A220,1.0,ODs-December-2023-Airbus-Commercial-Aircraft.xlsx,20230821
delivery,2023-08-25,2023,8,AIR LEASE CORPORATION (AERO TRASPORTI ITALIANI),N,North America,A220-300,A220,1.0,ODs-December-2023-Airbus-Commercial-Aircraft.xlsx,20230825
delivery,2023-08-30,2023,8,BREEZE AIRWAYS,N,North America,A220-300,A220,1.0,ODs-December-2023-Airbus-Commercial-Aircraft.xlsx,20230830
delivery,2023-08-31,2023,8,AIRBALTIC,E,Europe and CIS,A220-300,A220,1.0,ODs-December-2023-Airbus-Commercial-Aircraft.xlsx,20230831
delivery,2023-08-31,2023,8,DELTA AIR LINES,N,North America,A220-300,A220,1.0,ODs-December-2023-Airbus-Commercial-Aircraft.xlsx,20230831
delivery,2023-09-01,2023,9,AIR FRANCE,E,Europe and CIS,A220-300,A220,1.0,ODs-December-2023-Airbus-Commercial-Aircraft.xlsx,20230901
delivery,2023-09-07,2023,9,AIR FRANCE,E,Europe and CIS,A220-300,A220,1.0,ODs-December-2023-Airbus-Commercial-Aircraft.xlsx,20230907
delivery,2023-09-08,2023,9,AIRBALTIC,E,Europe and CIS,A220-300,A220,1.0,ODs-December-2023-Airbus-Commercial-Aircraft.xlsx,20230908
delivery,2023-09-21,2023,9,JETBLUE AIRWAYS,N,North America,A220-300,A220,1.0,ODs-December-2023-Airbus-Commercial-Aircraft.xlsx,20230921
delivery,2023-10-06,2023,10,AIR LEASE CORPORATION (ITA AIRWAYS),N,North America,A220-300,A220,1.0,ODs-December-2023-Airbus-Commercial-Aircraft.xlsx,20231006
delivery,2023-10-09,2023,10,AIR LEASE CORPORATION (ITA AIRWAYS),N,North America,A220-300,A220,1.0,ODs-December-2023-Airbus-Commercial-Aircraft.xlsx,20231009
delivery,2023-10-10,2023,10,BREEZE AIRWAYS,N,North America,A220-300,A220,1.0,ODs-December-2023-Airbus-Commercial-Aircraft.xlsx,20231010
delivery,2023-10-17,2023,10,AIR FRANCE,E,Europe and CIS,A220-300,A220,1.0,ODs-December-2023-Airbus-Commercial-Aircraft.xlsx,20231017
delivery,2023-10-25,2023,10,BREEZE AIRWAYS,N,North America,A220-300,A220,1.0,ODs-December-2023-Airbus-Commercial-Aircraft.xlsx,20231025
delivery,2023-10-30,2023,10,DELTA AIR LINES,N,North America,A220-300,A220,1.0,ODs-December-2023-Airbus-Commercial-Aircraft.xlsx,20231030
delivery,2023-10-31,2023,10,AIR LEASE CORPORATION (BULGARIA AIR),N,North America,A220-300,A220,1.0,ODs-December-2023-Airbus-Commercial-Aircraft.xlsx,20231031
delivery,2023-11-02,2023,11,AIR FRANCE,E,Europe and CIS,A220-300,A220,1.0,ODs-December-2023-Airbus-Commercial-Aircraft.xlsx,20231102
delivery,2023-11-14,2023,11,JETBLUE AIRWAYS,N,North America,A220-300,A220,1.0,ODs-December-2023-Airbus-Commercial-Aircraft.xlsx,20231114
delivery,2023-11-16,2023,11,JETBLUE AIRWAYS,N,North America,A220-300,A220,1.0,ODs-December-2023-Airbus-Commercial-Aircraft.xlsx,20231116
delivery,2023-11-20,2023,11,AIRBALTIC,E,Europe and CIS,A220-300,A220,1.0,ODs-December-2023-Airbus-Commercial-Aircraft.xlsx,20231120
delivery,2023-11-20,2023,11,DELTA AIR LINES,N,North America,A220-300,A220,1.0,ODs-December-2023-Airbus-Commercial-Aircraft.xlsx,20231120
delivery,2023-11-21,2023,11,JETBLUE AIRWAYS,N,North America,A220-300,A220,1.0,ODs-December-2023-Airbus-Commercial-Aircraft.xlsx,20231121
delivery,2023-11-24,2023,11,IBOM AIR,F,Africa,A220-300,A220,1.0,ODs-December-2023-Airbus-Commercial-Aircraft.xlsx,20231124
delivery,2023-12-05,2023,12,AIR LEASE CORPORATION (ITA AIRWAYS),N,North America,A220-300,A220,1.0,ODs-December-2023-Airbus-Commercial-Aircraft.xlsx,20231205
delivery,2023-12-13,2023,12,BREEZE AIRWAYS,N,North America,A220-300,A220,1.0,ODs-December-2023-Airbus-Commercial-Aircraft.xlsx,20231213
delivery,2023-12-13,2023,12,JETBLUE AIRWAYS,N,North America,A220-300,A220,1.0,ODs-December-2023-Airbus-Commercial-Aircraft.xlsx,20231213
delivery,2023-12-14,2023,12,BREEZE AIRWAYS,N,North America,A220-300,A220,1.0,ODs-December-2023-Airbus-Commercial-Aircraft.xlsx,20231214
delivery,2023-12-15,2023,12,QANTAS AIRWAYS,A,Asia-Pacific,A220-300,A220,1.0,ODs-December-2023-Airbus-Commercial-Aircraft.xlsx,20231215
delivery,2023-12-18,2023,12,DELTA AIR LINES,N,North America,A220-300,A220,1.0,ODs-December-2023-Airbus-Commercial-Aircraft.xlsx,20231218
delivery,2023-12-19,2023,12,AIRBALTIC,E,Europe and CIS,A220-300,A220,1.0,ODs-December-2023-Airbus-Commercial-Aircraft.xlsx,20231219
delivery,2023-12-20,2023,12,DELTA AIR LINES,N,North America,A220-300,A220,1.0,ODs-December-2023-Airbus-Commercial-Aircraft.xlsx,20231220
delivery,2023-12-20,2023,12,JETBLUE AIRWAYS,N,North America,A220-300,A220,1.0,ODs-December-2023-Airbus-Commercial-Aircraft.xlsx,20231220
delivery,2023-12-27,2023,12,DELTA AIR LINES,N,North America,A220-300,A220,1.0,ODs-December-2023-Airbus-Commercial-Aircraft.xlsx,20231227
delivery,2023-01-17,2023,1,TIBET AIRLINES,A,Asia-Pacific,A319neo,A320 Family,1.0,ODs-December-2023-Airbus-Commercial-Aircraft.xlsx,20230117
delivery,2023-01-19,2023,1,TIBET AIRLINES,A,Asia-Pacific,A319neo,A320 Family,1.0,ODs-December-2023-Airbus-Commercial-Aircraft.xlsx,20230119
delivery,2023-04-07,2023,4,TIBET AIRLINES,A,Asia-Pacific,A319neo,A320 Family,1.0,ODs-December-2023-Airbus-Commercial-Aircraft.xlsx,20230407
delivery,2023-07-20,2023,7,TIBET AIRLINES,A,Asia-Pacific,A319neo,A320 Family,1.0,ODs-December-2023-Airbus-Commercial-Aircraft.xlsx,20230720
delivery,2023-08-31,2023,8,TIBET AIRLINES,A,Asia-Pacific,A319neo,A320 Family,1.0,ODs-December-2023-Airbus-Commercial-Aircraft.xlsx,20230831
delivery,2023-09-25,2023,9,TIBET AIRLINES,A,Asia-Pacific,A319neo,A320 Family,1.0,ODs-December-2023-Airbus-Commercial-Aircraft.xlsx,20230925
delivery,2023-12-18,2023,12,PRIVATE CUSTOMER,,Unknown,A319neo,A320 Family,1.0,ODs-December-2023-Airbus-Commercial-Aircraft.xlsx,20231218
delivery,2023-01-19,2023,1,LUFTHANSA (LUFTHANSA CITYLINE),E,Europe and CIS,A320neo,A320 Family,1.0,ODs-December-2023-Airbus-Commercial-Aircraft.xlsx,20230119
delivery,2023-01-20,2023,1,GO FIRST,A,Asia-Pacific,A320neo,A320 Family,1.0,ODs-December-2023-Airbus-Commercial-Aircraft.xlsx,20230120
delivery,2023-01-23,2023,1,DAE CAPITAL,M,Middle East,A320neo,A320 Family,1.0,ODs-December-2023-Airbus-Commercial-Aircraft.xlsx,20230123
delivery,2023-01-23,2023,1,SMBC AVIATION CAPITAL (SPIRIT AIRLINES),E,Europe and CIS,A320neo,A320 Family,1.0,ODs-December-2023-Airbus-Commercial-Aircraft.xlsx,20230123
delivery,2023-01-25,2023,1,INDIGO,A,Asia-Pacific,A320neo,A320 Family,1.0,ODs-December-2023-Airbus-Commercial-Aircraft.xlsx,20230125
delivery,2023-01-31,2023,1,SMBC AVIATION CAPITAL (SPIRIT AIRLINES),E,Europe and CIS,A320neo,A320 Family,1.0,ODs-December-2023-Airbus-Commercial-Aircraft.xlsx,20230131
delivery,2023-02-07,2023,2,ALAFCO (VOLARIS),M,Middle East,A320neo,A320 Family,1.0,ODs-December-2023-Airbus-Commercial-Aircraft.xlsx,20230207
delivery,2023-02-08,2023,2,FLYNAS,M,Middle East,A320neo,A320 Family,1.0,ODs-December-2023-Airbus-Commercial-Aircraft.xlsx,20230208
delivery,2023-02-15,2023,2,LUFTHANSA (EUROWINGS),E,Europe and CIS,A320neo,A320 Family,1.0,ODs-December-2023-Airbus-Commercial-Aircraft.xlsx,20230215
delivery,2023-02-16,2023,2,AVOLON (VISTARA),E,Europe and CIS,A320neo,A320 Family,1.0,ODs-December-2023-Airbus-Commercial-Aircraft.xlsx,20230216
delivery,2023-02-17,2023,2,AEGEAN AIRLINES,E,Europe and CIS,A320neo,A320 Family,1.0,ODs-December-2023-Airbus-Commercial-Aircraft.xlsx,20230217
delivery,2023-02-21,2023,2,CALC (AIR CAIRO),A,Asia-Pacific,A320neo,A320 Family,1.0,ODs-December-2023-Airbus-Commercial-Aircraft.xlsx,20230221
delivery,2023-02-21,2023,2,CALC (VOLARIS),A,Asia-Pacific,A320neo,A320 Family,1.0,ODs-December-2023-Airbus-Commercial-Aircraft.xlsx,20230221
delivery,2023-02-21,2023,2,SAS,E,Europe and CIS,A320neo,A320 Family,1.0,ODs-December-2023-Airbus-Commercial-Aircraft.xlsx,20230221
delivery,2023-02-24,2023,2,AZUL FINANCE LLC (AZUL),L,Latin America & Caribbean,A320neo,A320 Family,1.0,ODs-December-2023-Airbus-Commercial-Aircraft.xlsx,20230224
delivery,2023-02-27,2023,2,CDB LEASING (AVIANCA),A,Asia-Pacific,A320neo,A320 Family,1.0,ODs-December-2023-Airbus-Commercial-Aircraft.xlsx,20230227
delivery,2023-02-27,2023,2,SPRING AIRLINES,A,Asia-Pacific,A320neo,A320 Family,1.0,ODs-December-2023-Airbus-Commercial-Aircraft.xlsx,20230227
delivery,2023-02-28,2023,2,AVOLON (VISTARA),E,Europe and CIS,A320neo,A320 Family,1.0,ODs-December-2023-Airbus-Commercial-Aircraft.xlsx,20230228
delivery,2023-02-28,2023,2,NAS AVIATION SERVICES (AIR CAIRO),N,North America,A320neo,A320 Family,1.0,ODs-December-2023-Airbus-Commercial-Aircraft.xlsx,20230228
delivery,2023-03-06,2023,3,CDB LEASING (AVIANCA),A,Asia-Pacific,A320neo,A320 Family,1.0,ODs-December-2023-Airbus-Commercial-Aircraft.xlsx,20230306
delivery,2023-03-07,2023,3,SAS,E,Europe and CIS,A320neo,A320 Family,1.0,ODs-December-2023-Airbus-Commercial-Aircraft.xlsx,20230307
delivery,2023-03-09,2023,3,NAS AVIATION SERVICES (AVIANCA),N,North America,A320neo,A320 Family,1.0,ODs-December-2023-Airbus-Commercial-Aircraft.xlsx,20230309
delivery,2023-03-09,2023,3,SPIRIT AIRLINES,N,North America,A320neo,A320 Family,1.0,ODs-December-2023-Airbus-Commercial-Aircraft.xlsx,20230309
delivery,2023-03-13,2023,3,BOCOM LEASING (CHINA EASTERN AIRLINES),A,Asia-Pacific,A320neo,A320 Family,1.0,ODs-December-2023-Airbus-Commercial-Aircraft.xlsx,20230313
delivery,2023-03-15,2023,3,AEGEAN AIRLINES,E,Europe and CIS,A320neo,A320 Family,1.0,ODs-December-2023-Airbus-Commercial-Aircraft.xlsx,20230315
delivery,2023-03-16,2023,3,LUFTHANSA (LUFTHANSA CITYLINE),E,Europe and CIS,A320neo,A320 Family,1.0,ODs-December-2023-Airbus-Commercial-Aircraft.xlsx,20230316
delivery,2023-03-16,2023,3,SMBC AVIATION CAPITAL (TURKISH AIRLINES),E,Europe and CIS,A320neo,A320 Family,1.0,ODs-December-2023-Airbus-Commercial-Aircraft.xlsx,20230316
delivery,2023-03-20,2023,3,BOCOM LEASING (CHINA EASTERN AIRLINES),A,Asia-Pacific,A320neo,A320 Family,1.0,ODs-December-2023-Airbus-Commercial-Aircraft.xlsx,20230320
delivery,2023-03-20,2023,3,CDB LEASING (AIR ASTANA),A,Asia-Pacific,A320neo,A320 Family,1.0,ODs-December-2023-Airbus-Commercial-Aircraft.xlsx,20230320
delivery,2023-03-21,2023,3,AERCAP (LOONG AIR),E,Europe and CIS,A320neo,A320 Family,1.0,ODs-December-2023-Airbus-Commercial-Aircraft.xlsx,20230321
delivery,2023-03-22,2023,3,CALC (AIR CAIRO),A,Asia-Pacific,A320neo,A320 Family,1.0,ODs-December-2023-Airbus-Commercial-Aircraft.xlsx,20230322
delivery,2023-03-23,2023,3,AVIATION CAPITAL GROUP (SPIRIT AIRLINES),N,North America,A320neo,A320 Family,1.0,ODs-December-2023-Airbus-Commercial-Aircraft.xlsx,20230323
delivery,2023-03-24,2023,3,NAS AVIATION SERVICES (AIR MALTA),N,North America,A320neo,A320 Family,1.0,ODs-December-2023-Airbus-Commercial-Aircraft.xlsx,20230324
delivery,2023-03-27,2023,3,AERCAP (AEGEAN AIRLINES),E,Europe and CIS,A320neo,A320 Family,1.0,ODs-December-2023-Airbus-Commercial-Aircraft.xlsx,20230327
delivery,2023-03-27,2023,3,FLYNAS,M,Middle East,A320neo,A320 Family,1.0,ODs-December-2023-Airbus-Commercial-Aircraft.xlsx,20230327
delivery,2023-03-27,2023,3,INDIGO,A,Asia-Pacific,A320neo,A320 Family,1.0,ODs-December-2023-Airbus-Commercial-Aircraft.xlsx,20230327
delivery,2023-03-28,2023,3,IBERIA,E,Europe and CIS,A320neo,A320 Family,1.0,ODs-December-2023-Airbus-Commercial-Aircraft.xlsx,20230328
delivery,2023-03-28,2023,3,PEACH,A,Asia-Pacific,A320neo,A320 Family,1.0,ODs-December-2023-Airbus-Commercial-Aircraft.xlsx,20230328
delivery,2023-03-29,2023,3,EASYJET,E,Europe and CIS,A320neo,A320 Family,2.0,ODs-December-2023-Airbus-Commercial-Aircraft.xlsx,20230329
delivery,2023-03-29,2023,3,INDIGO,A,Asia-Pacific,A320neo,A320 Family,1.0,ODs-December-2023-Airbus-Commercial-Aircraft.xlsx,20230329
delivery,2023-03-29,2023,3,VISTARA,A,Asia-Pacific,A320neo,A320 Family,1.0,ODs-December-2023-Airbus-Commercial-Aircraft.xlsx,20230329
delivery,2023-03-30,2023,3,SAS,E,Europe and CIS,A320neo,A320 Family,1.0,ODs-December-2023-Airbus-Commercial-Aircraft.xlsx,20230330
delivery,2023-03-30,2023,3,SPIRIT AIRLINES,N,North America,A320neo,A320 Family,1.0,ODs-December-2023-Airbus-Commercial-Aircraft.xlsx,20230330
delivery,2023-03-31,2023,3,SAS,E,Europe and CIS,A320neo,A320 Family,1.0,ODs-December-2023-Airbus-Commercial-Aircraft.xlsx,20230331
delivery,2023-04-06,2023,4,AIR LEASE CORPORATION (ITA AIRWAYS),N,North America,A320neo,A320 Family,1.0,ODs-December-2023-Airbus-Commercial-Aircraft.xlsx,20230406
delivery,2023-04-06,2023,4,NAS AVIATION SERVICES (PLAY),N,North America,A320neo,A320 Family,1.0,ODs-December-2023-Airbus-Commercial-Aircraft.xlsx,20230406
delivery,2023-04-06,2023,4,SMBC AVIATION CAPITAL (SPIRIT AIRLINES),E,Europe and CIS,A320neo,A320 Family,1.0,ODs-December-2023-Airbus-Commercial-Aircraft.xlsx,20230406
delivery,2023-04-06,2023,4,SPIRIT AIRLINES,N,North America,A320neo,A320 Family,1.0,ODs-December-2023-Airbus-Commercial-Aircraft.xlsx,20230406
delivery,2023-04-11,2023,4,SAUDIA (FLYADEAL),M,Middle East,A320neo,A320 Family,1.0,ODs-December-2023-Airbus-Commercial-Aircraft.xlsx,20230411
delivery,2023-04-12,2023,4,AERCAP (AEGEAN AIRLINES),E,Europe and CIS,A320neo,A320 Family,1.0,ODs-December-2023-Airbus-Commercial-Aircraft.xlsx,20230412
delivery,2023-04-14,2023,4,AERCAP (TIANJIN AIRLINES),E,Europe and CIS,A320neo,A320 Family,1.0,ODs-December-2023-Airbus-Commercial-Aircraft.xlsx,20230414
delivery,2023-04-14,2023,4,CEBU PACIFIC,A,Asia-Pacific,A320neo,A320 Family,1.0,ODs-December-2023-Airbus-Commercial-Aircraft.xlsx,20230414
delivery,2023-04-17,2023,4,INDIGO,A,Asia-Pacific,A320neo,A320 Family,1.0,ODs-December-2023-Airbus-Commercial-Aircraft.xlsx,20230417
delivery,2023-04-18,2023,4,AVIATION CAPITAL GROUP (SPIRIT AIRLINES),N,North America,A320neo,A320 Family,1.0,ODs-December-2023-Airbus-Commercial-Aircraft.xlsx,20230418
delivery,2023-04-20,2023,4,VISTARA,A,Asia-Pacific,A320neo,A320 Family,1.0,ODs-December-2023-Airbus-Commercial-Aircraft.xlsx,20230420
delivery,2023-04-21,2023,4,BRITISH AIRWAYS,E,Europe and CIS,A320neo,A320 Family,1.0,ODs-December-2023-Airbus-Commercial-Aircraft.xlsx,20230421
delivery,2023-04-25,2023,4,AEGEAN AIRLINES,E,Europe and CIS,A320neo,A320 Family,1.0,ODs-December-2023-Airbus-Commercial-Aircraft.xlsx,20230425
delivery,2023-04-26,2023,4,AIR LEASE CORPORATION (ITA AIRWAYS),N,North America,A320neo,A320 Family,1.0,ODs-December-2023-Airbus-Commercial-Aircraft.xlsx,20230426
delivery,2023-04-26,2023,4,FLYNAS,M,Middle East,A320neo,A320 Family,1.0,ODs-December-2023-Airbus-Commercial-Aircraft.xlsx,20230426
delivery,2023-04-27,2023,4,BOCOM LEASING (CHINA EASTERN AIRLINES),A,Asia-Pacific,A320neo,A320 Family,1.0,ODs-December-2023-Airbus-Commercial-Aircraft.xlsx,20230427
delivery,2023-04-27,2023,4,FLYNAS,M,Middle East,A320neo,A320 Family,1.0,ODs-December-2023-Airbus-Commercial-Aircraft.xlsx,20230427
delivery,2023-05-03,2023,5,CDB LEASING (AVIANCA),A,Asia-Pacific,A320neo,A320 Family,1.0,ODs-December-2023-Airbus-Commercial-Aircraft.xlsx,20230503
delivery,2023-05-09,2023,5,AVOLON (CEBU PACIFIC),E,Europe and CIS,A320neo,A320 Family,1.0,ODs-December-2023-Airbus-Commercial-Aircraft.xlsx,20230509
delivery,2023-05-09,2023,5,INDIGO,A,Asia-Pacific,A320neo,A320 Family,1.0,ODs-December-2023-Airbus-Commercial-Aircraft.xlsx,20230509
delivery,2023-05-11,2023,5,AZUL FINANCE LLC (AZUL),L,Latin America & Caribbean,A320neo,A320 Family,1.0,ODs-December-2023-Airbus-Commercial-Aircraft.xlsx,20230511
delivery,2023-05-11,2023,5,SMBC AVIATION CAPITAL (AEGEAN AIRLINES),E,Europe and CIS,A320neo,A320 Family,1.0,ODs-December-2023-Airbus-Commercial-Aircraft.xlsx,20230511
delivery,2023-05-12,2023,5,BOCOM LEASING (CHINA EASTERN AIRLINES),A,Asia-Pacific,A320neo,A320 Family,1.0,ODs-December-2023-Airbus-Commercial-Aircraft.xlsx,20230512
delivery,2023-05-15,2023,5,CHENGDU AIRLINES,A,Asia-Pacific,A320neo,A320 Family,1.0,ODs-December-2023-Airbus-Commercial-Aircraft.xlsx,20230515
delivery,2023-05-16,2023,5,AVOLON (ITA AIRWAYS),E,Europe and CIS,A320neo,A320 Family,1.0,ODs-December-2023-Airbus-Commercial-Aircraft.xlsx,20230516
delivery,2023-05-17,2023,5,AEGEAN AIRLINES,E,Europe and CIS,A320neo,A320 Family,1.0,ODs-December-2023-Airbus-Commercial-Aircraft.xlsx,20230517
delivery,2023-05-17,2023,5,KUWAIT AIRWAYS,M,Middle East,A320neo,A320 Family,1.0,ODs-December-2023-Airbus-Commercial-Aircraft.xlsx,20230517
delivery,2023-05-18,2023,5,CHENGDU AIRLINES,A,Asia-Pacific,A320neo,A320 Family,1.0,ODs-December-2023-Airbus-Commercial-Aircraft.xlsx,20230518
delivery,2023-05-19,2023,5,CALC (CHINA EASTERN AIRLINES),A,Asia-Pacific,A320neo,A320 Family,1.0,ODs-December-2023-Airbus-Commercial-Aircraft.xlsx,20230519
delivery,2023-05-19,2023,5,VOLARIS,L,Latin America & Caribbean,A320neo,A320 Family,1.0,ODs-December-2023-Airbus-Commercial-Aircraft.xlsx,20230519
delivery,2023-05-26,2023,5,BOCOM LEASING (CHINA EASTERN AIRLINES),A,Asia-Pacific,A320neo,A320 Family,1.0,ODs-December-2023-Airbus-Commercial-Aircraft.xlsx,20230526
delivery,2023-05-26,2023,5,SPIRIT AIRLINES,N,North America,A320neo,A320 Family,1.0,ODs-December-2023-Airbus-Commercial-Aircraft.xlsx,20230526
delivery,2023-05-30,2023,5,BOC AVIATION,A,Asia-Pacific,A320neo,A320 Family,1.0,ODs-December-2023-Airbus-Commercial-Aircraft.xlsx,20230530
delivery,2023-05-30,2023,5,LUFTHANSA (LUFTHANSA CITYLINE),E,Europe and CIS,A320neo,A320 Family,1.0,ODs-December-2023-Airbus-Commercial-Aircraft.xlsx,20230530
delivery,2023-05-30,2023,5,SAS,E,Europe and CIS,A320neo,A320 Family,1.0,ODs-December-2023-Airbus-Commercial-Aircraft.xlsx,20230530
delivery,2023-05-31,2023,5,AERCAP (TIANJIN AIRLINES),E,Europe and CIS,A320neo,A320 Family,1.0,ODs-December-2023-Airbus-Commercial-Aircraft.xlsx,20230531
delivery,2023-06-02,2023,6,LATAM AIRLINES GROUP (LATAM AIRLINES BRASIL),L,Latin America & Caribbean,A320neo,A320 Family,1.0,ODs-December-2023-Airbus-Commercial-Aircraft.xlsx,20230602
delivery,2023-06-07,2023,6,ANA HOLDINGS (PEACH),A,Asia-Pacific,A320neo,A320 Family,1.0,ODs-December-2023-Airbus-Commercial-Aircraft.xlsx,20230607
delivery,2023-06-08,2023,6,EASYJET,E,Europe and CIS,A320neo,A320 Family,1.0,ODs-December-2023-Airbus-Commercial-Aircraft.xlsx,20230608
delivery,2023-06-12,2023,6,BOC AVIATION (UZBEKISTAN AIRWAYS),A,Asia-Pacific,A320neo,A320 Family,1.0,ODs-December-2023-Airbus-Commercial-Aircraft.xlsx,20230612
delivery,2023-06-12,2023,6,INDIGO,A,Asia-Pacific,A320neo,A320 Family,1.0,ODs-December-2023-Airbus-Commercial-Aircraft.xlsx,20230612
delivery,2023-06-12,2023,6,LUFTHANSA (AUSTRIAN AIRLINES),E,Europe and CIS,A320neo,A320 Family,1.0,ODs-December-2023-Airbus-Commercial-Aircraft.xlsx,20230612
delivery,2023-06-13,2023,6,MALTA MEDAIR (AIR MALTA),E,Europe and CIS,A320neo,A320 Family,1.0,ODs-December-2023-Airbus-Commercial-Aircraft.xlsx,20230613
delivery,2023-06-13,2023,6,SMBC AVIATION CAPITAL (STAR FLYER),E,Europe and CIS,A320neo,A320 Family,1.0,ODs-December-2023-Airbus-Commercial-Aircraft.xlsx,20230613
delivery,2023-06-14,2023,6,SAUDIA (FLYADEAL),M,Middle East,A320neo,A320 Family,1.0,ODs-December-2023-Airbus-Commercial-Aircraft.xlsx,20230614
delivery,2023-06-15,2023,6,AVOLON (ITA AIRWAYS),E,Europe and CIS,A320neo,A320 Family,1.0,ODs-December-2023-Airbus-Commercial-Aircraft.xlsx,20230615
delivery,2023-06-15,2023,6,FLYNAS,M,Middle East,A320neo,A320 Family,1.0,ODs-December-2023-Airbus-Commercial-Aircraft.xlsx,20230615
delivery,2023-06-15,2023,6,SPIRIT AIRLINES,N,North America,A320neo,A320 Family,1.0,ODs-December-2023-Airbus-Commercial-Aircraft.xlsx,20230615
delivery,2023-06-16,2023,6,CHENGDU AIRLINES,A,Asia-Pacific,A320neo,A320 Family,1.0,ODs-December-2023-Airbus-Commercial-Aircraft.xlsx,20230616
delivery,2023-06-19,2023,6,ANA HOLDINGS (PEACH),A,Asia-Pacific,A320neo,A320 Family,1.0,ODs-December-2023-Airbus-Commercial-Aircraft.xlsx,20230619
delivery,2023-06-20,2023,6,FLYNAS,M,Middle East,A320neo,A320 Family,1.0,ODs-December-2023-Airbus-Commercial-Aircraft.xlsx,20230620
delivery,2023-06-22,2023,6,BOC AVIATION,A,Asia-Pacific,A320neo,A320 Family,1.0,ODs-December-2023-Airbus-Commercial-Aircraft.xlsx,20230622
delivery,2023-06-22,2023,6,EASYJET,E,Europe and CIS,A320neo,A320 Family,1.0,ODs-December-2023-Airbus-Commercial-Aircraft.xlsx,20230622
delivery,2023-06-23,2023,6,BOC AVIATION,A,Asia-Pacific,A320neo,A320 Family,1.0,ODs-December-2023-Airbus-Commercial-Aircraft.xlsx,20230623
delivery,2023-06-27,2023,6,NAS AVIATION SERVICES (ITA AIRWAYS),N,North America,A320neo,A320 Family,1.0,ODs-December-2023-Airbus-Commercial-Aircraft.xlsx,20230627
delivery,2023-06-28,2023,6,LUFTHANSA (AUSTRIAN AIRLINES),E,Europe and CIS,A320neo,A320 Family,1.0,ODs-December-2023-Airbus-Commercial-Aircraft.xlsx,20230628
delivery,2023-06-29,2023,6,BOC AVIATION (VIVA AEROBUS),A,Asia-Pacific,A320neo,A320 Family,1.0,ODs-December-2023-Airbus-Commercial-Aircraft.xlsx,20230629
delivery,2023-06-29,2023,6,CALC (CHINA EASTERN AIRLINES),A,Asia-Pacific,A320neo,A320 Family,1.0,ODs-December-2023-Airbus-Commercial-Aircraft.xlsx,20230629
delivery,2023-06-29,2023,6,CEBU PACIFIC,A,Asia-Pacific,A320neo,A320 Family,1.0,ODs-December-2023-Airbus-Commercial-Aircraft.xlsx,20230629
delivery,2023-06-30,2023,6,INDIGO,A,Asia-Pacific,A320neo,A320 Family,1.0,ODs-December-2023-Airbus-Commercial-Aircraft.xlsx,20230630
delivery,2023-06-30,2023,6,SPRING AIRLINES,A,Asia-Pacific,A320neo,A320 Family,1.0,ODs-December-2023-Airbus-Commercial-Aircraft.xlsx,20230630
delivery,2023-07-06,2023,7,IBERIA,E,Europe and CIS,A320neo,A320 Family,1.0,ODs-December-2023-Airbus-Commercial-Aircraft.xlsx,20230706
delivery,2023-07-10,2023,7,CDB LEASING (AIR ASTANA),A,Asia-Pacific,A320neo,A320 Family,1.0,ODs-December-2023-Airbus-Commercial-Aircraft.xlsx,20230710
delivery,2023-07-10,2023,7,LATAM AIRLINES GROUP (LATAM AIRLINES BRASIL),L,Latin America & Caribbean,A320neo,A320 Family,1.0,ODs-December-2023-Airbus-Commercial-Aircraft.xlsx,20230710
delivery,2023-07-11,2023,7,INDIGO,A,Asia-Pacific,A320neo,A320 Family,1.0,ODs-December-2023-Airbus-Commercial-Aircraft.xlsx,20230711
delivery,2023-07-13,2023,7,BOC AVIATION,A,Asia-Pacific,A320neo,A320 Family,1.0,ODs-December-2023-Airbus-Commercial-Aircraft.xlsx,20230713
delivery,2023-07-13,2023,7,EASYJET,E,Europe and CIS,A320neo,A320 Family,1.0,ODs-December-2023-Airbus-Commercial-Aircraft.xlsx,20230713
delivery,2023-07-14,2023,7,AER LINGUS,E,Europe and CIS,A320neo,A320 Family,1.0,ODs-December-2023-Airbus-Commercial-Aircraft.xlsx,20230714
delivery,2023-07-18,2023,7,CDB LEASING (AVIANCA),A,Asia-Pacific,A320neo,A320 Family,1.0,ODs-December-2023-Airbus-Commercial-Aircraft.xlsx,20230718
delivery,2023-07-20,2023,7,CALC (CHINA EASTERN AIRLINES),A,Asia-Pacific,A320neo,A320 Family,1.0,ODs-December-2023-Airbus-Commercial-Aircraft.xlsx,20230720
delivery,2023-07-21,2023,7,BOC AVIATION (UZBEKISTAN AIRWAYS),A,Asia-Pacific,A320neo,A320 Family,1.0,ODs-December-2023-Airbus-Commercial-Aircraft.xlsx,20230721
delivery,2023-07-24,2023,7,INDIGO,A,Asia-Pacific,A320neo,A320 Family,1.0,ODs-December-2023-Airbus-Commercial-Aircraft.xlsx,20230724
delivery,2023-07-25,2023,7,BOC AVIATION,A,Asia-Pacific,A320neo,A320 Family,2.0,ODs-December-2023-Airbus-Commercial-Aircraft.xlsx,20230725
delivery,2023-07-27,2023,7,BOCOM LEASING (CHINA EASTERN AIRLINES),A,Asia-Pacific,A320neo,A320 Family,1.0,ODs-December-2023-Airbus-Commercial-Aircraft.xlsx,20230727
delivery,2023-07-28,2023,7,INDIGO,A,Asia-Pacific,A320neo,A320 Family,1.0,ODs-December-2023-Airbus-Commercial-Aircraft.xlsx,20230728
delivery,2023-07-31,2023,7,BOCOM LEASING (CHINA EASTERN AIRLINES),A,Asia-Pacific,A320neo,A320 Family,1.0,ODs-December-2023-Airbus-Commercial-Aircraft.xlsx,20230731
delivery,2023-07-31,2023,7,CHINA EXPRESS AIRLINES (HUAXIA AIRLINES),A,Asia-Pacific,A320neo,A320 Family,1.0,ODs-December-2023-Airbus-Commercial-Aircraft.xlsx,20230731
delivery,2023-08-04,2023,8,INDIGO,A,Asia-Pacific,A320neo,A320 Family,1.0,ODs-December-2023-Airbus-Commercial-Aircraft.xlsx,20230804
delivery,2023-08-08,2023,8,INDIGO,A,Asia-Pacific,A320neo,A320 Family,1.0,ODs-December-2023-Airbus-Commercial-Aircraft.xlsx,20230808
delivery,2023-08-10,2023,8,BOCOM LEASING (CHINA EASTERN AIRLINES),A,Asia-Pacific,A320neo,A320 Family,1.0,ODs-December-2023-Airbus-Commercial-Aircraft.xlsx,20230810
delivery,2023-08-10,2023,8,LATAM AIRLINES GROUP (LATAM AIRLINES BRASIL),L,Latin America & Caribbean,A320neo,A320 Family,1.0,ODs-December-2023-Airbus-Commercial-Aircraft.xlsx,20230810
delivery,2023-08-10,2023,8,SPIRIT AIRLINES,N,North America,A320neo,A320 Family,1.0,ODs-December-2023-Airbus-Commercial-Aircraft.xlsx,20230810
delivery,2023-08-23,2023,8,BOCOM LEASING (CHINA SOUTHERN AIRLINES),A,Asia-Pacific,A320neo,A320 Family,1.0,ODs-December-2023-Airbus-Commercial-Aircraft.xlsx,20230823
delivery,2023-08-23,2023,8,TUNISAIR,F,Africa,A320neo,A320 Family,1.0,ODs-December-2023-Airbus-Commercial-Aircraft.xlsx,20230823
delivery,2023-08-24,2023,8,AEGEAN AIRLINES,E,Europe and CIS,A320neo,A320 Family,1.0,ODs-December-2023-Airbus-Commercial-Aircraft.xlsx,20230824
delivery,2023-08-24,2023,8,JETSMART (CHILE) (JETSMART),L,Latin America & Caribbean,A320neo,A320 Family,1.0,ODs-December-2023-Airbus-Commercial-Aircraft.xlsx,20230824
delivery,2023-08-25,2023,8,PEACH,A,Asia-Pacific,A320neo,A320 Family,1.0,ODs-December-2023-Airbus-Commercial-Aircraft.xlsx,20230825
delivery,2023-08-29,2023,8,FLYNAS,M,Middle East,A320neo,A320 Family,1.0,ODs-December-2023-Airbus-Commercial-Aircraft.xlsx,20230829
delivery,2023-08-29,2023,8,INDIGO,A,Asia-Pacific,A320neo,A320 Family,1.0,ODs-December-2023-Airbus-Commercial-Aircraft.xlsx,20230829
delivery,2023-08-30,2023,8,LUFTHANSA (LUFTHANSA CITYLINE),E,Europe and CIS,A320neo,A320 Family,1.0,ODs-December-2023-Airbus-Commercial-Aircraft.xlsx,20230830
delivery,2023-08-30,2023,8,SPIRIT AIRLINES,N,North America,A320neo,A320 Family,1.0,ODs-December-2023-Airbus-Commercial-Aircraft.xlsx,20230830
delivery,2023-08-31,2023,8,AEGEAN AIRLINES,E,Europe and CIS,A320neo,A320 Family,1.0,ODs-December-2023-Airbus-Commercial-Aircraft.xlsx,20230831
delivery,2023-08-31,2023,8,NAS AVIATION SERVICES (ITA AIRWAYS),N,North America,A320neo,A320 Family,1.0,ODs-December-2023-Airbus-Commercial-Aircraft.xlsx,20230831
delivery,2023-08-31,2023,8,SAS,E,Europe and CIS,A320neo,A320 Family,1.0,ODs-December-2023-Airbus-Commercial-Aircraft.xlsx,20230831
delivery,2023-09-01,2023,9,LATAM AIRLINES GROUP (LATAM AIRLINES BRASIL),L,Latin America & Caribbean,A320neo,A320 Family,1.0,ODs-December-2023-Airbus-Commercial-Aircraft.xlsx,20230901
delivery,2023-09-06,2023,9,EASYJET,E,Europe and CIS,A320neo,A320 Family,1.0,ODs-December-2023-Airbus-Commercial-Aircraft.xlsx,20230906
delivery,2023-09-07,2023,9,FLYNAS,M,Middle East,A320neo,A320 Family,1.0,ODs-December-2023-Airbus-Commercial-Aircraft.xlsx,20230907
delivery,2023-09-08,2023,9,SPRING AIRLINES,A,Asia-Pacific,A320neo,A320 Family,1.0,ODs-December-2023-Airbus-Commercial-Aircraft.xlsx,20230908
delivery,2023-09-11,2023,9,INDIGO,A,Asia-Pacific,A320neo,A320 Family,1.0,ODs-December-2023-Airbus-Commercial-Aircraft.xlsx,20230911
delivery,2023-09-12,2023,9,SAUDIA (FLYADEAL),M,Middle East,A320neo,A320 Family,1.0,ODs-December-2023-Airbus-Commercial-Aircraft.xlsx,20230912
delivery,2023-09-13,2023,9,INDIGO,A,Asia-Pacific,A320neo,A320 Family,1.0,ODs-December-2023-Airbus-Commercial-Aircraft.xlsx,20230913
delivery,2023-09-13,2023,9,PEACH,A,Asia-Pacific,A320neo,A320 Family,1.0,ODs-December-2023-Airbus-Commercial-Aircraft.xlsx,20230913
delivery,2023-09-15,2023,9,BOCOM LEASING (CHINA SOUTHERN AIRLINES),A,Asia-Pacific,A320neo,A320 Family,1.0,ODs-December-2023-Airbus-Commercial-Aircraft.xlsx,20230915
delivery,2023-09-19,2023,9,VISTARA,A,Asia-Pacific,A320neo,A320 Family,1.0,ODs-December-2023-Airbus-Commercial-Aircraft.xlsx,20230919
delivery,2023-09-20,2023,9,NAS AVIATION SERVICES (AVIANCA),N,North America,A320neo,A320 Family,1.0,ODs-December-2023-Airbus-Commercial-Aircraft.xlsx,20230920
delivery,2023-09-25,2023,9,CDB LEASING (AIR ASTANA),A,Asia-Pacific,A320neo,A320 Family,1.0,ODs-December-2023-Airbus-Commercial-Aircraft.xlsx,20230925
delivery,2023-09-25,2023,9,FLYNAS,M,Middle East,A320neo,A320 Family,1.0,ODs-December-2023-Airbus-Commercial-Aircraft.xlsx,20230925
delivery,2023-09-25,2023,9,NAS AVIATION SERVICES (ITA AIRWAYS),N,North America,A320neo,A320 Family,1.0,ODs-December-2023-Airbus-Commercial-Aircraft.xlsx,20230925
delivery,2023-09-26,2023,9,FLYNAS,M,Middle East,A320neo,A320 Family,1.0,ODs-December-2023-Airbus-Commercial-Aircraft.xlsx,20230926
delivery,2023-09-26,2023,9,INDIGO,A,Asia-Pacific,A320neo,A320 Family,1.0,ODs-December-2023-Airbus-Commercial-Aircraft.xlsx,20230926
delivery,2023-09-26,2023,9,SPIRIT AIRLINES,N,North America,A320neo,A320 Family,1.0,ODs-December-2023-Airbus-Commercial-Aircraft.xlsx,20230926
delivery,2023-09-27,2023,9,FLYNAS,M,Middle East,A320neo,A320 Family,1.0,ODs-December-2023-Airbus-Commercial-Aircraft.xlsx,20230927
delivery,2023-09-28,2023,9,BOC AVIATION (ITA AIRWAYS),A,Asia-Pacific,A320neo,A320 Family,1.0,ODs-December-2023-Airbus-Commercial-Aircraft.xlsx,20230928
delivery,2023-09-28,2023,9,EASYJET,E,Europe and CIS,A320neo,A320 Family,1.0,ODs-December-2023-Airbus-Commercial-Aircraft.xlsx,20230928
delivery,2023-09-28,2023,9,ICBC LEASING (TIGERAIR TAIWAN),A,Asia-Pacific,A320neo,A320 Family,1.0,ODs-December-2023-Airbus-Commercial-Aircraft.xlsx,20230928
delivery,2023-09-28,2023,9,INDIGO,A,Asia-Pacific,A320neo,A320 Family,1.0,ODs-December-2023-Airbus-Commercial-Aircraft.xlsx,20230928
delivery,2023-09-28,2023,9,VISTARA,A,Asia-Pacific,A320neo,A320 Family,1.0,ODs-December-2023-Airbus-Commercial-Aircraft.xlsx,20230928
delivery,2023-10-05,2023,10,FLYNAS,M,Middle East,A320neo,A320 Family,1.0,ODs-December-2023-Airbus-Commercial-Aircraft.xlsx,20231005
delivery,2023-10-09,2023,10,FLYNAS,M,Middle East,A320neo,A320 Family,1.0,ODs-December-2023-Airbus-Commercial-Aircraft.xlsx,20231009
delivery,2023-10-10,2023,10,CALC (AIR INDIA),A,Asia-Pacific,A320neo,A320 Family,1.0,ODs-December-2023-Airbus-Commercial-Aircraft.xlsx,20231010
delivery,2023-10-12,2023,10,BOC AVIATION (ITA AIRWAYS),A,Asia-Pacific,A320neo,A320 Family,1.0,ODs-December-2023-Airbus-Commercial-Aircraft.xlsx,20231012
delivery,2023-10-12,2023,10,INDIGO,A,Asia-Pacific,A320neo,A320 Family,1.0,ODs-December-2023-Airbus-Commercial-Aircraft.xlsx,20231012
delivery,2023-10-18,2023,10,FLYNAS,M,Middle East,A320neo,A320 Family,2.0,ODs-December-2023-Airbus-Commercial-Aircraft.xlsx,20231018
delivery,2023-10-19,2023,10,IBERIA,E,Europe and CIS,A320neo,A320 Family,1.0,ODs-December-2023-Airbus-Commercial-Aircraft.xlsx,20231019
delivery,2023-10-20,2023,10,SPRING AIRLINES,A,Asia-Pacific,A320neo,A320 Family,1.0,ODs-December-2023-Airbus-Commercial-Aircraft.xlsx,20231020
delivery,2023-10-23,2023,10,CDB LEASING (AVIANCA),A,Asia-Pacific,A320neo,A320 Family,1.0,ODs-December-2023-Airbus-Commercial-Aircraft.xlsx,20231023
delivery,2023-10-23,2023,10,FLYNAS,M,Middle East,A320neo,A320 Family,1.0,ODs-December-2023-Airbus-Commercial-Aircraft.xlsx,20231023
delivery,2023-10-24,2023,10,CEBU PACIFIC,A,Asia-Pacific,A320neo,A320 Family,1.0,ODs-December-2023-Airbus-Commercial-Aircraft.xlsx,20231024
delivery,2023-10-25,2023,10,LATAM AIRLINES GROUP,L,Latin America & Caribbean,A320neo,A320 Family,1.0,ODs-December-2023-Airbus-Commercial-Aircraft.xlsx,20231025
delivery,2023-10-25,2023,10,SPIRIT AIRLINES,N,North America,A320neo,A320 Family,1.0,ODs-December-2023-Airbus-Commercial-Aircraft.xlsx,20231025
delivery,2023-10-26,2023,10,AER LINGUS,E,Europe and CIS,A320neo,A320 Family,1.0,ODs-December-2023-Airbus-Commercial-Aircraft.xlsx,20231026
delivery,2023-10-26,2023,10,INDIGO,A,Asia-Pacific,A320neo,A320 Family,1.0,ODs-December-2023-Airbus-Commercial-Aircraft.xlsx,20231026
delivery,2023-10-30,2023,10,BOCOM LEASING (CHINA SOUTHERN AIRLINES),A,Asia-Pacific,A320neo,A320 Family,1.0,ODs-December-2023-Airbus-Commercial-Aircraft.xlsx,20231030
delivery,2023-10-30,2023,10,JUNEYAO AIR,A,Asia-Pacific,A320neo,A320 Family,1.0,ODs-December-2023-Airbus-Commercial-Aircraft.xlsx,20231030
delivery,2023-10-30,2023,10,LUFTHANSA (BRUSSELS AIRLINES),E,Europe and CIS,A320neo,A320 Family,1.0,ODs-December-2023-Airbus-Commercial-Aircraft.xlsx,20231030
delivery,2023-10-31,2023,10,CDB LEASING (AIR INDIA),A,Asia-Pacific,A320neo,A320 Family,1.0,ODs-December-2023-Airbus-Commercial-Aircraft.xlsx,20231031
delivery,2023-10-31,2023,10,NAS AVIATION SERVICES (ITA AIRWAYS),N,North America,A320neo,A320 Family,1.0,ODs-December-2023-Airbus-Commercial-Aircraft.xlsx,20231031
delivery,2023-10-31,2023,10,PRIVATE CUSTOMER,,Unknown,A320neo,A320 Family,1.0,ODs-December-2023-Airbus-Commercial-Aircraft.xlsx,20231031
delivery,2023-10-31,2023,10,SPIRIT AIRLINES,N,North America,A320neo,A320 Family,1.0,ODs-December-2023-Airbus-Commercial-Aircraft.xlsx,20231031
delivery,2023-11-02,2023,11,AVIATION CAPITAL GROUP (AIR ASTANA),N,North America,A320neo,A320 Family,1.0,ODs-December-2023-Airbus-Commercial-Aircraft.xlsx,20231102
delivery,2023-11-06,2023,11,AIR LEASE CORPORATION (AZORES AIRLINES),N,North America,A320neo,A320 Family,1.0,ODs-December-2023-Airbus-Commercial-Aircraft.xlsx,20231106
delivery,2023-11-07,2023,11,FLYNAS,M,Middle East,A320neo,A320 Family,1.0,ODs-December-2023-Airbus-Commercial-Aircraft.xlsx,20231107
delivery,2023-11-08,2023,11,CDB LEASING (AIR INDIA),A,Asia-Pacific,A320neo,A320 Family,1.0,ODs-December-2023-Airbus-Commercial-Aircraft.xlsx,20231108
delivery,2023-11-09,2023,11,ALL NIPPON AIRWAYS (PEACH),A,Asia-Pacific,A320neo,A320 Family,1.0,ODs-December-2023-Airbus-Commercial-Aircraft.xlsx,20231109
delivery,2023-11-15,2023,11,CDB LEASING (AIR INDIA),A,Asia-Pacific,A320neo,A320 Family,1.0,ODs-December-2023-Airbus-Commercial-Aircraft.xlsx,20231115
delivery,2023-11-15,2023,11,LUFTHANSA (LUFTHANSA CITYLINE),E,Europe and CIS,A320neo,A320 Family,1.0,ODs-December-2023-Airbus-Commercial-Aircraft.xlsx,20231115
delivery,2023-11-16,2023,11,CHENGDU AIRLINES,A,Asia-Pacific,A320neo,A320 Family,1.0,ODs-December-2023-Airbus-Commercial-Aircraft.xlsx,20231116
delivery,2023-11-17,2023,11,FLYNAS,M,Middle East,A320neo,A320 Family,1.0,ODs-December-2023-Airbus-Commercial-Aircraft.xlsx,20231117
delivery,2023-11-17,2023,11,TAP AIR PORTUGAL,E,Europe and CIS,A320neo,A320 Family,1.0,ODs-December-2023-Airbus-Commercial-Aircraft.xlsx,20231117
delivery,2023-11-20,2023,11,INDIGO,A,Asia-Pacific,A320neo,A320 Family,1.0,ODs-December-2023-Airbus-Commercial-Aircraft.xlsx,20231120
delivery,2023-11-22,2023,11,NAS AVIATION SERVICES (ITA AIRWAYS),N,North America,A320neo,A320 Family,1.0,ODs-December-2023-Airbus-Commercial-Aircraft.xlsx,20231122
delivery,2023-11-23,2023,11,SAS,E,Europe and CIS,A320neo,A320 Family,1.0,ODs-December-2023-Airbus-Commercial-Aircraft.xlsx,20231123
delivery,2023-11-24,2023,11,INDIGO,A,Asia-Pacific,A320neo,A320 Family,1.0,ODs-December-2023-Airbus-Commercial-Aircraft.xlsx,20231124
delivery,2023-11-24,2023,11,LATAM AIRLINES GROUP (LATAM AIRLINES BRASIL),L,Latin America & Caribbean,A320neo,A320 Family,1.0,ODs-December-2023-Airbus-Commercial-Aircraft.xlsx,20231124
delivery,2023-11-27,2023,11,CDB LEASING (AIR INDIA),A,Asia-Pacific,A320neo,A320 Family,1.0,ODs-December-2023-Airbus-Commercial-Aircraft.xlsx,20231127
delivery,2023-11-27,2023,11,SAUDIA (FLYADEAL),M,Middle East,A320neo,A320 Family,1.0,ODs-December-2023-Airbus-Commercial-Aircraft.xlsx,20231127
delivery,2023-11-30,2023,11,CALC (AIR INDIA),A,Asia-Pacific,A320neo,A320 Family,1.0,ODs-December-2023-Airbus-Commercial-Aircraft.xlsx,20231130
delivery,2023-11-30,2023,11,CHINA EXPRESS AIRLINES (HUAXIA AIRLINES),A,Asia-Pacific,A320neo,A320 Family,1.0,ODs-December-2023-Airbus-Commercial-Aircraft.xlsx,20231130
delivery,2023-12-01,2023,12,ICBC LEASING (TIGERAIR TAIWAN),A,Asia-Pacific,A320neo,A320 Family,1.0,ODs-December-2023-Airbus-Commercial-Aircraft.xlsx,20231201
delivery,2023-12-01,2023,12,LATAM AIRLINES GROUP (LATAM AIRLINES BRASIL),L,Latin America & Caribbean,A320neo,A320 Family,1.0,ODs-December-2023-Airbus-Commercial-Aircraft.xlsx,20231201
delivery,2023-12-04,2023,12,SAS,E,Europe and CIS,A320neo,A320 Family,1.0,ODs-December-2023-Airbus-Commercial-Aircraft.xlsx,20231204
delivery,2023-12-06,2023,12,CALC (AIR INDIA),A,Asia-Pacific,A320neo,A320 Family,1.0,ODs-December-2023-Airbus-Commercial-Aircraft.xlsx,20231206
delivery,2023-12-06,2023,12,INDIGO,A,Asia-Pacific,A320neo,A320 Family,1.0,ODs-December-2023-Airbus-Commercial-Aircraft.xlsx,20231206
delivery,2023-12-06,2023,12,SAUDIA (FLYADEAL),M,Middle East,A320neo,A320 Family,1.0,ODs-December-2023-Airbus-Commercial-Aircraft.xlsx,20231206
delivery,2023-12-06,2023,12,VISTARA,A,Asia-Pacific,A320neo,A320 Family,1.0,ODs-December-2023-Airbus-Commercial-Aircraft.xlsx,20231206
delivery,2023-12-07,2023,12,AZUL,L,Latin America & Caribbean,A320neo,A320 Family,1.0,ODs-December-2023-Airbus-Commercial-Aircraft.xlsx,20231207
delivery,2023-12-07,2023,12,ICBC LEASING (CHINA SOUTHERN AIRLINES),A,Asia-Pacific,A320neo,A320 Family,1.0,ODs-December-2023-Airbus-Commercial-Aircraft.xlsx,20231207
delivery,2023-12-07,2023,12,INDIGO,A,Asia-Pacific,A320neo,A320 Family,1.0,ODs-December-2023-Airbus-Commercial-Aircraft.xlsx,20231207
delivery,2023-12-11,2023,12,VISTARA,A,Asia-Pacific,A320neo,A320 Family,1.0,ODs-December-2023-Airbus-Commercial-Aircraft.xlsx,20231211
delivery,2023-12-12,2023,12,BOCOM LEASING (CHINA SOUTHERN AIRLINES),A,Asia-Pacific,A320neo,A320 Family,1.0,ODs-December-2023-Airbus-Commercial-Aircraft.xlsx,20231212
delivery,2023-12-12,2023,12,SAS,E,Europe and CIS,A320neo,A320 Family,1.0,ODs-December-2023-Airbus-Commercial-Aircraft.xlsx,20231212
delivery,2023-12-13,2023,12,JETSMART (CHILE),L,Latin America & Caribbean,A320neo,A320 Family,1.0,ODs-December-2023-Airbus-Commercial-Aircraft.xlsx,20231213
delivery,2023-12-14,2023,12,BOC AVIATION (UZBEKISTAN AIRWAYS),A,Asia-Pacific,A320neo,A320 Family,1.0,ODs-December-2023-Airbus-Commercial-Aircraft.xlsx,20231214
delivery,2023-12-14,2023,12,CALC (AIR INDIA),A,Asia-Pacific,A320neo,A320 Family,1.0,ODs-December-2023-Airbus-Commercial-Aircraft.xlsx,20231214
delivery,2023-12-18,2023,12,CDB LEASING (AVIANCA),A,Asia-Pacific,A320neo,A320 Family,1.0,ODs-December-2023-Airbus-Commercial-Aircraft.xlsx,20231218
delivery,2023-12-18,2023,12,JETSMART (CHILE),L,Latin America & Caribbean,A320neo,A320 Family,1.0,ODs-December-2023-Airbus-Commercial-Aircraft.xlsx,20231218
delivery,2023-12-19,2023,12,JETSMART (CHILE),L,Latin America & Caribbean,A320neo,A320 Family,1.0,ODs-December-2023-Airbus-Commercial-Aircraft.xlsx,20231219
delivery,2023-12-20,2023,12,KUWAIT AIRWAYS,M,Middle East,A320neo,A320 Family,1.0,ODs-December-2023-Airbus-Commercial-Aircraft.xlsx,20231220
delivery,2023-12-20,2023,12,LUFTHANSA (BRUSSELS AIRLINES),E,Europe and CIS,A320neo,A320 Family,1.0,ODs-December-2023-Airbus-Commercial-Aircraft.xlsx,20231220
delivery,2023-12-20,2023,12,SAS,E,Europe and CIS,A320neo,A320 Family,1.0,ODs-December-2023-Airbus-Commercial-Aircraft.xlsx,20231220
delivery,2023-12-21,2023,12,AERCAP (TIANJIN AIRLINES),E,Europe and CIS,A320neo,A320 Family,1.0,ODs-December-2023-Airbus-Commercial-Aircraft.xlsx,20231221
delivery,2023-12-21,2023,12,AIRCALIN,A,Asia-Pacific,A320neo,A320 Family,1.0,ODs-December-2023-Airbus-Commercial-Aircraft.xlsx,20231221
delivery,2023-12-22,2023,12,AERCAP (TIANJIN AIRLINES),E,Europe and CIS,A320neo,A320 Family,1.0,ODs-December-2023-Airbus-Commercial-Aircraft.xlsx,20231222
delivery,2023-12-22,2023,12,AIR CHINA,A,Asia-Pacific,A320neo,A320 Family,1.0,ODs-December-2023-Airbus-Commercial-Aircraft.xlsx,20231222
delivery,2023-12-22,2023,12,BOCOM LEASING (CHINA SOUTHERN AIRLINES),A,Asia-Pacific,A320neo,A320 Family,1.0,ODs-December-2023-Airbus-Commercial-Aircraft.xlsx,20231222
delivery,2023-12-26,2023,12,VISTARA,A,Asia-Pacific,A320neo,A320 Family,1.0,ODs-December-2023-Airbus-Commercial-Aircraft.xlsx,20231226
delivery,2023-12-27,2023,12,AERCAP (TIANJIN AIRLINES),E,Europe and CIS,A320neo,A320 Family,1.0,ODs-December-2023-Airbus-Commercial-Aircraft.xlsx,20231227
delivery,2023-12-27,2023,12,AIR CHINA,A,Asia-Pacific,A320neo,A320 Family,1.0,ODs-December-2023-Airbus-Commercial-Aircraft.xlsx,20231227
delivery,2023-12-27,2023,12,CDB LEASING (AIR INDIA),A,Asia-Pacific,A320neo,A320 Family,1.0,ODs-December-2023-Airbus-Commercial-Aircraft.xlsx,20231227
delivery,2023-12-27,2023,12,ICBC LEASING (CHINA SOUTHERN AIRLINES),A,Asia-Pacific,A320neo,A320 Family,1.0,ODs-December-2023-Airbus-Commercial-Aircraft.xlsx,20231227
delivery,2023-12-27,2023,12,INDIGO,A,Asia-Pacific,A320neo,A320 Family,2.0,ODs-December-2023-Airbus-Commercial-Aircraft.xlsx,20231227
delivery,2023-12-27,2023,12,LUFTHANSA (AUSTRIAN AIRLINES),E,Europe and CIS,A320neo,A320 Family,1.0,ODs-December-2023-Airbus-Commercial-Aircraft.xlsx,20231227
delivery,2023-12-28,2023,12,AIR CHINA,A,Asia-Pacific,A320neo,A320 Family,1.0,ODs-December-2023-Airbus-Commercial-Aircraft.xlsx,20231228
delivery,2023-12-28,2023,12,BOC AVIATION (UZBEKISTAN AIRWAYS),A,Asia-Pacific,A320neo,A320 Family,1.0,ODs-December-2023-Airbus-Commercial-Aircraft.xlsx,20231228
delivery,2023-12-28,2023,12,ICBC LEASING (CHINA SOUTHERN AIRLINES),A,Asia-Pacific,A320neo,A320 Family,1.0,ODs-December-2023-Airbus-Commercial-Aircraft.xlsx,20231228
delivery,2023-12-28,2023,12,JUNEYAO AIR,A,Asia-Pacific,A320neo,A320 Family,1.0,ODs-December-2023-Airbus-Commercial-Aircraft.xlsx,20231228
delivery,2023-12-29,2023,12,AVOLON (TRANSAVIA FRANCE),E,Europe and CIS,A320neo,A320 Family,1.0,ODs-December-2023-Airbus-Commercial-Aircraft.xlsx,20231229
delivery,2023-12-29,2023,12,FLYNAS,M,Middle East,A320neo,A320 Family,1.0,ODs-December-2023-Airbus-Commercial-Aircraft.xlsx,20231229
delivery,2023-12-29,2023,12,LATAM AIRLINES GROUP (LATAM AIRLINES BRASIL),L,Latin America & Caribbean,A320neo,A320 Family,1.0,ODs-December-2023-Airbus-Commercial-Aircraft.xlsx,20231229
delivery,2023-01-03,2023,1,AIR LEASE CORPORATION (PEACH),N,North America,A321neo,A320 Family,1.0,ODs-December-2023-Airbus-Commercial-Aircraft.xlsx,20230103
delivery,2023-01-10,2023,1,KOREAN AIR,A,Asia-Pacific,A321neo,A320 Family,1.0,ODs-December-2023-Airbus-Commercial-Aircraft.xlsx,20230110
delivery,2023-01-16,2023,1,AIR LEASE CORPORATION (SOUTHWIND AIRLINES),N,North America,A321neo,A320 Family,1.0,ODs-December-2023-Airbus-Commercial-Aircraft.xlsx,20230116
delivery,2023-01-26,2023,1,PEGASUS AIRLINES,E,Europe and CIS,A321neo,A320 Family,1.0,ODs-December-2023-Airbus-Commercial-Aircraft.xlsx,20230126
delivery,2023-01-27,2023,1,AMERICAN AIRLINES,N,North America,A321neo,A320 Family,1.0,ODs-December-2023-Airbus-Commercial-Aircraft.xlsx,20230127
delivery,2023-01-30,2023,1,AVIATION CAPITAL GROUP (FRONTIER AIRLINES),N,North America,A321neo,A320 Family,1.0,ODs-December-2023-Airbus-Commercial-Aircraft.xlsx,20230130
delivery,2023-01-30,2023,1,CALC (FRONTIER AIRLINES),A,Asia-Pacific,A321neo,A320 Family,1.0,ODs-December-2023-Airbus-Commercial-Aircraft.xlsx,20230130
delivery,2023-01-30,2023,1,VUELING,E,Europe and CIS,A321neo,A320 Family,1.0,ODs-December-2023-Airbus-Commercial-Aircraft.xlsx,20230130
delivery,2023-02-02,2023,2,AIR LEASE CORPORATION (VISTARA),N,North America,A321neo,A320 Family,1.0,ODs-December-2023-Airbus-Commercial-Aircraft.xlsx,20230202
delivery,2023-02-03,2023,2,NAS AVIATION SERVICES (XIAMEN AIRLINES),N,North America,A321neo,A320 Family,1.0,ODs-December-2023-Airbus-Commercial-Aircraft.xlsx,20230203
delivery,2023-02-03,2023,2,TURKISH AIRLINES,E,Europe and CIS,A321neo,A320 Family,1.0,ODs-December-2023-Airbus-Commercial-Aircraft.xlsx,20230203
delivery,2023-02-06,2023,2,CATHAY PACIFIC AIRCRAFT SERVICES LIMITED (CATHAY PACIFIC),A,Asia-Pacific,A321neo,A320 Family,1.0,ODs-December-2023-Airbus-Commercial-Aircraft.xlsx,20230206
delivery,2023-02-07,2023,2,TAP AIR PORTUGAL,E,Europe and CIS,A321neo,A320 Family,1.0,ODs-December-2023-Airbus-Commercial-Aircraft.xlsx,20230207
delivery,2023-02-08,2023,2,DELTA AIR LINES,N,North America,A321neo,A320 Family,1.0,ODs-December-2023-Airbus-Commercial-Aircraft.xlsx,20230208
delivery,2023-02-09,2023,2,FRONTIER AIRLINES,N,North America,A321neo,A320 Family,1.0,ODs-December-2023-Airbus-Commercial-Aircraft.xlsx,20230209
delivery,2023-02-14,2023,2,CATHAY PACIFIC AIRCRAFT SERVICES LIMITED (CATHAY PACIFIC),A,Asia-Pacific,A321neo,A320 Family,1.0,ODs-December-2023-Airbus-Commercial-Aircraft.xlsx,20230214
delivery,2023-02-15,2023,2,VIVA AEROBUS,L,Latin America & Caribbean,A321neo,A320 Family,1.0,ODs-December-2023-Airbus-Commercial-Aircraft.xlsx,20230215
delivery,2023-02-15,2023,2,WIZZ AIR,E,Europe and CIS,A321neo,A320 Family,1.0,ODs-December-2023-Airbus-Commercial-Aircraft.xlsx,20230215
delivery,2023-02-16,2023,2,ICBC LEASING (SHENZHEN AIRLINES),A,Asia-Pacific,A321neo,A320 Family,1.0,ODs-December-2023-Airbus-Commercial-Aircraft.xlsx,20230216
delivery,2023-02-17,2023,2,AIR NEW ZEALAND,A,Asia-Pacific,A321neo,A320 Family,1.0,ODs-December-2023-Airbus-Commercial-Aircraft.xlsx,20230217
delivery,2023-02-20,2023,2,INDIGO,A,Asia-Pacific,A321neo,A320 Family,1.0,ODs-December-2023-Airbus-Commercial-Aircraft.xlsx,20230220
delivery,2023-02-21,2023,2,DELTA AIR LINES,N,North America,A321neo,A320 Family,1.0,ODs-December-2023-Airbus-Commercial-Aircraft.xlsx,20230221
delivery,2023-02-21,2023,2,KOREAN AIR,A,Asia-Pacific,A321neo,A320 Family,1.0,ODs-December-2023-Airbus-Commercial-Aircraft.xlsx,20230221
delivery,2023-02-22,2023,2,SMBC AVIATION CAPITAL (TURKISH AIRLINES),E,Europe and CIS,A321neo,A320 Family,1.0,ODs-December-2023-Airbus-Commercial-Aircraft.xlsx,20230222
delivery,2023-02-23,2023,2,QANTAS AIRWAYS (JETSTAR AIRWAYS),A,Asia-Pacific,A321neo,A320 Family,1.0,ODs-December-2023-Airbus-Commercial-Aircraft.xlsx,20230223
delivery,2023-02-24,2023,2,AERCAP (EGYPTAIR),E,Europe and CIS,A321neo,A320 Family,1.0,ODs-December-2023-Airbus-Commercial-Aircraft.xlsx,20230224
delivery,2023-02-24,2023,2,AMERICAN AIRLINES,N,North America,A321neo,A320 Family,1.0,ODs-December-2023-Airbus-Commercial-Aircraft.xlsx,20230224
delivery,2023-02-24,2023,2,GULF AIR,M,Middle East,A321neo,A320 Family,1.0,ODs-December-2023-Airbus-Commercial-Aircraft.xlsx,20230224
delivery,2023-02-27,2023,2,AIR LEASE CORPORATION (VISTARA),N,North America,A321neo,A320 Family,1.0,ODs-December-2023-Airbus-Commercial-Aircraft.xlsx,20230227
delivery,2023-02-27,2023,2,DELTA AIR LINES,N,North America,A321neo,A320 Family,1.0,ODs-December-2023-Airbus-Commercial-Aircraft.xlsx,20230227
delivery,2023-02-27,2023,2,JETBLUE AIRWAYS,N,North America,A321neo,A320 Family,1.0,ODs-December-2023-Airbus-Commercial-Aircraft.xlsx,20230227
delivery,2023-02-27,2023,2,SPRING AIRLINES,A,Asia-Pacific,A321neo,A320 Family,1.0,ODs-December-2023-Airbus-Commercial-Aircraft.xlsx,20230227
delivery,2023-02-28,2023,2,DELTA AIR LINES,N,North America,A321neo,A320 Family,1.0,ODs-December-2023-Airbus-Commercial-Aircraft.xlsx,20230228
delivery,2023-02-28,2023,2,JUNEYAO AIR (JUNEYAO AIRLINES),A,Asia-Pacific,A321neo,A320 Family,1.0,ODs-December-2023-Airbus-Commercial-Aircraft.xlsx,20230228
delivery,2023-03-01,2023,3,AIR LEASE CORPORATION (HISKY EUROPE),N,North America,A321neo,A320 Family,1.0,ODs-December-2023-Airbus-Commercial-Aircraft.xlsx,20230301
delivery,2023-03-03,2023,3,WIZZ AIR,E,Europe and CIS,A321neo,A320 Family,1.0,ODs-December-2023-Airbus-Commercial-Aircraft.xlsx,20230303
delivery,2023-03-06,2023,3,PEGASUS AIRLINES,E,Europe and CIS,A321neo,A320 Family,1.0,ODs-December-2023-Airbus-Commercial-Aircraft.xlsx,20230306
delivery,2023-03-07,2023,3,JETSMART (CHILE) (JETSMART),L,Latin America & Caribbean,A321neo,A320 Family,1.0,ODs-December-2023-Airbus-Commercial-Aircraft.xlsx,20230307
delivery,2023-03-07,2023,3,WIZZ AIR,E,Europe and CIS,A321neo,A320 Family,1.0,ODs-December-2023-Airbus-Commercial-Aircraft.xlsx,20230307
delivery,2023-03-13,2023,3,TURKISH AIRLINES,E,Europe and CIS,A321neo,A320 Family,1.0,ODs-December-2023-Airbus-Commercial-Aircraft.xlsx,20230313
delivery,2023-03-14,2023,3,FRONTIER AIRLINES,N,North America,A321neo,A320 Family,1.0,ODs-December-2023-Airbus-Commercial-Aircraft.xlsx,20230314
delivery,2023-03-15,2023,3,VIVA AEROBUS,L,Latin America & Caribbean,A321neo,A320 Family,1.0,ODs-December-2023-Airbus-Commercial-Aircraft.xlsx,20230315
delivery,2023-03-16,2023,3,AERCAP (QINGDAO AIRLINES),E,Europe and CIS,A321neo,A320 Family,1.0,ODs-December-2023-Airbus-Commercial-Aircraft.xlsx,20230316
delivery,2023-03-17,2023,3,AIR LEASE CORPORATION (VISTARA),N,North America,A321neo,A320 Family,1.0,ODs-December-2023-Airbus-Commercial-Aircraft.xlsx,20230317
delivery,2023-03-17,2023,3,SPRING AIRLINES,A,Asia-Pacific,A321neo,A320 Family,1.0,ODs-December-2023-Airbus-Commercial-Aircraft.xlsx,20230317
delivery,2023-03-22,2023,3,CATHAY PACIFIC AIRCRAFT SERVICES LIMITED (CATHAY PACIFIC),A,Asia-Pacific,A321neo,A320 Family,1.0,ODs-December-2023-Airbus-Commercial-Aircraft.xlsx,20230322
delivery,2023-03-22,2023,3,QANTAS AIRWAYS (JETSTAR AIRWAYS),A,Asia-Pacific,A321neo,A320 Family,1.0,ODs-December-2023-Airbus-Commercial-Aircraft.xlsx,20230322
delivery,2023-03-22,2023,3,WIZZ AIR,E,Europe and CIS,A321neo,A320 Family,1.0,ODs-December-2023-Airbus-Commercial-Aircraft.xlsx,20230322
delivery,2023-03-23,2023,3,NAS AVIATION SERVICES (AIR INDIA),N,North America,A321neo,A320 Family,1.0,ODs-December-2023-Airbus-Commercial-Aircraft.xlsx,20230323
delivery,2023-03-23,2023,3,WIZZ AIR,E,Europe and CIS,A321neo,A320 Family,1.0,ODs-December-2023-Airbus-Commercial-Aircraft.xlsx,20230323
delivery,2023-03-24,2023,3,AERCAP (EGYPTAIR),E,Europe and CIS,A321neo,A320 Family,1.0,ODs-December-2023-Airbus-Commercial-Aircraft.xlsx,20230324
delivery,2023-03-24,2023,3,CATHAY PACIFIC AIRCRAFT SERVICES LIMITED (HK EXPRESS),A,Asia-Pacific,A321neo,A320 Family,1.0,ODs-December-2023-Airbus-Commercial-Aircraft.xlsx,20230324
delivery,2023-03-28,2023,3,AERCAP (AIR INDIA),E,Europe and CIS,A321neo,A320 Family,1.0,ODs-December-2023-Airbus-Commercial-Aircraft.xlsx,20230328
delivery,2023-03-28,2023,3,PEGASUS AIRLINES,E,Europe and CIS,A321neo,A320 Family,1.0,ODs-December-2023-Airbus-Commercial-Aircraft.xlsx,20230328
delivery,2023-03-29,2023,3,FRONTIER AIRLINES,N,North America,A321neo,A320 Family,1.0,ODs-December-2023-Airbus-Commercial-Aircraft.xlsx,20230329
delivery,2023-03-30,2023,3,AVIATION CAPITAL GROUP (FRONTIER AIRLINES),N,North America,A321neo,A320 Family,1.0,ODs-December-2023-Airbus-Commercial-Aircraft.xlsx,20230330
delivery,2023-03-30,2023,3,SMBC AVIATION CAPITAL (TURKISH AIRLINES),E,Europe and CIS,A321neo,A320 Family,1.0,ODs-December-2023-Airbus-Commercial-Aircraft.xlsx,20230330
delivery,2023-03-30,2023,3,VUELING,E,Europe and CIS,A321neo,A320 Family,1.0,ODs-December-2023-Airbus-Commercial-Aircraft.xlsx,20230330
delivery,2023-03-31,2023,3,JET2 PLC (JET2.COM),E,Europe and CIS,A321neo,A320 Family,1.0,ODs-December-2023-Airbus-Commercial-Aircraft.xlsx,20230331
delivery,2023-04-04,2023,4,ASIANA AIRLINES,A,Asia-Pacific,A321neo,A320 Family,1.0,ODs-December-2023-Airbus-Commercial-Aircraft.xlsx,20230404
delivery,2023-04-11,2023,4,DELTA AIR LINES,N,North America,A321neo,A320 Family,1.0,ODs-December-2023-Airbus-Commercial-Aircraft.xlsx,20230411
delivery,2023-04-12,2023,4,SAUDIA,M,Middle East,A321neo,A320 Family,1.0,ODs-December-2023-Airbus-Commercial-Aircraft.xlsx,20230412
delivery,2023-04-14,2023,4,AIR LEASE CORPORATION (HISKY EUROPE),N,North America,A321neo,A320 Family,1.0,ODs-December-2023-Airbus-Commercial-Aircraft.xlsx,20230414
delivery,2023-04-14,2023,4,CHINA SOUTHERN AIRLINES,A,Asia-Pacific,A321neo,A320 Family,1.0,ODs-December-2023-Airbus-Commercial-Aircraft.xlsx,20230414
delivery,2023-04-14,2023,4,INDIGO,A,Asia-Pacific,A321neo,A320 Family,1.0,ODs-December-2023-Airbus-Commercial-Aircraft.xlsx,20230414
delivery,2023-04-17,2023,4,AIR LEASE CORPORATION (SICHUAN AIRLINES),N,North America,A321neo,A320 Family,1.0,ODs-December-2023-Airbus-Commercial-Aircraft.xlsx,20230417
delivery,2023-04-17,2023,4,KOREAN AIR,A,Asia-Pacific,A321neo,A320 Family,1.0,ODs-December-2023-Airbus-Commercial-Aircraft.xlsx,20230417
delivery,2023-04-17,2023,4,LUFTHANSA,E,Europe and CIS,A321neo,A320 Family,1.0,ODs-December-2023-Airbus-Commercial-Aircraft.xlsx,20230417
delivery,2023-04-17,2023,4,SMBC AVIATION CAPITAL (TURKISH AIRLINES),E,Europe and CIS,A321neo,A320 Family,1.0,ODs-December-2023-Airbus-Commercial-Aircraft.xlsx,20230417
delivery,2023-04-18,2023,4,WIZZ AIR,E,Europe and CIS,A321neo,A320 Family,1.0,ODs-December-2023-Airbus-Commercial-Aircraft.xlsx,20230418
delivery,2023-04-19,2023,4,AERCAP (LOONG AIR),E,Europe and CIS,A321neo,A320 Family,1.0,ODs-December-2023-Airbus-Commercial-Aircraft.xlsx,20230419
delivery,2023-04-19,2023,4,SPRING AIRLINES,A,Asia-Pacific,A321neo,A320 Family,1.0,ODs-December-2023-Airbus-Commercial-Aircraft.xlsx,20230419
delivery,2023-04-19,2023,4,WIZZ AIR,E,Europe and CIS,A321neo,A320 Family,1.0,ODs-December-2023-Airbus-Commercial-Aircraft.xlsx,20230419
delivery,2023-04-20,2023,4,AIR LEASE CORPORATION (SICHUAN AIRLINES),N,North America,A321neo,A320 Family,1.0,ODs-December-2023-Airbus-Commercial-Aircraft.xlsx,20230420
delivery,2023-04-20,2023,4,INDIGO,A,Asia-Pacific,A321neo,A320 Family,1.0,ODs-December-2023-Airbus-Commercial-Aircraft.xlsx,20230420
delivery,2023-04-21,2023,4,CATHAY PACIFIC AIRCRAFT SERVICES LIMITED (CATHAY PACIFIC),A,Asia-Pacific,A321neo,A320 Family,1.0,ODs-December-2023-Airbus-Commercial-Aircraft.xlsx,20230421
delivery,2023-04-21,2023,4,ICBC LEASING (XIAMEN AIRLINES),A,Asia-Pacific,A321neo,A320 Family,1.0,ODs-December-2023-Airbus-Commercial-Aircraft.xlsx,20230421
delivery,2023-04-21,2023,4,JUNEYAO AIR,A,Asia-Pacific,A321neo,A320 Family,1.0,ODs-December-2023-Airbus-Commercial-Aircraft.xlsx,20230421
delivery,2023-04-26,2023,4,AERCAP (AIR INDIA),E,Europe and CIS,A321neo,A320 Family,1.0,ODs-December-2023-Airbus-Commercial-Aircraft.xlsx,20230426
delivery,2023-04-26,2023,4,DELTA AIR LINES,N,North America,A321neo,A320 Family,1.0,ODs-December-2023-Airbus-Commercial-Aircraft.xlsx,20230426
delivery,2023-04-27,2023,4,CMB FINANCIAL LEASING (XIAMEN AIRLINES),A,Asia-Pacific,A321neo,A320 Family,1.0,ODs-December-2023-Airbus-Commercial-Aircraft.xlsx,20230427
delivery,2023-04-27,2023,4,DELTA AIR LINES,N,North America,A321neo,A320 Family,1.0,ODs-December-2023-Airbus-Commercial-Aircraft.xlsx,20230427
delivery,2023-04-28,2023,4,SMBC AVIATION CAPITAL (TURKISH AIRLINES),E,Europe and CIS,A321neo,A320 Family,1.0,ODs-December-2023-Airbus-Commercial-Aircraft.xlsx,20230428
delivery,2023-05-02,2023,5,WIZZ AIR,E,Europe and CIS,A321neo,A320 Family,1.0,ODs-December-2023-Airbus-Commercial-Aircraft.xlsx,20230502
delivery,2023-05-03,2023,5,DELTA AIR LINES,N,North America,A321neo,A320 Family,1.0,ODs-December-2023-Airbus-Commercial-Aircraft.xlsx,20230503
delivery,2023-05-04,2023,5,CDB LEASING (VOLARIS),A,Asia-Pacific,A321neo,A320 Family,1.0,ODs-December-2023-Airbus-Commercial-Aircraft.xlsx,20230504
delivery,2023-05-05,2023,5,VIETJET AIR,A,Asia-Pacific,A321neo,A320 Family,1.0,ODs-December-2023-Airbus-Commercial-Aircraft.xlsx,20230505
delivery,2023-05-08,2023,5,PEGASUS AIRLINES,E,Europe and CIS,A321neo,A320 Family,1.0,ODs-December-2023-Airbus-Commercial-Aircraft.xlsx,20230508
delivery,2023-05-09,2023,5,AIR LEASE CORPORATION (PEGASUS AIRLINES),N,North America,A321neo,A320 Family,1.0,ODs-December-2023-Airbus-Commercial-Aircraft.xlsx,20230509
delivery,2023-05-09,2023,5,AIR LEASE CORPORATION (VISTARA),N,North America,A321neo,A320 Family,1.0,ODs-December-2023-Airbus-Commercial-Aircraft.xlsx,20230509
delivery,2023-05-09,2023,5,VIETJET AIR,A,Asia-Pacific,A321neo,A320 Family,1.0,ODs-December-2023-Airbus-Commercial-Aircraft.xlsx,20230509
delivery,2023-05-10,2023,5,QANTAS AIRWAYS (JETSTAR AIRWAYS),A,Asia-Pacific,A321neo,A320 Family,1.0,ODs-December-2023-Airbus-Commercial-Aircraft.xlsx,20230510
delivery,2023-05-11,2023,5,CALC (FRONTIER AIRLINES),A,Asia-Pacific,A321neo,A320 Family,1.0,ODs-December-2023-Airbus-Commercial-Aircraft.xlsx,20230511
delivery,2023-05-11,2023,5,INDIGO,A,Asia-Pacific,A321neo,A320 Family,1.0,ODs-December-2023-Airbus-Commercial-Aircraft.xlsx,20230511
delivery,2023-05-11,2023,5,VIETJET AIR,A,Asia-Pacific,A321neo,A320 Family,1.0,ODs-December-2023-Airbus-Commercial-Aircraft.xlsx,20230511
delivery,2023-05-11,2023,5,VIVA AEROBUS,L,Latin America & Caribbean,A321neo,A320 Family,1.0,ODs-December-2023-Airbus-Commercial-Aircraft.xlsx,20230511
delivery,2023-05-12,2023,5,CMB FINANCIAL LEASING (XIAMEN AIRLINES),A,Asia-Pacific,A321neo,A320 Family,1.0,ODs-December-2023-Airbus-Commercial-Aircraft.xlsx,20230512
delivery,2023-05-15,2023,5,AERCAP (SPIRIT AIRLINES),E,Europe and CIS,A321neo,A320 Family,1.0,ODs-December-2023-Airbus-Commercial-Aircraft.xlsx,20230515
delivery,2023-05-15,2023,5,DELTA AIR LINES,N,North America,A321neo,A320 Family,1.0,ODs-December-2023-Airbus-Commercial-Aircraft.xlsx,20230515
delivery,2023-05-17,2023,5,JUNEYAO AIR,A,Asia-Pacific,A321neo,A320 Family,1.0,ODs-December-2023-Airbus-Commercial-Aircraft.xlsx,20230517
delivery,2023-05-17,2023,5,NAS AVIATION SERVICES (AIR INDIA),N,North America,A321neo,A320 Family,1.0,ODs-December-2023-Airbus-Commercial-Aircraft.xlsx,20230517
delivery,2023-05-19,2023,5,INDIGO,A,Asia-Pacific,A321neo,A320 Family,1.0,ODs-December-2023-Airbus-Commercial-Aircraft.xlsx,20230519
delivery,2023-05-22,2023,5,AIR LEASE CORPORATION (VISTARA),N,North America,A321neo,A320 Family,1.0,ODs-December-2023-Airbus-Commercial-Aircraft.xlsx,20230522
delivery,2023-05-22,2023,5,SWISS,E,Europe and CIS,A321neo,A320 Family,1.0,ODs-December-2023-Airbus-Commercial-Aircraft.xlsx,20230522
delivery,2023-05-22,2023,5,WIZZ AIR,E,Europe and CIS,A321neo,A320 Family,1.0,ODs-December-2023-Airbus-Commercial-Aircraft.xlsx,20230522
delivery,2023-05-23,2023,5,JETBLUE AIRWAYS,N,North America,A321neo,A320 Family,1.0,ODs-December-2023-Airbus-Commercial-Aircraft.xlsx,20230523
delivery,2023-05-24,2023,5,AVIATION CAPITAL GROUP (FRONTIER AIRLINES),N,North America,A321neo,A320 Family,1.0,ODs-December-2023-Airbus-Commercial-Aircraft.xlsx,20230524
delivery,2023-05-25,2023,5,FRONTIER AIRLINES,N,North America,A321neo,A320 Family,1.0,ODs-December-2023-Airbus-Commercial-Aircraft.xlsx,20230525
delivery,2023-05-25,2023,5,INDIGO,A,Asia-Pacific,A321neo,A320 Family,1.0,ODs-December-2023-Airbus-Commercial-Aircraft.xlsx,20230525
delivery,2023-05-26,2023,5,PEGASUS AIRLINES,E,Europe and CIS,A321neo,A320 Family,1.0,ODs-December-2023-Airbus-Commercial-Aircraft.xlsx,20230526
delivery,2023-05-31,2023,5,DELTA AIR LINES,N,North America,A321neo,A320 Family,1.0,ODs-December-2023-Airbus-Commercial-Aircraft.xlsx,20230531
delivery,2023-05-31,2023,5,INDIGO,A,Asia-Pacific,A321neo,A320 Family,1.0,ODs-December-2023-Airbus-Commercial-Aircraft.xlsx,20230531
delivery,2023-05-31,2023,5,NAS AVIATION SERVICES (PLAY),N,North America,A321neo,A320 Family,1.0,ODs-December-2023-Airbus-Commercial-Aircraft.xlsx,20230531
delivery,2023-05-31,2023,5,VUELING,E,Europe and CIS,A321neo,A320 Family,1.0,ODs-December-2023-Airbus-Commercial-Aircraft.xlsx,20230531
delivery,2023-05-31,2023,5,WIZZ AIR,E,Europe and CIS,A321neo,A320 Family,1.0,ODs-December-2023-Airbus-Commercial-Aircraft.xlsx,20230531
delivery,2023-06-01,2023,6,NAS AVIATION SERVICES (XIAMEN AIRLINES),N,North America,A321neo,A320 Family,1.0,ODs-December-2023-Airbus-Commercial-Aircraft.xlsx,20230601
delivery,2023-06-06,2023,6,WIZZ AIR,E,Europe and CIS,A321neo,A320 Family,1.0,ODs-December-2023-Airbus-Commercial-Aircraft.xlsx,20230606
delivery,2023-06-07,2023,6,TURKISH AIRLINES,E,Europe and CIS,A321neo,A320 Family,1.0,ODs-December-2023-Airbus-Commercial-Aircraft.xlsx,20230607
delivery,2023-06-08,2023,6,CALC (XIAMEN AIRLINES),A,Asia-Pacific,A321neo,A320 Family,1.0,ODs-December-2023-Airbus-Commercial-Aircraft.xlsx,20230608
delivery,2023-06-08,2023,6,CDB LEASING (VOLARIS),A,Asia-Pacific,A321neo,A320 Family,1.0,ODs-December-2023-Airbus-Commercial-Aircraft.xlsx,20230608
delivery,2023-06-09,2023,6,VIVA AEROBUS,L,Latin America & Caribbean,A321neo,A320 Family,1.0,ODs-December-2023-Airbus-Commercial-Aircraft.xlsx,20230609
delivery,2023-06-12,2023,6,KOREAN AIR,A,Asia-Pacific,A321neo,A320 Family,1.0,ODs-December-2023-Airbus-Commercial-Aircraft.xlsx,20230612
delivery,2023-06-13,2023,6,DELTA AIR LINES,N,North America,A321neo,A320 Family,1.0,ODs-December-2023-Airbus-Commercial-Aircraft.xlsx,20230613
delivery,2023-06-13,2023,6,INDIGO,A,Asia-Pacific,A321neo,A320 Family,1.0,ODs-December-2023-Airbus-Commercial-Aircraft.xlsx,20230613
delivery,2023-06-13,2023,6,SMBC AVIATION CAPITAL (TURKISH AIRLINES),E,Europe and CIS,A321neo,A320 Family,1.0,ODs-December-2023-Airbus-Commercial-Aircraft.xlsx,20230613
delivery,2023-06-14,2023,6,AERCAP (EGYPTAIR),E,Europe and CIS,A321neo,A320 Family,1.0,ODs-December-2023-Airbus-Commercial-Aircraft.xlsx,20230614
delivery,2023-06-14,2023,6,DELTA AIR LINES,N,North America,A321neo,A320 Family,1.0,ODs-December-2023-Airbus-Commercial-Aircraft.xlsx,20230614
delivery,2023-06-14,2023,6,INDIGO,A,Asia-Pacific,A321neo,A320 Family,1.0,ODs-December-2023-Airbus-Commercial-Aircraft.xlsx,20230614
delivery,2023-06-15,2023,6,WIZZ AIR,E,Europe and CIS,A321neo,A320 Family,1.0,ODs-December-2023-Airbus-Commercial-Aircraft.xlsx,20230615
delivery,2023-06-16,2023,6,QANTAS AIRWAYS (JETSTAR AIRWAYS),A,Asia-Pacific,A321neo,A320 Family,1.0,ODs-December-2023-Airbus-Commercial-Aircraft.xlsx,20230616
delivery,2023-06-16,2023,6,WIZZ AIR,E,Europe and CIS,A321neo,A320 Family,1.0,ODs-December-2023-Airbus-Commercial-Aircraft.xlsx,20230616
delivery,2023-06-20,2023,6,DELTA AIR LINES,N,North America,A321neo,A320 Family,1.0,ODs-December-2023-Airbus-Commercial-Aircraft.xlsx,20230620
delivery,2023-06-20,2023,6,LUFTHANSA (EUROWINGS),E,Europe and CIS,A321neo,A320 Family,1.0,ODs-December-2023-Airbus-Commercial-Aircraft.xlsx,20230620
delivery,2023-06-20,2023,6,VUELING,E,Europe and CIS,A321neo,A320 Family,1.0,ODs-December-2023-Airbus-Commercial-Aircraft.xlsx,20230620
delivery,2023-06-21,2023,6,JETBLUE AIRWAYS,N,North America,A321neo,A320 Family,1.0,ODs-December-2023-Airbus-Commercial-Aircraft.xlsx,20230621
delivery,2023-06-22,2023,6,DELTA AIR LINES,N,North America,A321neo,A320 Family,1.0,ODs-December-2023-Airbus-Commercial-Aircraft.xlsx,20230622
delivery,2023-06-23,2023,6,AERCAP (EGYPTAIR),E,Europe and CIS,A321neo,A320 Family,1.0,ODs-December-2023-Airbus-Commercial-Aircraft.xlsx,20230623
delivery,2023-06-26,2023,6,WIZZ AIR,E,Europe and CIS,A321neo,A320 Family,1.0,ODs-December-2023-Airbus-Commercial-Aircraft.xlsx,20230626
delivery,2023-06-27,2023,6,AERCAP (AIR TRANSAT),E,Europe and CIS,A321neo,A320 Family,1.0,ODs-December-2023-Airbus-Commercial-Aircraft.xlsx,20230627
delivery,2023-06-27,2023,6,CATHAY PACIFIC AIRCRAFT SERVICES LIMITED (CATHAY PACIFIC),A,Asia-Pacific,A321neo,A320 Family,1.0,ODs-December-2023-Airbus-Commercial-Aircraft.xlsx,20230627
delivery,2023-06-27,2023,6,JET2 PLC (JET2.COM),E,Europe and CIS,A321neo,A320 Family,1.0,ODs-December-2023-Airbus-Commercial-Aircraft.xlsx,20230627
delivery,2023-06-27,2023,6,JUNEYAO AIR,A,Asia-Pacific,A321neo,A320 Family,1.0,ODs-December-2023-Airbus-Commercial-Aircraft.xlsx,20230627
delivery,2023-06-28,2023,6,SMBC AVIATION CAPITAL (JETSMART),E,Europe and CIS,A321neo,A320 Family,1.0,ODs-December-2023-Airbus-Commercial-Aircraft.xlsx,20230628
delivery,2023-06-29,2023,6,AIR LEASE CORPORATION (SICHUAN AIRLINES),N,North America,A321neo,A320 Family,1.0,ODs-December-2023-Airbus-Commercial-Aircraft.xlsx,20230629
delivery,2023-06-30,2023,6,GULF AIR,M,Middle East,A321neo,A320 Family,1.0,ODs-December-2023-Airbus-Commercial-Aircraft.xlsx,20230630
delivery,2023-06-30,2023,6,ICBC LEASING (SHENZHEN AIRLINES),A,Asia-Pacific,A321neo,A320 Family,2.0,ODs-December-2023-Airbus-Commercial-Aircraft.xlsx,20230630
delivery,2023-07-05,2023,7,IBERIA (IBERIA EXPRESS),E,Europe and CIS,A321neo,A320 Family,1.0,ODs-December-2023-Airbus-Commercial-Aircraft.xlsx,20230705
delivery,2023-07-05,2023,7,WIZZ AIR,E,Europe and CIS,A321neo,A320 Family,1.0,ODs-December-2023-Airbus-Commercial-Aircraft.xlsx,20230705
delivery,2023-07-06,2023,7,CMB FINANCIAL LEASING (XIAMEN AIRLINES),A,Asia-Pacific,A321neo,A320 Family,1.0,ODs-December-2023-Airbus-Commercial-Aircraft.xlsx,20230706
delivery,2023-07-07,2023,7,PEGASUS AIRLINES,E,Europe and CIS,A321neo,A320 Family,1.0,ODs-December-2023-Airbus-Commercial-Aircraft.xlsx,20230707
delivery,2023-07-10,2023,7,AERCAP (SPIRIT AIRLINES),E,Europe and CIS,A321neo,A320 Family,1.0,ODs-December-2023-Airbus-Commercial-Aircraft.xlsx,20230710
delivery,2023-07-10,2023,7,PEGASUS AIRLINES,E,Europe and CIS,A321neo,A320 Family,1.0,ODs-December-2023-Airbus-Commercial-Aircraft.xlsx,20230710
delivery,2023-07-10,2023,7,SAUDIA,M,Middle East,A321neo,A320 Family,1.0,ODs-December-2023-Airbus-Commercial-Aircraft.xlsx,20230710
delivery,2023-07-11,2023,7,JET2 PLC (JET2.COM),E,Europe and CIS,A321neo,A320 Family,1.0,ODs-December-2023-Airbus-Commercial-Aircraft.xlsx,20230711
delivery,2023-07-12,2023,7,AIR LEASE CORPORATION (VOLARIS),N,North America,A321neo,A320 Family,1.0,ODs-December-2023-Airbus-Commercial-Aircraft.xlsx,20230712
delivery,2023-07-12,2023,7,FRONTIER AIRLINES,N,North America,A321neo,A320 Family,1.0,ODs-December-2023-Airbus-Commercial-Aircraft.xlsx,20230712
delivery,2023-07-13,2023,7,AERCAP (SPIRIT AIRLINES),E,Europe and CIS,A321neo,A320 Family,1.0,ODs-December-2023-Airbus-Commercial-Aircraft.xlsx,20230713
delivery,2023-07-13,2023,7,JETBLUE AIRWAYS,N,North America,A321neo,A320 Family,1.0,ODs-December-2023-Airbus-Commercial-Aircraft.xlsx,20230713
delivery,2023-07-13,2023,7,VIVA AEROBUS,L,Latin America & Caribbean,A321neo,A320 Family,1.0,ODs-December-2023-Airbus-Commercial-Aircraft.xlsx,20230713
delivery,2023-07-13,2023,7,WIZZ AIR,E,Europe and CIS,A321neo,A320 Family,1.0,ODs-December-2023-Airbus-Commercial-Aircraft.xlsx,20230713
delivery,2023-07-17,2023,7,IBERIA (IBERIA EXPRESS),E,Europe and CIS,A321neo,A320 Family,1.0,ODs-December-2023-Airbus-Commercial-Aircraft.xlsx,20230717
delivery,2023-07-17,2023,7,INDIGO,A,Asia-Pacific,A321neo,A320 Family,1.0,ODs-December-2023-Airbus-Commercial-Aircraft.xlsx,20230717
delivery,2023-07-18,2023,7,AVIATION CAPITAL GROUP (FRONTIER AIRLINES),N,North America,A321neo,A320 Family,1.0,ODs-December-2023-Airbus-Commercial-Aircraft.xlsx,20230718
delivery,2023-07-18,2023,7,DELTA AIR LINES,N,North America,A321neo,A320 Family,1.0,ODs-December-2023-Airbus-Commercial-Aircraft.xlsx,20230718
delivery,2023-07-18,2023,7,QANTAS AIRWAYS (JETSTAR AIRWAYS),A,Asia-Pacific,A321neo,A320 Family,1.0,ODs-December-2023-Airbus-Commercial-Aircraft.xlsx,20230718
delivery,2023-07-19,2023,7,DELTA AIR LINES,N,North America,A321neo,A320 Family,1.0,ODs-December-2023-Airbus-Commercial-Aircraft.xlsx,20230719
delivery,2023-07-20,2023,7,WIZZ AIR,E,Europe and CIS,A321neo,A320 Family,1.0,ODs-December-2023-Airbus-Commercial-Aircraft.xlsx,20230720
delivery,2023-07-21,2023,7,KOREAN AIR,A,Asia-Pacific,A321neo,A320 Family,1.0,ODs-December-2023-Airbus-Commercial-Aircraft.xlsx,20230721
delivery,2023-07-25,2023,7,CEBU PACIFIC,A,Asia-Pacific,A321neo,A320 Family,1.0,ODs-December-2023-Airbus-Commercial-Aircraft.xlsx,20230725
delivery,2023-07-25,2023,7,INDIGO,A,Asia-Pacific,A321neo,A320 Family,1.0,ODs-December-2023-Airbus-Commercial-Aircraft.xlsx,20230725
delivery,2023-07-25,2023,7,WIZZ AIR,E,Europe and CIS,A321neo,A320 Family,1.0,ODs-December-2023-Airbus-Commercial-Aircraft.xlsx,20230725
delivery,2023-07-26,2023,7,AERCAP (AIR TRANSAT),E,Europe and CIS,A321neo,A320 Family,1.0,ODs-December-2023-Airbus-Commercial-Aircraft.xlsx,20230726
delivery,2023-07-27,2023,7,DELTA AIR LINES,N,North America,A321neo,A320 Family,2.0,ODs-December-2023-Airbus-Commercial-Aircraft.xlsx,20230727
delivery,2023-07-27,2023,7,JUNEYAO AIR,A,Asia-Pacific,A321neo,A320 Family,1.0,ODs-December-2023-Airbus-Commercial-Aircraft.xlsx,20230727
delivery,2023-07-28,2023,7,WIZZ AIR,E,Europe and CIS,A321neo,A320 Family,1.0,ODs-December-2023-Airbus-Commercial-Aircraft.xlsx,20230728
delivery,2023-07-31,2023,7,AVIATION CAPITAL GROUP (FRONTIER AIRLINES),N,North America,A321neo,A320 Family,1.0,ODs-December-2023-Airbus-Commercial-Aircraft.xlsx,20230731
delivery,2023-08-08,2023,8,DELTA AIR LINES,N,North America,A321neo,A320 Family,1.0,ODs-December-2023-Airbus-Commercial-Aircraft.xlsx,20230808
delivery,2023-08-10,2023,8,CMB FINANCIAL LEASING (XIAMEN AIRLINES),A,Asia-Pacific,A321neo,A320 Family,1.0,ODs-December-2023-Airbus-Commercial-Aircraft.xlsx,20230810
delivery,2023-08-10,2023,8,TAP AIR PORTUGAL,E,Europe and CIS,A321neo,A320 Family,1.0,ODs-December-2023-Airbus-Commercial-Aircraft.xlsx,20230810
delivery,2023-08-10,2023,8,WIZZ AIR,E,Europe and CIS,A321neo,A320 Family,1.0,ODs-December-2023-Airbus-Commercial-Aircraft.xlsx,20230810
delivery,2023-08-11,2023,8,INDIGO,A,Asia-Pacific,A321neo,A320 Family,1.0,ODs-December-2023-Airbus-Commercial-Aircraft.xlsx,20230811
delivery,2023-08-14,2023,8,AVIATION CAPITAL GROUP (FRONTIER AIRLINES),N,North America,A321neo,A320 Family,1.0,ODs-December-2023-Airbus-Commercial-Aircraft.xlsx,20230814
delivery,2023-08-15,2023,8,INDIGO,A,Asia-Pacific,A321neo,A320 Family,1.0,ODs-December-2023-Airbus-Commercial-Aircraft.xlsx,20230815
delivery,2023-08-16,2023,8,CALC (FRONTIER AIRLINES),A,Asia-Pacific,A321neo,A320 Family,1.0,ODs-December-2023-Airbus-Commercial-Aircraft.xlsx,20230816
delivery,2023-08-16,2023,8,LUFTHANSA (EUROWINGS),E,Europe and CIS,A321neo,A320 Family,1.0,ODs-December-2023-Airbus-Commercial-Aircraft.xlsx,20230816
delivery,2023-08-16,2023,8,VIVA AEROBUS,L,Latin America & Caribbean,A321neo,A320 Family,1.0,ODs-December-2023-Airbus-Commercial-Aircraft.xlsx,20230816
delivery,2023-08-17,2023,8,AVIATION CAPITAL GROUP (FRONTIER AIRLINES),N,North America,A321neo,A320 Family,1.0,ODs-December-2023-Airbus-Commercial-Aircraft.xlsx,20230817
delivery,2023-08-17,2023,8,CATHAY PACIFIC AIRCRAFT SERVICES LIMITED (HK EXPRESS),A,Asia-Pacific,A321neo,A320 Family,1.0,ODs-December-2023-Airbus-Commercial-Aircraft.xlsx,20230817
delivery,2023-08-17,2023,8,CMB FINANCIAL LEASING (XIAMEN AIRLINES),A,Asia-Pacific,A321neo,A320 Family,1.0,ODs-December-2023-Airbus-Commercial-Aircraft.xlsx,20230817
delivery,2023-08-18,2023,8,INDIGO,A,Asia-Pacific,A321neo,A320 Family,1.0,ODs-December-2023-Airbus-Commercial-Aircraft.xlsx,20230818
delivery,2023-08-21,2023,8,AERCAP (AIR TRANSAT),E,Europe and CIS,A321neo,A320 Family,1.0,ODs-December-2023-Airbus-Commercial-Aircraft.xlsx,20230821
delivery,2023-08-23,2023,8,JETBLUE AIRWAYS,N,North America,A321neo,A320 Family,1.0,ODs-December-2023-Airbus-Commercial-Aircraft.xlsx,20230823
delivery,2023-08-23,2023,8,TURKISH AIRLINES,E,Europe and CIS,A321neo,A320 Family,1.0,ODs-December-2023-Airbus-Commercial-Aircraft.xlsx,20230823
delivery,2023-08-24,2023,8,AERCAP (EGYPTAIR),E,Europe and CIS,A321neo,A320 Family,1.0,ODs-December-2023-Airbus-Commercial-Aircraft.xlsx,20230824
delivery,2023-08-24,2023,8,FRONTIER AIRLINES,N,North America,A321neo,A320 Family,1.0,ODs-December-2023-Airbus-Commercial-Aircraft.xlsx,20230824
delivery,2023-08-24,2023,8,WIZZ AIR,E,Europe and CIS,A321neo,A320 Family,1.0,ODs-December-2023-Airbus-Commercial-Aircraft.xlsx,20230824
delivery,2023-08-29,2023,8,SAUDIA,M,Middle East,A321neo,A320 Family,1.0,ODs-December-2023-Airbus-Commercial-Aircraft.xlsx,20230829
delivery,2023-08-30,2023,8,DELTA AIR LINES,N,North America,A321neo,A320 Family,1.0,ODs-December-2023-Airbus-Commercial-Aircraft.xlsx,20230830
delivery,2023-08-30,2023,8,IBERIA (IBERIA EXPRESS),E,Europe and CIS,A321neo,A320 Family,1.0,ODs-December-2023-Airbus-Commercial-Aircraft.xlsx,20230830
delivery,2023-08-30,2023,8,SMBC AVIATION CAPITAL (TURKISH AIRLINES),E,Europe and CIS,A321neo,A320 Family,1.0,ODs-December-2023-Airbus-Commercial-Aircraft.xlsx,20230830
delivery,2023-09-07,2023,9,AERCAP (SPIRIT AIRLINES),E,Europe and CIS,A321neo,A320 Family,1.0,ODs-December-2023-Airbus-Commercial-Aircraft.xlsx,20230907
delivery,2023-09-07,2023,9,DELTA AIR LINES,N,North America,A321neo,A320 Family,1.0,ODs-December-2023-Airbus-Commercial-Aircraft.xlsx,20230907
delivery,2023-09-11,2023,9,FRONTIER AIRLINES,N,North America,A321neo,A320 Family,1.0,ODs-December-2023-Airbus-Commercial-Aircraft.xlsx,20230911
delivery,2023-09-13,2023,9,IBERIA (IBERIA EXPRESS),E,Europe and CIS,A321neo,A320 Family,1.0,ODs-December-2023-Airbus-Commercial-Aircraft.xlsx,20230913
delivery,2023-09-14,2023,9,SWISS,E,Europe and CIS,A321neo,A320 Family,1.0,ODs-December-2023-Airbus-Commercial-Aircraft.xlsx,20230914
delivery,2023-09-20,2023,9,AERCAP (SPIRIT AIRLINES),E,Europe and CIS,A321neo,A320 Family,1.0,ODs-December-2023-Airbus-Commercial-Aircraft.xlsx,20230920
delivery,2023-09-21,2023,9,AERCAP (SPIRIT AIRLINES),E,Europe and CIS,A321neo,A320 Family,1.0,ODs-December-2023-Airbus-Commercial-Aircraft.xlsx,20230921
delivery,2023-09-21,2023,9,AIR LEASE CORPORATION (VOLARIS),N,North America,A321neo,A320 Family,1.0,ODs-December-2023-Airbus-Commercial-Aircraft.xlsx,20230921
delivery,2023-09-22,2023,9,VIVA AEROBUS,L,Latin America & Caribbean,A321neo,A320 Family,1.0,ODs-December-2023-Airbus-Commercial-Aircraft.xlsx,20230922
delivery,2023-09-22,2023,9,WIZZ AIR (WIZZ AIR MALTA),E,Europe and CIS,A321neo,A320 Family,1.0,ODs-December-2023-Airbus-Commercial-Aircraft.xlsx,20230922
delivery,2023-09-26,2023,9,AERCAP (EGYPTAIR),E,Europe and CIS,A321neo,A320 Family,1.0,ODs-December-2023-Airbus-Commercial-Aircraft.xlsx,20230926
delivery,2023-09-27,2023,9,CEBU PACIFIC,A,Asia-Pacific,A321neo,A320 Family,1.0,ODs-December-2023-Airbus-Commercial-Aircraft.xlsx,20230927
delivery,2023-09-27,2023,9,PEGASUS AIRLINES,E,Europe and CIS,A321neo,A320 Family,1.0,ODs-December-2023-Airbus-Commercial-Aircraft.xlsx,20230927
delivery,2023-09-28,2023,9,GULF AIR,M,Middle East,A321neo,A320 Family,1.0,ODs-December-2023-Airbus-Commercial-Aircraft.xlsx,20230928
delivery,2023-09-28,2023,9,ICBC LEASING (SHENZHEN AIRLINES),A,Asia-Pacific,A321neo,A320 Family,1.0,ODs-December-2023-Airbus-Commercial-Aircraft.xlsx,20230928
delivery,2023-09-28,2023,9,JETBLUE AIRWAYS,N,North America,A321neo,A320 Family,1.0,ODs-December-2023-Airbus-Commercial-Aircraft.xlsx,20230928
delivery,2023-09-28,2023,9,SAUDIA,M,Middle East,A321neo,A320 Family,1.0,ODs-December-2023-Airbus-Commercial-Aircraft.xlsx,20230928
delivery,2023-09-29,2023,9,AERCAP (LATAM AIRLINES GROUP),E,Europe and CIS,A321neo,A320 Family,1.0,ODs-December-2023-Airbus-Commercial-Aircraft.xlsx,20230929
delivery,2023-09-29,2023,9,INDIGO,A,Asia-Pacific,A321neo,A320 Family,1.0,ODs-December-2023-Airbus-Commercial-Aircraft.xlsx,20230929
delivery,2023-09-29,2023,9,WIZZ AIR (WIZZ AIR UK),E,Europe and CIS,A321neo,A320 Family,1.0,ODs-December-2023-Airbus-Commercial-Aircraft.xlsx,20230929
delivery,2023-10-06,2023,10,GULF AIR,M,Middle East,A321neo,A320 Family,1.0,ODs-December-2023-Airbus-Commercial-Aircraft.xlsx,20231006
delivery,2023-10-10,2023,10,AERCAP (SPIRIT AIRLINES),E,Europe and CIS,A321neo,A320 Family,1.0,ODs-December-2023-Airbus-Commercial-Aircraft.xlsx,20231010
delivery,2023-10-10,2023,10,PEGASUS AIRLINES,E,Europe and CIS,A321neo,A320 Family,1.0,ODs-December-2023-Airbus-Commercial-Aircraft.xlsx,20231010
delivery,2023-10-10,2023,10,UNITED AIRLINES,N,North America,A321neo,A320 Family,1.0,ODs-December-2023-Airbus-Commercial-Aircraft.xlsx,20231010
delivery,2023-10-10,2023,10,VIETJET AIR,A,Asia-Pacific,A321neo,A320 Family,1.0,ODs-December-2023-Airbus-Commercial-Aircraft.xlsx,20231010
delivery,2023-10-11,2023,10,INDIGO,A,Asia-Pacific,A321neo,A320 Family,1.0,ODs-December-2023-Airbus-Commercial-Aircraft.xlsx,20231011
delivery,2023-10-11,2023,10,KOREAN AIR,A,Asia-Pacific,A321neo,A320 Family,1.0,ODs-December-2023-Airbus-Commercial-Aircraft.xlsx,20231011
delivery,2023-10-11,2023,10,WIZZ AIR,E,Europe and CIS,A321neo,A320 Family,1.0,ODs-December-2023-Airbus-Commercial-Aircraft.xlsx,20231011
delivery,2023-10-12,2023,10,AVIATION CAPITAL GROUP (SPIRIT AIRLINES),N,North America,A321neo,A320 Family,1.0,ODs-December-2023-Airbus-Commercial-Aircraft.xlsx,20231012
delivery,2023-10-12,2023,10,FRONTIER AIRLINES,N,North America,A321neo,A320 Family,1.0,ODs-December-2023-Airbus-Commercial-Aircraft.xlsx,20231012
delivery,2023-10-12,2023,10,WIZZ AIR,E,Europe and CIS,A321neo,A320 Family,1.0,ODs-December-2023-Airbus-Commercial-Aircraft.xlsx,20231012
delivery,2023-10-13,2023,10,JET2 PLC (JET2.COM),E,Europe and CIS,A321neo,A320 Family,1.0,ODs-December-2023-Airbus-Commercial-Aircraft.xlsx,20231013
delivery,2023-10-13,2023,10,VIVA AEROBUS,L,Latin America & Caribbean,A321neo,A320 Family,1.0,ODs-December-2023-Airbus-Commercial-Aircraft.xlsx,20231013
delivery,2023-10-18,2023,10,CHENGDU AIRLINES,A,Asia-Pacific,A321neo,A320 Family,1.0,ODs-December-2023-Airbus-Commercial-Aircraft.xlsx,20231018
delivery,2023-10-18,2023,10,DELTA AIR LINES,N,North America,A321neo,A320 Family,1.0,ODs-December-2023-Airbus-Commercial-Aircraft.xlsx,20231018
delivery,2023-10-19,2023,10,AIR LEASE CORPORATION (AIR ASTANA),N,North America,A321neo,A320 Family,1.0,ODs-December-2023-Airbus-Commercial-Aircraft.xlsx,20231019
delivery,2023-10-20,2023,10,PEGASUS AIRLINES,E,Europe and CIS,A321neo,A320 Family,1.0,ODs-December-2023-Airbus-Commercial-Aircraft.xlsx,20231020
delivery,2023-10-20,2023,10,SMBC AVIATION CAPITAL (VOLARIS),E,Europe and CIS,A321neo,A320 Family,1.0,ODs-December-2023-Airbus-Commercial-Aircraft.xlsx,20231020
delivery,2023-10-24,2023,10,AERCAP (EGYPTAIR),E,Europe and CIS,A321neo,A320 Family,1.0,ODs-December-2023-Airbus-Commercial-Aircraft.xlsx,20231024
delivery,2023-10-24,2023,10,BRITISH AIRWAYS,E,Europe and CIS,A321neo,A320 Family,1.0,ODs-December-2023-Airbus-Commercial-Aircraft.xlsx,20231024
delivery,2023-10-25,2023,10,VIETJET AIR,A,Asia-Pacific,A321neo,A320 Family,1.0,ODs-December-2023-Airbus-Commercial-Aircraft.xlsx,20231025
delivery,2023-10-26,2023,10,JET2 PLC (JET2.COM),E,Europe and CIS,A321neo,A320 Family,1.0,ODs-December-2023-Airbus-Commercial-Aircraft.xlsx,20231026
delivery,2023-10-27,2023,10,PEGASUS AIRLINES,E,Europe and CIS,A321neo,A320 Family,1.0,ODs-December-2023-Airbus-Commercial-Aircraft.xlsx,20231027
delivery,2023-10-27,2023,10,WIZZ AIR,E,Europe and CIS,A321neo,A320 Family,1.0,ODs-December-2023-Airbus-Commercial-Aircraft.xlsx,20231027
delivery,2023-10-30,2023,10,AERCAP (LATAM AIRLINES GROUP),E,Europe and CIS,A321neo,A320 Family,1.0,ODs-December-2023-Airbus-Commercial-Aircraft.xlsx,20231030
delivery,2023-10-30,2023,10,AIR NEW ZEALAND,A,Asia-Pacific,A321neo,A320 Family,1.0,ODs-December-2023-Airbus-Commercial-Aircraft.xlsx,20231030
delivery,2023-10-30,2023,10,KOREAN AIR,A,Asia-Pacific,A321neo,A320 Family,1.0,ODs-December-2023-Airbus-Commercial-Aircraft.xlsx,20231030
delivery,2023-10-30,2023,10,WIZZ AIR,E,Europe and CIS,A321neo,A320 Family,1.0,ODs-December-2023-Airbus-Commercial-Aircraft.xlsx,20231030
delivery,2023-11-07,2023,11,DELTA AIR LINES,N,North America,A321neo,A320 Family,1.0,ODs-December-2023-Airbus-Commercial-Aircraft.xlsx,20231107
delivery,2023-11-08,2023,11,IBERIA (IBERIA EXPRESS),E,Europe and CIS,A321neo,A320 Family,1.0,ODs-December-2023-Airbus-Commercial-Aircraft.xlsx,20231108
delivery,2023-11-08,2023,11,LUFTHANSA (EUROWINGS),E,Europe and CIS,A321neo,A320 Family,1.0,ODs-December-2023-Airbus-Commercial-Aircraft.xlsx,20231108
delivery,2023-11-10,2023,11,AIR LEASE CORPORATION (ITA AIRWAYS),N,North America,A321neo,A320 Family,1.0,ODs-December-2023-Airbus-Commercial-Aircraft.xlsx,20231110
delivery,2023-11-10,2023,11,PEGASUS AIRLINES,E,Europe and CIS,A321neo,A320 Family,1.0,ODs-December-2023-Airbus-Commercial-Aircraft.xlsx,20231110
delivery,2023-11-13,2023,11,SMBC AVIATION CAPITAL (TURKISH AIRLINES),E,Europe and CIS,A321neo,A320 Family,1.0,ODs-December-2023-Airbus-Commercial-Aircraft.xlsx,20231113
delivery,2023-11-14,2023,11,DELTA AIR LINES,N,North America,A321neo,A320 Family,1.0,ODs-December-2023-Airbus-Commercial-Aircraft.xlsx,20231114
delivery,2023-11-15,2023,11,PEGASUS AIRLINES,E,Europe and CIS,A321neo,A320 Family,1.0,ODs-December-2023-Airbus-Commercial-Aircraft.xlsx,20231115
delivery,2023-11-16,2023,11,FRONTIER AIRLINES,N,North America,A321neo,A320 Family,1.0,ODs-December-2023-Airbus-Commercial-Aircraft.xlsx,20231116
delivery,2023-11-17,2023,11,GULF AIR,M,Middle East,A321neo,A320 Family,1.0,ODs-December-2023-Airbus-Commercial-Aircraft.xlsx,20231117
delivery,2023-11-17,2023,11,JETBLUE AIRWAYS,N,North America,A321neo,A320 Family,1.0,ODs-December-2023-Airbus-Commercial-Aircraft.xlsx,20231117
delivery,2023-11-17,2023,11,VIVA AEROBUS,L,Latin America & Caribbean,A321neo,A320 Family,1.0,ODs-December-2023-Airbus-Commercial-Aircraft.xlsx,20231117
delivery,2023-11-20,2023,11,AIR LEASE CORPORATION (LATAM AIRLINES BRASIL),N,North America,A321neo,A320 Family,1.0,ODs-December-2023-Airbus-Commercial-Aircraft.xlsx,20231120
delivery,2023-11-20,2023,11,CEBU PACIFIC,A,Asia-Pacific,A321neo,A320 Family,1.0,ODs-December-2023-Airbus-Commercial-Aircraft.xlsx,20231120
delivery,2023-11-20,2023,11,IBERIA (IBERIA EXPRESS),E,Europe and CIS,A321neo,A320 Family,1.0,ODs-December-2023-Airbus-Commercial-Aircraft.xlsx,20231120
delivery,2023-11-21,2023,11,ILFC (LATAM AIRLINES GROUP),N,North America,A321neo,A320 Family,1.0,ODs-December-2023-Airbus-Commercial-Aircraft.xlsx,20231121
delivery,2023-11-21,2023,11,UNITED AIRLINES,N,North America,A321neo,A320 Family,1.0,ODs-December-2023-Airbus-Commercial-Aircraft.xlsx,20231121
delivery,2023-11-22,2023,11,KOREAN AIR,A,Asia-Pacific,A321neo,A320 Family,1.0,ODs-December-2023-Airbus-Commercial-Aircraft.xlsx,20231122
delivery,2023-11-23,2023,11,WIZZ AIR,E,Europe and CIS,A321neo,A320 Family,1.0,ODs-December-2023-Airbus-Commercial-Aircraft.xlsx,20231123
delivery,2023-11-24,2023,11,AIR LEASE CORPORATION (SKY AIRLINE),N,North America,A321neo,A320 Family,1.0,ODs-December-2023-Airbus-Commercial-Aircraft.xlsx,20231124
delivery,2023-11-27,2023,11,CDB LEASING (LATAM AIRLINES GROUP),A,Asia-Pacific,A321neo,A320 Family,1.0,ODs-December-2023-Airbus-Commercial-Aircraft.xlsx,20231127
delivery,2023-11-27,2023,11,GULF AIR,M,Middle East,A321neo,A320 Family,1.0,ODs-December-2023-Airbus-Commercial-Aircraft.xlsx,20231127
delivery,2023-11-28,2023,11,CATHAY PACIFIC AIRCRAFT SERVICES LIMITED (HK EXPRESS),A,Asia-Pacific,A321neo,A320 Family,1.0,ODs-December-2023-Airbus-Commercial-Aircraft.xlsx,20231128
delivery,2023-11-29,2023,11,AIR LEASE CORPORATION (LATAM AIRLINES GROUP),N,North America,A321neo,A320 Family,1.0,ODs-December-2023-Airbus-Commercial-Aircraft.xlsx,20231129
delivery,2023-11-29,2023,11,VOLARIS,L,Latin America & Caribbean,A321neo,A320 Family,1.0,ODs-December-2023-Airbus-Commercial-Aircraft.xlsx,20231129
delivery,2023-11-30,2023,11,CMB FINANCIAL LEASING (XIAMEN AIRLINES),A,Asia-Pacific,A321neo,A320 Family,1.0,ODs-December-2023-Airbus-Commercial-Aircraft.xlsx,20231130
delivery,2023-11-30,2023,11,FRONTIER AIRLINES,N,North America,A321neo,A320 Family,1.0,ODs-December-2023-Airbus-Commercial-Aircraft.xlsx,20231130
delivery,2023-11-30,2023,11,SMBC AVIATION CAPITAL (JETSMART),E,Europe and CIS,A321neo,A320 Family,1.0,ODs-December-2023-Airbus-Commercial-Aircraft.xlsx,20231130
delivery,2023-11-30,2023,11,VOLARIS,L,Latin America & Caribbean,A321neo,A320 Family,1.0,ODs-December-2023-Airbus-Commercial-Aircraft.xlsx,20231130
delivery,2023-12-04,2023,12,NAS AVIATION SERVICES (LATAM AIRLINES GROUP),N,North America,A321neo,A320 Family,1.0,ODs-December-2023-Airbus-Commercial-Aircraft.xlsx,20231204
delivery,2023-12-04,2023,12,WIZZ AIR,E,Europe and CIS,A321neo,A320 Family,1.0,ODs-December-2023-Airbus-Commercial-Aircraft.xlsx,20231204
delivery,2023-12-05,2023,12,DELTA AIR LINES,N,North America,A321neo,A320 Family,1.0,ODs-December-2023-Airbus-Commercial-Aircraft.xlsx,20231205
delivery,2023-12-06,2023,12,LUFTHANSA (EUROWINGS),E,Europe and CIS,A321neo,A320 Family,1.0,ODs-December-2023-Airbus-Commercial-Aircraft.xlsx,20231206
delivery,2023-12-07,2023,12,DELTA AIR LINES,N,North America,A321neo,A320 Family,1.0,ODs-December-2023-Airbus-Commercial-Aircraft.xlsx,20231207
delivery,2023-12-07,2023,12,WIZZ AIR,E,Europe and CIS,A321neo,A320 Family,1.0,ODs-December-2023-Airbus-Commercial-Aircraft.xlsx,20231207
delivery,2023-12-08,2023,12,BRITISH AIRWAYS,E,Europe and CIS,A321neo,A320 Family,1.0,ODs-December-2023-Airbus-Commercial-Aircraft.xlsx,20231208
delivery,2023-12-08,2023,12,SMBC AVIATION CAPITAL (VOLARIS),E,Europe and CIS,A321neo,A320 Family,1.0,ODs-December-2023-Airbus-Commercial-Aircraft.xlsx,20231208
delivery,2023-12-11,2023,12,CALC (XIAMEN AIRLINES),A,Asia-Pacific,A321neo,A320 Family,1.0,ODs-December-2023-Airbus-Commercial-Aircraft.xlsx,20231211
delivery,2023-12-11,2023,12,SMBC AVIATION CAPITAL (JETSMART (CHILE)),E,Europe and CIS,A321neo,A320 Family,1.0,ODs-December-2023-Airbus-Commercial-Aircraft.xlsx,20231211
delivery,2023-12-12,2023,12,AIR LEASE CORPORATION (SUNCLASS AIRLINES),N,North America,A321neo,A320 Family,1.0,ODs-December-2023-Airbus-Commercial-Aircraft.xlsx,20231212
delivery,2023-12-12,2023,12,BOCOM LEASING (CHINA SOUTHERN AIRLINES),A,Asia-Pacific,A321neo,A320 Family,1.0,ODs-December-2023-Airbus-Commercial-Aircraft.xlsx,20231212
delivery,2023-12-13,2023,12,ASIANA AIRLINES,A,Asia-Pacific,A321neo,A320 Family,1.0,ODs-December-2023-Airbus-Commercial-Aircraft.xlsx,20231213
delivery,2023-12-13,2023,12,QANTAS AIRWAYS (JETSTAR AIRWAYS),A,Asia-Pacific,A321neo,A320 Family,1.0,ODs-December-2023-Airbus-Commercial-Aircraft.xlsx,20231213
delivery,2023-12-14,2023,12,NAS AVIATION SERVICES (CHINA SOUTHERN AIRLINES),N,North America,A321neo,A320 Family,1.0,ODs-December-2023-Airbus-Commercial-Aircraft.xlsx,20231214
delivery,2023-12-14,2023,12,WIZZ AIR,E,Europe and CIS,A321neo,A320 Family,1.0,ODs-December-2023-Airbus-Commercial-Aircraft.xlsx,20231214
delivery,2023-12-15,2023,12,AIR LEASE CORPORATION (ITA AIRWAYS),N,North America,A321neo,A320 Family,1.0,ODs-December-2023-Airbus-Commercial-Aircraft.xlsx,20231215
delivery,2023-12-15,2023,12,AIR LEASE CORPORATION (TRANSAVIA),N,North America,A321neo,A320 Family,1.0,ODs-December-2023-Airbus-Commercial-Aircraft.xlsx,20231215
delivery,2023-12-18,2023,12,QANTAS AIRWAYS (JETSTAR AIRWAYS),A,Asia-Pacific,A321neo,A320 Family,1.0,ODs-December-2023-Airbus-Commercial-Aircraft.xlsx,20231218
delivery,2023-12-18,2023,12,TURKISH AIRLINES,E,Europe and CIS,A321neo,A320 Family,1.0,ODs-December-2023-Airbus-Commercial-Aircraft.xlsx,20231218
delivery,2023-12-19,2023,12,ASIANA AIRLINES,A,Asia-Pacific,A321neo,A320 Family,1.0,ODs-December-2023-Airbus-Commercial-Aircraft.xlsx,20231219
delivery,2023-12-19,2023,12,DELTA AIR LINES,N,North America,A321neo,A320 Family,1.0,ODs-December-2023-Airbus-Commercial-Aircraft.xlsx,20231219
delivery,2023-12-19,2023,12,FRONTIER AIRLINES,N,North America,A321neo,A320 Family,1.0,ODs-December-2023-Airbus-Commercial-Aircraft.xlsx,20231219
delivery,2023-12-19,2023,12,SAUDIA,M,Middle East,A321neo,A320 Family,1.0,ODs-December-2023-Airbus-Commercial-Aircraft.xlsx,20231219
delivery,2023-12-20,2023,12,CATHAY PACIFIC AIRCRAFT SERVICES LIMITED (HK EXPRESS),A,Asia-Pacific,A321neo,A320 Family,1.0,ODs-December-2023-Airbus-Commercial-Aircraft.xlsx,20231220
delivery,2023-12-20,2023,12,JETSMART (CHILE),L,Latin America & Caribbean,A321neo,A320 Family,1.0,ODs-December-2023-Airbus-Commercial-Aircraft.xlsx,20231220
delivery,2023-12-21,2023,12,BRITISH AIRWAYS,E,Europe and CIS,A321neo,A320 Family,1.0,ODs-December-2023-Airbus-Commercial-Aircraft.xlsx,20231221
delivery,2023-12-21,2023,12,ICBC LEASING (SHENZHEN AIRLINES),A,Asia-Pacific,A321neo,A320 Family,1.0,ODs-December-2023-Airbus-Commercial-Aircraft.xlsx,20231221
delivery,2023-12-21,2023,12,SMBC AVIATION CAPITAL (SKY AIRLINE),E,Europe and CIS,A321neo,A320 Family,1.0,ODs-December-2023-Airbus-Commercial-Aircraft.xlsx,20231221
delivery,2023-12-21,2023,12,VIETJET AIR,A,Asia-Pacific,A321neo,A320 Family,1.0,ODs-December-2023-Airbus-Commercial-Aircraft.xlsx,20231221
delivery,2023-12-21,2023,12,WIZZ AIR,E,Europe and CIS,A321neo,A320 Family,1.0,ODs-December-2023-Airbus-Commercial-Aircraft.xlsx,20231221
delivery,2023-12-22,2023,12,PEGASUS AIRLINES,E,Europe and CIS,A321neo,A320 Family,1.0,ODs-December-2023-Airbus-Commercial-Aircraft.xlsx,20231222
delivery,2023-12-26,2023,12,SAUDIA,M,Middle East,A321neo,A320 Family,1.0,ODs-December-2023-Airbus-Commercial-Aircraft.xlsx,20231226
delivery,2023-12-27,2023,12,GULF AIR,M,Middle East,A321neo,A320 Family,1.0,ODs-December-2023-Airbus-Commercial-Aircraft.xlsx,20231227
delivery,2023-12-27,2023,12,PEGASUS AIRLINES,E,Europe and CIS,A321neo,A320 Family,1.0,ODs-December-2023-Airbus-Commercial-Aircraft.xlsx,20231227
delivery,2023-12-27,2023,12,UNITED AIRLINES,N,North America,A321neo,A320 Family,2.0,ODs-December-2023-Airbus-Commercial-Aircraft.xlsx,20231227
delivery,2023-12-29,2023,12,ICBC LEASING (AIR BUSAN),A,Asia-Pacific,A321neo,A320 Family,1.0,ODs-December-2023-Airbus-Commercial-Aircraft.xlsx,20231229
delivery,2023-02-09,2023,2,AIRBUS DEFENCE AND SPACE (NSPA - NATO SUPPORT AND PROCUREMENT AGENCY),E,Europe and CIS,A330-200,A330,1.0,ODs-December-2023-Airbus-Commercial-Aircraft.xlsx,20230209
delivery,2023-05-17,2023,5,AIRBUS DEFENCE AND SPACE (UNITED ARAB EMIRATES AIRFORCE),E,Europe and CIS,A330-200,A330,1.0,ODs-December-2023-Airbus-Commercial-Aircraft.xlsx,20230517
delivery,2023-10-19,2023,10,AIRBUS DEFENCE AND SPACE (NSPA - NATO SUPPORT AND PROCUREMENT AGENCY),E,Europe and CIS,A330-200,A330,1.0,ODs-December-2023-Airbus-Commercial-Aircraft.xlsx,20231019
delivery,2023-01-09,2023,1,AIR LEASE CORPORATION (VIRGIN ATLANTIC AIRWAYS),N,North America,A330-900,A330,1.0,ODs-December-2023-Airbus-Commercial-Aircraft.xlsx,20230109
delivery,2023-02-03,2023,2,CIT LEASING (CONDOR),E,Europe and CIS,A330-900,A330,1.0,ODs-December-2023-Airbus-Commercial-Aircraft.xlsx,20230203
delivery,2023-03-07,2023,3,DELTA AIR LINES,N,North America,A330-900,A330,1.0,ODs-December-2023-Airbus-Commercial-Aircraft.xlsx,20230307
delivery,2023-03-15,2023,3,CONDOR,E,Europe and CIS,A330-900,A330,1.0,ODs-December-2023-Airbus-Commercial-Aircraft.xlsx,20230315
delivery,2023-03-30,2023,3,AIR LEASE CORPORATION (VIRGIN ATLANTIC AIRWAYS),N,North America,A330-900,A330,1.0,ODs-December-2023-Airbus-Commercial-Aircraft.xlsx,20230330
delivery,2023-04-07,2023,4,NAS AVIATION SERVICES (CONDOR),N,North America,A330-900,A330,1.0,ODs-December-2023-Airbus-Commercial-Aircraft.xlsx,20230407
delivery,2023-04-28,2023,4,CEBU PACIFIC,A,Asia-Pacific,A330-900,A330,1.0,ODs-December-2023-Airbus-Commercial-Aircraft.xlsx,20230428
delivery,2023-05-10,2023,5,DELTA AIR LINES,N,North America,A330-900,A330,1.0,ODs-December-2023-Airbus-Commercial-Aircraft.xlsx,20230510
delivery,2023-05-23,2023,5,AIR LEASE CORPORATION (ITA AIRWAYS),N,North America,A330-900,A330,1.0,ODs-December-2023-Airbus-Commercial-Aircraft.xlsx,20230523
delivery,2023-05-26,2023,5,CONDOR,E,Europe and CIS,A330-900,A330,1.0,ODs-December-2023-Airbus-Commercial-Aircraft.xlsx,20230526
delivery,2023-06-21,2023,6,AIR LEASE CORPORATION (ITA AIRWAYS),N,North America,A330-900,A330,1.0,ODs-December-2023-Airbus-Commercial-Aircraft.xlsx,20230621
delivery,2023-06-27,2023,6,CIT LEASING (CONDOR),E,Europe and CIS,A330-900,A330,1.0,ODs-December-2023-Airbus-Commercial-Aircraft.xlsx,20230627
delivery,2023-07-12,2023,7,NAS AVIATION SERVICES (ITA AIRWAYS),N,North America,A330-900,A330,1.0,ODs-December-2023-Airbus-Commercial-Aircraft.xlsx,20230712
delivery,2023-07-25,2023,7,NAS AVIATION SERVICES (CONDOR),N,North America,A330-900,A330,1.0,ODs-December-2023-Airbus-Commercial-Aircraft.xlsx,20230725
delivery,2023-07-26,2023,7,DELTA AIR LINES,N,North America,A330-900,A330,1.0,ODs-December-2023-Airbus-Commercial-Aircraft.xlsx,20230726
delivery,2023-08-03,2023,8,AIR LEASE CORPORATION (ITA AIRWAYS),N,North America,A330-900,A330,1.0,ODs-December-2023-Airbus-Commercial-Aircraft.xlsx,20230803
delivery,2023-09-01,2023,9,CONDOR,E,Europe and CIS,A330-900,A330,1.0,ODs-December-2023-Airbus-Commercial-Aircraft.xlsx,20230901
delivery,2023-09-29,2023,9,CONDOR,E,Europe and CIS,A330-900,A330,1.0,ODs-December-2023-Airbus-Commercial-Aircraft.xlsx,20230929
delivery,2023-10-05,2023,10,AIR LEASE CORPORATION (ITA AIRWAYS),N,North America,A330-900,A330,1.0,ODs-December-2023-Airbus-Commercial-Aircraft.xlsx,20231005
delivery,2023-10-31,2023,10,DELTA AIR LINES,N,North America,A330-900,A330,1.0,ODs-December-2023-Airbus-Commercial-Aircraft.xlsx,20231031
delivery,2023-11-14,2023,11,DELTA AIR LINES,N,North America,A330-900,A330,1.0,ODs-December-2023-Airbus-Commercial-Aircraft.xlsx,20231114
delivery,2023-11-16,2023,11,CEBU PACIFIC,A,Asia-Pacific,A330-900,A330,1.0,ODs-December-2023-Airbus-Commercial-Aircraft.xlsx,20231116
delivery,2023-11-23,2023,11,CIT LEASING (CONDOR),E,Europe and CIS,A330-900,A330,1.0,ODs-December-2023-Airbus-Commercial-Aircraft.xlsx,20231123
delivery,2023-12-05,2023,12,AIR LEASE CORPORATION (SUNCLASS AIRLINES),N,North America,A330-900,A330,1.0,ODs-December-2023-Airbus-Commercial-Aircraft.xlsx,20231205
delivery,2023-12-06,2023,12,DELTA AIR LINES,N,North America,A330-900,A330,1.0,ODs-December-2023-Airbus-Commercial-Aircraft.xlsx,20231206
delivery,2023-12-14,2023,12,CEBU PACIFIC,A,Asia-Pacific,A330-900,A330,1.0,ODs-December-2023-Airbus-Commercial-Aircraft.xlsx,20231214
delivery,2023-12-18,2023,12,CIT LEASING (CONDOR),E,Europe and CIS,A330-900,A330,1.0,ODs-December-2023-Airbus-Commercial-Aircraft.xlsx,20231218
delivery,2023-12-21,2023,12,ITA AIRWAYS,E,Europe and CIS,A330-900,A330,1.0,ODs-December-2023-Airbus-Commercial-Aircraft.xlsx,20231221
delivery,2023-12-27,2023,12,DELTA AIR LINES,N,North America,A330-900,A330,1.0,ODs-December-2023-Airbus-Commercial-Aircraft.xlsx,20231227
delivery,2023-01-08,2023,1,AIR LEASE CORPORATION (STARLUX AIRLINES),N,North America,A350-900,A350,1.0,ODs-December-2023-Airbus-Commercial-Aircraft.xlsx,20230108
delivery,2023-02-24,2023,2,TURKISH AIRLINES,E,Europe and CIS,A350-900,A350,1.0,ODs-December-2023-Airbus-Commercial-Aircraft.xlsx,20230224
delivery,2023-02-28,2023,2,CHINA EASTERN AIRLINES,A,Asia-Pacific,A350-900,A350,1.0,ODs-December-2023-Airbus-Commercial-Aircraft.xlsx,20230228
delivery,2023-03-29,2023,3,SINGAPORE AIRLINES,A,Asia-Pacific,A350-900,A350,1.0,ODs-December-2023-Airbus-Commercial-Aircraft.xlsx,20230329
delivery,2023-03-30,2023,3,STARLUX AIRLINES,A,Asia-Pacific,A350-900,A350,1.0,ODs-December-2023-Airbus-Commercial-Aircraft.xlsx,20230330
delivery,2023-04-24,2023,4,AIR CHINA,A,Asia-Pacific,A350-900,A350,1.0,ODs-December-2023-Airbus-Commercial-Aircraft.xlsx,20230424
delivery,2023-04-26,2023,4,AIR CHINA,A,Asia-Pacific,A350-900,A350,1.0,ODs-December-2023-Airbus-Commercial-Aircraft.xlsx,20230426
delivery,2023-04-26,2023,4,CHINA EASTERN AIRLINES,A,Asia-Pacific,A350-900,A350,1.0,ODs-December-2023-Airbus-Commercial-Aircraft.xlsx,20230426
delivery,2023-04-28,2023,4,ETHIOPIAN AIRLINES,F,Africa,A350-900,A350,1.0,ODs-December-2023-Airbus-Commercial-Aircraft.xlsx,20230428
delivery,2023-05-15,2023,5,AIR CHINA,A,Asia-Pacific,A350-900,A350,1.0,ODs-December-2023-Airbus-Commercial-Aircraft.xlsx,20230515
delivery,2023-05-22,2023,5,AIR CHINA,A,Asia-Pacific,A350-900,A350,1.0,ODs-December-2023-Airbus-Commercial-Aircraft.xlsx,20230522
delivery,2023-05-25,2023,5,AIR LEASE CORPORATION (WORLD2FLY),N,North America,A350-900,A350,1.0,ODs-December-2023-Airbus-Commercial-Aircraft.xlsx,20230525
delivery,2023-06-06,2023,6,TURKISH AIRLINES,E,Europe and CIS,A350-900,A350,1.0,ODs-December-2023-Airbus-Commercial-Aircraft.xlsx,20230606
delivery,2023-06-16,2023,6,CHINA SOUTHERN AIRLINES,A,Asia-Pacific,A350-900,A350,1.0,ODs-December-2023-Airbus-Commercial-Aircraft.xlsx,20230616
delivery,2023-06-20,2023,6,CHINA SOUTHERN AIRLINES,A,Asia-Pacific,A350-900,A350,1.0,ODs-December-2023-Airbus-Commercial-Aircraft.xlsx,20230620
delivery,2023-06-28,2023,6,IBERIA,E,Europe and CIS,A350-900,A350,1.0,ODs-December-2023-Airbus-Commercial-Aircraft.xlsx,20230628
delivery,2023-07-12,2023,7,AIR FRANCE,E,Europe and CIS,A350-900,A350,1.0,ODs-December-2023-Airbus-Commercial-Aircraft.xlsx,20230712
delivery,2023-07-13,2023,7,CHINA EASTERN AIRLINES,A,Asia-Pacific,A350-900,A350,1.0,ODs-December-2023-Airbus-Commercial-Aircraft.xlsx,20230713
delivery,2023-07-13,2023,7,TURKISH AIRLINES,E,Europe and CIS,A350-900,A350,1.0,ODs-December-2023-Airbus-Commercial-Aircraft.xlsx,20230713
delivery,2023-07-31,2023,7,CATHAY PACIFIC,A,Asia-Pacific,A350-900,A350,1.0,ODs-December-2023-Airbus-Commercial-Aircraft.xlsx,20230731
delivery,2023-07-31,2023,7,SINGAPORE AIRLINES,A,Asia-Pacific,A350-900,A350,1.0,ODs-December-2023-Airbus-Commercial-Aircraft.xlsx,20230731
delivery,2023-08-15,2023,8,AIR CHINA,A,Asia-Pacific,A350-900,A350,1.0,ODs-December-2023-Airbus-Commercial-Aircraft.xlsx,20230815
delivery,2023-09-07,2023,9,AIR CHINA,A,Asia-Pacific,A350-900,A350,1.0,ODs-December-2023-Airbus-Commercial-Aircraft.xlsx,20230907
delivery,2023-09-14,2023,9,ASIANA AIRLINES,A,Asia-Pacific,A350-900,A350,1.0,ODs-December-2023-Airbus-Commercial-Aircraft.xlsx,20230914
delivery,2023-09-15,2023,9,CHINA SOUTHERN AIRLINES,A,Asia-Pacific,A350-900,A350,1.0,ODs-December-2023-Airbus-Commercial-Aircraft.xlsx,20230915
delivery,2023-09-18,2023,9,AIR FRANCE,E,Europe and CIS,A350-900,A350,1.0,ODs-December-2023-Airbus-Commercial-Aircraft.xlsx,20230918
delivery,2023-09-21,2023,9,AIR INDIA,A,Asia-Pacific,A350-900,A350,1.0,ODs-December-2023-Airbus-Commercial-Aircraft.xlsx,20230921
delivery,2023-10-04,2023,10,IBERIA,E,Europe and CIS,A350-900,A350,1.0,ODs-December-2023-Airbus-Commercial-Aircraft.xlsx,20231004
delivery,2023-10-05,2023,10,STARLUX AIRLINES,A,Asia-Pacific,A350-900,A350,1.0,ODs-December-2023-Airbus-Commercial-Aircraft.xlsx,20231005
delivery,2023-10-11,2023,10,AIR INDIA,A,Asia-Pacific,A350-900,A350,1.0,ODs-December-2023-Airbus-Commercial-Aircraft.xlsx,20231011
delivery,2023-10-18,2023,10,CHINA EASTERN AIRLINES,A,Asia-Pacific,A350-900,A350,1.0,ODs-December-2023-Airbus-Commercial-Aircraft.xlsx,20231018
delivery,2023-10-19,2023,10,AIR FRANCE,E,Europe and CIS,A350-900,A350,1.0,ODs-December-2023-Airbus-Commercial-Aircraft.xlsx,20231019
delivery,2023-10-19,2023,10,AIR INDIA,A,Asia-Pacific,A350-900,A350,1.0,ODs-December-2023-Airbus-Commercial-Aircraft.xlsx,20231019
delivery,2023-10-19,2023,10,ASIANA AIRLINES,A,Asia-Pacific,A350-900,A350,1.0,ODs-December-2023-Airbus-Commercial-Aircraft.xlsx,20231019
delivery,2023-10-24,2023,10,SICHUAN AIRLINES,A,Asia-Pacific,A350-900,A350,1.0,ODs-December-2023-Airbus-Commercial-Aircraft.xlsx,20231024
delivery,2023-11-03,2023,11,AIR FRANCE,E,Europe and CIS,A350-900,A350,1.0,ODs-December-2023-Airbus-Commercial-Aircraft.xlsx,20231103
delivery,2023-11-10,2023,11,LUFTHANSA,E,Europe and CIS,A350-900,A350,1.0,ODs-December-2023-Airbus-Commercial-Aircraft.xlsx,20231110
delivery,2023-11-17,2023,11,TURKISH AIRLINES,E,Europe and CIS,A350-900,A350,1.0,ODs-December-2023-Airbus-Commercial-Aircraft.xlsx,20231117
delivery,2023-11-21,2023,11,AIR INDIA,A,Asia-Pacific,A350-900,A350,1.0,ODs-December-2023-Airbus-Commercial-Aircraft.xlsx,20231121
delivery,2023-11-21,2023,11,CHINA SOUTHERN AIRLINES,A,Asia-Pacific,A350-900,A350,1.0,ODs-December-2023-Airbus-Commercial-Aircraft.xlsx,20231121
delivery,2023-11-30,2023,11,AIR FRANCE,E,Europe and CIS,A350-900,A350,1.0,ODs-December-2023-Airbus-Commercial-Aircraft.xlsx,20231130
delivery,2023-12-05,2023,12,CHINA EASTERN AIRLINES,A,Asia-Pacific,A350-900,A350,1.0,ODs-December-2023-Airbus-Commercial-Aircraft.xlsx,20231205
delivery,2023-12-08,2023,12,AIR INDIA,A,Asia-Pacific,A350-900,A350,1.0,ODs-December-2023-Airbus-Commercial-Aircraft.xlsx,20231208
delivery,2023-12-12,2023,12,TURKISH AIRLINES,E,Europe and CIS,A350-900,A350,1.0,ODs-December-2023-Airbus-Commercial-Aircraft.xlsx,20231212
delivery,2023-12-14,2023,12,AIR INDIA,A,Asia-Pacific,A350-900,A350,1.0,ODs-December-2023-Airbus-Commercial-Aircraft.xlsx,20231214
delivery,2023-12-19,2023,12,IBERIA,E,Europe and CIS,A350-900,A350,1.0,ODs-December-2023-Airbus-Commercial-Aircraft.xlsx,20231219
delivery,2023-12-20,2023,12,CATHAY PACIFIC,A,Asia-Pacific,A350-900,A350,1.0,ODs-December-2023-Airbus-Commercial-Aircraft.xlsx,20231220
delivery,2023-12-21,2023,12,AIR FRANCE,E,Europe and CIS,A350-900,A350,1.0,ODs-December-2023-Airbus-Commercial-Aircraft.xlsx,20231221
delivery,2023-12-22,2023,12,SICHUAN AIRLINES,A,Asia-Pacific,A350-900,A350,1.0,ODs-December-2023-Airbus-Commercial-Aircraft.xlsx,20231222
delivery,2023-12-26,2023,12,AIR CHINA,A,Asia-Pacific,A350-900,A350,1.0,ODs-December-2023-Airbus-Commercial-Aircraft.xlsx,20231226
delivery,2023-12-29,2023,12,AIR FRANCE,E,Europe and CIS,A350-900,A350,1.0,ODs-December-2023-Airbus-Commercial-Aircraft.xlsx,20231229
delivery,2023-12-29,2023,12,LUFTHANSA,E,Europe and CIS,A350-900,A350,1.0,ODs-December-2023-Airbus-Commercial-Aircraft.xlsx,20231229
delivery,2023-05-12,2023,5,QATAR AIRWAYS,M,Middle East,A350-1000,A350,1.0,ODs-December-2023-Airbus-Commercial-Aircraft.xlsx,20230512
delivery,2023-05-23,2023,5,AIR LEASE CORPORATION (VIRGIN ATLANTIC AIRWAYS),N,North America,A350-1000,A350,1.0,ODs-December-2023-Airbus-Commercial-Aircraft.xlsx,20230523
delivery,2023-06-09,2023,6,BRITISH AIRWAYS,E,Europe and CIS,A350-1000,A350,1.0,ODs-December-2023-Airbus-Commercial-Aircraft.xlsx,20230609
delivery,2023-06-09,2023,6,QATAR AIRWAYS,M,Middle East,A350-1000,A350,1.0,ODs-December-2023-Airbus-Commercial-Aircraft.xlsx,20230609
delivery,2023-06-23,2023,6,QATAR AIRWAYS,M,Middle East,A350-1000,A350,1.0,ODs-December-2023-Airbus-Commercial-Aircraft.xlsx,20230623
delivery,2023-07-12,2023,7,QATAR AIRWAYS,M,Middle East,A350-1000,A350,1.0,ODs-December-2023-Airbus-Commercial-Aircraft.xlsx,20230712
delivery,2023-07-19,2023,7,BRITISH AIRWAYS,E,Europe and CIS,A350-1000,A350,1.0,ODs-December-2023-Airbus-Commercial-Aircraft.xlsx,20230719
delivery,2023-07-21,2023,7,QATAR AIRWAYS,M,Middle East,A350-1000,A350,1.0,ODs-December-2023-Airbus-Commercial-Aircraft.xlsx,20230721
delivery,2023-08-18,2023,8,BRITISH AIRWAYS,E,Europe and CIS,A350-1000,A350,1.0,ODs-December-2023-Airbus-Commercial-Aircraft.xlsx,20230818
delivery,2023-12-11,2023,12,JAPAN AIRLINES,A,Asia-Pacific,A350-1000,A350,1.0,ODs-December-2023-Airbus-Commercial-Aircraft.xlsx,20231211
delivery,2023-12-15,2023,12,BRITISH AIRWAYS,E,Europe and CIS,A350-1000,A350,1.0,ODs-December-2023-Airbus-Commercial-Aircraft.xlsx,20231215
delivery,2023-12-28,2023,12,JAPAN AIRLINES,A,Asia-Pacific,A350-1000,A350,1.0,ODs-December-2023-Airbus-Commercial-Aircraft.xlsx,20231228
order,2024-12-27,2024,12,UNDISCLOSED,,Unknown,A220-100,A220,2.0,ods-december-2024-airbus-commercial-aircraft-pke4.xlsx,20241227
order,2024-08-12,2024,8,AIRBALTIC,,Unknown,A220-300,A220,10.0,ods-december-2024-airbus-commercial-aircraft-pke4.xlsx,20240812
order,2024-12-19,2024,12,AIR CANADA,,Unknown,A220-300,A220,5.0,ods-december-2024-airbus-commercial-aircraft-pke4.xlsx,20241219
order,2024-03-12,2024,3,PRIVATE CUSTOMER,,Unknown,A319neo,A320 Family,1.0,ods-december-2024-airbus-commercial-aircraft-pke4.xlsx,20240312
order,2024-03-15,2024,3,INDIGO,,Unknown,A320neo,A320 Family,10.0,ods-december-2024-airbus-commercial-aircraft-pke4.xlsx,20240315
order,2024-04-17,2024,4,BRITISH AIRWAYS,,Unknown,A320neo,A320 Family,3.0,ods-december-2024-airbus-commercial-aircraft-pke4.xlsx,20240417
order,2024-07-23,2024,7,BERNIQ AIRWAYS,,Unknown,A320neo,A320 Family,6.0,ods-december-2024-airbus-commercial-aircraft-pke4.xlsx,20240723
order,2024-08-21,2024,8,PRIVATE CUSTOMER,,Unknown,A320neo,A320 Family,3.0,ods-december-2024-airbus-commercial-aircraft-pke4.xlsx,20240821
order,2024-09-05,2024,9,AIR INDIA,,Unknown,A320neo,A320 Family,20.0,ods-december-2024-airbus-commercial-aircraft-pke4.xlsx,20240905
order,2024-09-27,2024,9,CDB LEASING,,Unknown,A320neo,A320 Family,15.0,ods-december-2024-airbus-commercial-aircraft-pke4.xlsx,20240927
order,2024-10-18,2024,10,DRUK AIR,,Unknown,A320neo,A320 Family,3.0,ods-december-2024-airbus-commercial-aircraft-pke4.xlsx,20241018
order,2024-10-21,2024,10,UNDISCLOSED,,Unknown,A320neo,A320 Family,5.0,ods-december-2024-airbus-commercial-aircraft-pke4.xlsx,20241021
order,2024-10-25,2024,10,UNDISCLOSED,,Unknown,A320neo,A320 Family,10.0,ods-december-2024-airbus-commercial-aircraft-pke4.xlsx,20241025
order,2024-10-30,2024,10,PRIVATE CUSTOMER,,Unknown,A320neo,A320 Family,1.0,ods-december-2024-airbus-commercial-aircraft-pke4.xlsx,20241030
order,2024-12-23,2024,12,UNDISCLOSED,,Unknown,A320neo,A320 Family,6.0,ods-december-2024-airbus-commercial-aircraft-pke4.xlsx,20241223
order,2024-12-24,2024,12,ROYAL JET,,Unknown,A320neo,A320 Family,3.0,ods-december-2024-airbus-commercial-aircraft-pke4.xlsx,20241224
order,2024-12-30,2024,12,UNDISCLOSED,,Unknown,A320neo,A320 Family,49.0,ods-december-2024-airbus-commercial-aircraft-pke4.xlsx,20241230
order,2024-03-04,2024,3,AMERICAN AIRLINES,,Unknown,A321neo,A320 Family,85.0,ods-december-2024-airbus-commercial-aircraft-pke4.xlsx,20240304
order,2024-04-17,2024,4,BRITISH AIRWAYS,,Unknown,A321neo,A320 Family,2.0,ods-december-2024-airbus-commercial-aircraft-pke4.xlsx,20240417
order,2024-04-18,2024,4,SAUDIA,,Unknown,A321neo,A320 Family,51.0,ods-december-2024-airbus-commercial-aircraft-pke4.xlsx,20240418
order,2024-05-07,2024,5,NORDIC AVIATION CAPITAL,,Unknown,A321neo,A320 Family,7.0,ods-december-2024-airbus-commercial-aircraft-pke4.xlsx,20240507
order,2024-06-28,2024,6,JET2 PLC,,Unknown,A321neo,A320 Family,36.0,ods-december-2024-airbus-commercial-aircraft-pke4.xlsx,20240628
order,2024-06-28,2024,6,UZBEKISTAN AIRWAYS,,Unknown,A321neo,A320 Family,2.0,ods-december-2024-airbus-commercial-aircraft-pke4.xlsx,20240628
order,2024-07-03,2024,7,AIR INDIA,,Unknown,A321neo,A320 Family,15.0,ods-december-2024-airbus-commercial-aircraft-pke4.xlsx,20240703
order,2024-07-24,2024,7,JAPAN AIRLINES,,Unknown,A321neo,A320 Family,11.0,ods-december-2024-airbus-commercial-aircraft-pke4.xlsx,20240724
order,2024-09-05,2024,9,AIR INDIA,,Unknown,A321neo,A320 Family,55.0,ods-december-2024-airbus-commercial-aircraft-pke4.xlsx,20240905
order,2024-09-27,2024,9,CDB LEASING,,Unknown,A321neo,A320 Family,65.0,ods-december-2024-airbus-commercial-aircraft-pke4.xlsx,20240927
order,2024-09-27,2024,9,CEBU PACIFIC,,Unknown,A321neo,A320 Family,70.0,ods-december-2024-airbus-commercial-aircraft-pke4.xlsx,20240927
order,2024-10-01,2024,10,AMERICAN AIRLINES,,Unknown,A321neo,A320 Family,1.0,ods-december-2024-airbus-commercial-aircraft-pke4.xlsx,20241001
order,2024-10-18,2024,10,DRUK AIR,,Unknown,A321neo,A320 Family,2.0,ods-december-2024-airbus-commercial-aircraft-pke4.xlsx,20241018
order,2024-10-31,2024,10,RIYADH AIR,,Unknown,A321neo,A320 Family,60.0,ods-december-2024-airbus-commercial-aircraft-pke4.xlsx,20241031
order,2024-11-01,2024,11,UNDISCLOSED,,Unknown,A321neo,A320 Family,10.0,ods-december-2024-airbus-commercial-aircraft-pke4.xlsx,20241101
order,2024-12-23,2024,12,UNDISCLOSED,,Unknown,A321neo,A320 Family,4.0,ods-december-2024-airbus-commercial-aircraft-pke4.xlsx,20241223
order,2024-12-30,2024,12,UNDISCLOSED,,Unknown,A321neo,A320 Family,26.0,ods-december-2024-airbus-commercial-aircraft-pke4.xlsx,20241230
order,2024-06-24,2024,6,AIRBUS DEFENCE AND SPACE,,Unknown,A330-200,A330,4.0,ods-december-2024-airbus-commercial-aircraft-pke4.xlsx,20240624
order,2024-03-08,2024,3,STARLUX AIRLINES,,Unknown,A330-900,A330,3.0,ods-december-2024-airbus-commercial-aircraft-pke4.xlsx,20240308
order,2024-05-15,2024,5,VIETJET AIR,,Unknown,A330-900,A330,20.0,ods-december-2024-airbus-commercial-aircraft-pke4.xlsx,20240515
order,2024-07-23,2024,7,VIRGIN ATLANTIC AIRWAYS,,Unknown,A330-900,A330,7.0,ods-december-2024-airbus-commercial-aircraft-pke4.xlsx,20240723
order,2024-08-07,2024,8,CATHAY PACIFIC AIRCRAFT SERVICES LIMITED,,Unknown,A330-900,A330,30.0,ods-december-2024-airbus-commercial-aircraft-pke4.xlsx,20240807
order,2024-11-07,2024,11,UNDISCLOSED,,Unknown,A330-900,A330,15.0,ods-december-2024-airbus-commercial-aircraft-pke4.xlsx,20241107
order,2024-12-26,2024,12,AIR ALGERIE,,Unknown,A330-900,A330,3.0,ods-december-2024-airbus-commercial-aircraft-pke4.xlsx,20241226
order,2024-03-11,2024,3,STARLUX AIRLINES,,Unknown,A350F,A350,5.0,ods-december-2024-airbus-commercial-aircraft-pke4.xlsx,20240311
order,2024-01-19,2024,1,ETHIOPIAN AIRLINES,,Unknown,A350-900,A350,11.0,ods-december-2024-airbus-commercial-aircraft-pke4.xlsx,20240119
order,2024-02-28,2024,2,AIRCALIN,,Unknown,A350-900,A350,2.0,ods-december-2024-airbus-commercial-aircraft-pke4.xlsx,20240228
order,2024-03-29,2024,3,KOREAN AIR,,Unknown,A350-900,A350,6.0,ods-december-2024-airbus-commercial-aircraft-pke4.xlsx,20240329
order,2024-04-26,2024,4,JAPAN AIRLINES,,Unknown,A350-900,A350,1.0,ods-december-2024-airbus-commercial-aircraft-pke4.xlsx,20240426
order,2024-06-06,2024,6,INDIGO,,Unknown,A350-900,A350,30.0,ods-december-2024-airbus-commercial-aircraft-pke4.xlsx,20240606
order,2024-06-28,2024,6,IBERIA,,Unknown,A350-900,A350,1.0,ods-december-2024-airbus-commercial-aircraft-pke4.xlsx,20240628
order,2024-07-24,2024,7,JAPAN AIRLINES,,Unknown,A350-900,A350,20.0,ods-december-2024-airbus-commercial-aircraft-pke4.xlsx,20240724
order,2024-08-21,2024,8,PRIVATE CUSTOMER,,Unknown,A350-900,A350,3.0,ods-december-2024-airbus-commercial-aircraft-pke4.xlsx,20240821
order,2024-09-05,2024,9,AIR INDIA,,Unknown,A350-900,A350,5.0,ods-december-2024-airbus-commercial-aircraft-pke4.xlsx,20240905
order,2024-11-27,2024,11,UNDISCLOSED,,Unknown,A350-900,A350,5.0,ods-december-2024-airbus-commercial-aircraft-pke4.xlsx,20241127
order,2024-12-19,2024,12,UNDISCLOSED,,Unknown,A350-900,A350,1.0,ods-december-2024-airbus-commercial-aircraft-pke4.xlsx,20241219
order,2024-01-12,2024,1,DELTA AIR LINES,,Unknown,A350-1000,A350,20.0,ods-december-2024-airbus-commercial-aircraft-pke4.xlsx,20240112
order,2024-03-29,2024,3,KOREAN AIR,,Unknown,A350-1000,A350,27.0,ods-december-2024-airbus-commercial-aircraft-pke4.xlsx,20240329
order,2024-09-05,2024,9,AIR INDIA,,Unknown,A350-1000,A350,5.0,ods-december-2024-airbus-commercial-aircraft-pke4.xlsx,20240905
delivery,2024-03-20,2024,3,AIR LEASE CORPORATION (ITA AIRWAYS),N,North America,A220-100,A220,1.0,ods-december-2024-airbus-commercial-aircraft-pke4.xlsx,20240320
delivery,2024-05-03,2024,5,AIR LEASE CORPORATION (ITA AIRWAYS),N,North America,A220-100,A220,1.0,ods-december-2024-airbus-commercial-aircraft-pke4.xlsx,20240503
delivery,2024-06-18,2024,6,ITA AIRWAYS,E,Europe and CIS,A220-100,A220,1.0,ods-december-2024-airbus-commercial-aircraft-pke4.xlsx,20240618
delivery,2024-06-28,2024,6,ITA AIRWAYS,E,Europe and CIS,A220-100,A220,1.0,ods-december-2024-airbus-commercial-aircraft-pke4.xlsx,20240628
delivery,2024-07-03,2024,7,ITA AIRWAYS,E,Europe and CIS,A220-100,A220,1.0,ods-december-2024-airbus-commercial-aircraft-pke4.xlsx,20240703
delivery,2024-09-05,2024,9,AIR LEASE CORPORATION (BULGARIA AIR),N,North America,A220-100,A220,1.0,ods-december-2024-airbus-commercial-aircraft-pke4.xlsx,20240905
delivery,2024-10-04,2024,10,AIR LEASE CORPORATION (ITA AIRWAYS),N,North America,A220-100,A220,1.0,ods-december-2024-airbus-commercial-aircraft-pke4.xlsx,20241004
delivery,2024-11-29,2024,11,ITA AIRWAYS,E,Europe and CIS,A220-100,A220,1.0,ods-december-2024-airbus-commercial-aircraft-pke4.xlsx,20241129
delivery,2024-12-16,2024,12,AIR LEASE CORPORATION (BULGARIA AIR),N,North America,A220-100,A220,1.0,ods-december-2024-airbus-commercial-aircraft-pke4.xlsx,20241216
delivery,2024-12-20,2024,12,ITA AIRWAYS,E,Europe and CIS,A220-100,A220,1.0,ods-december-2024-airbus-commercial-aircraft-pke4.xlsx,20241220
delivery,2024-01-17,2024,1,QANTAS AIRWAYS,A,Asia-Pacific,A220-300,A220,1.0,ods-december-2024-airbus-commercial-aircraft-pke4.xlsx,20240117
delivery,2024-01-24,2024,1,JETBLUE AIRWAYS,N,North America,A220-300,A220,1.0,ods-december-2024-airbus-commercial-aircraft-pke4.xlsx,20240124
delivery,2024-02-08,2024,2,BREEZE AIRWAYS,N,North America,A220-300,A220,1.0,ods-december-2024-airbus-commercial-aircraft-pke4.xlsx,20240208
delivery,2024-02-08,2024,2,JETBLUE AIRWAYS,N,North America,A220-300,A220,1.0,ods-december-2024-airbus-commercial-aircraft-pke4.xlsx,20240208
delivery,2024-02-12,2024,2,AIRBALTIC,E,Europe and CIS,A220-300,A220,1.0,ods-december-2024-airbus-commercial-aircraft-pke4.xlsx,20240212
delivery,2024-02-21,2024,2,BREEZE AIRWAYS,N,North America,A220-300,A220,1.0,ods-december-2024-airbus-commercial-aircraft-pke4.xlsx,20240221
delivery,2024-02-21,2024,2,JETBLUE AIRWAYS,N,North America,A220-300,A220,1.0,ods-december-2024-airbus-commercial-aircraft-pke4.xlsx,20240221
delivery,2024-02-29,2024,2,DELTA AIR LINES,N,North America,A220-300,A220,1.0,ods-december-2024-airbus-commercial-aircraft-pke4.xlsx,20240229
delivery,2024-03-01,2024,3,AIR LEASE CORPORATION (BULGARIA AIR),N,North America,A220-300,A220,1.0,ods-december-2024-airbus-commercial-aircraft-pke4.xlsx,20240301
delivery,2024-03-08,2024,3,JETBLUE AIRWAYS,N,North America,A220-300,A220,1.0,ods-december-2024-airbus-commercial-aircraft-pke4.xlsx,20240308
delivery,2024-03-18,2024,3,JETBLUE AIRWAYS,N,North America,A220-300,A220,1.0,ods-december-2024-airbus-commercial-aircraft-pke4.xlsx,20240318
delivery,2024-04-09,2024,4,BREEZE AIRWAYS,N,North America,A220-300,A220,1.0,ods-december-2024-airbus-commercial-aircraft-pke4.xlsx,20240409
delivery,2024-04-12,2024,4,AIR LEASE CORPORATION (ITA AIRWAYS),N,North America,A220-300,A220,1.0,ods-december-2024-airbus-commercial-aircraft-pke4.xlsx,20240412
delivery,2024-04-17,2024,4,DELTA AIR LINES,N,North America,A220-300,A220,1.0,ods-december-2024-airbus-commercial-aircraft-pke4.xlsx,20240417
delivery,2024-05-06,2024,5,JETBLUE AIRWAYS,N,North America,A220-300,A220,1.0,ods-december-2024-airbus-commercial-aircraft-pke4.xlsx,20240506
delivery,2024-05-15,2024,5,AZORRA (BREEZE AIRWAYS),N,North America,A220-300,A220,1.0,ods-december-2024-airbus-commercial-aircraft-pke4.xlsx,20240515
delivery,2024-05-22,2024,5,DELTA AIR LINES,N,North America,A220-300,A220,1.0,ods-december-2024-airbus-commercial-aircraft-pke4.xlsx,20240522
delivery,2024-05-29,2024,5,AIR FRANCE,E,Europe and CIS,A220-300,A220,1.0,ods-december-2024-airbus-commercial-aircraft-pke4.xlsx,20240529
delivery,2024-05-30,2024,5,BREEZE AIRWAYS,N,North America,A220-300,A220,1.0,ods-december-2024-airbus-commercial-aircraft-pke4.xlsx,20240530
delivery,2024-06-04,2024,6,AIR FRANCE,E,Europe and CIS,A220-300,A220,1.0,ods-december-2024-airbus-commercial-aircraft-pke4.xlsx,20240604
delivery,2024-06-10,2024,6,JETBLUE AIRWAYS,N,North America,A220-300,A220,1.0,ods-december-2024-airbus-commercial-aircraft-pke4.xlsx,20240610
delivery,2024-06-12,2024,6,AIR FRANCE,E,Europe and CIS,A220-300,A220,1.0,ods-december-2024-airbus-commercial-aircraft-pke4.xlsx,20240612
delivery,2024-06-17,2024,6,AIR FRANCE,E,Europe and CIS,A220-300,A220,1.0,ods-december-2024-airbus-commercial-aircraft-pke4.xlsx,20240617
delivery,2024-06-27,2024,6,JETBLUE AIRWAYS,N,North America,A220-300,A220,1.0,ods-december-2024-airbus-commercial-aircraft-pke4.xlsx,20240627
delivery,2024-07-01,2024,7,JETBLUE AIRWAYS,N,North America,A220-300,A220,1.0,ods-december-2024-airbus-commercial-aircraft-pke4.xlsx,20240701
delivery,2024-07-10,2024,7,AZORRA (BREEZE AIRWAYS),N,North America,A220-300,A220,1.0,ods-december-2024-airbus-commercial-aircraft-pke4.xlsx,20240710
delivery,2024-07-18,2024,7,JETBLUE AIRWAYS,N,North America,A220-300,A220,1.0,ods-december-2024-airbus-commercial-aircraft-pke4.xlsx,20240718
delivery,2024-07-23,2024,7,AIRBALTIC,E,Europe and CIS,A220-300,A220,1.0,ods-december-2024-airbus-commercial-aircraft-pke4.xlsx,20240723
delivery,2024-07-26,2024,7,AIR LEASE CORPORATION (CROATIA AIRLINES),N,North America,A220-300,A220,1.0,ods-december-2024-airbus-commercial-aircraft-pke4.xlsx,20240726
delivery,2024-07-31,2024,7,QANTAS AIRWAYS (NATIONAL JET SYSTEMS),A,Asia-Pacific,A220-300,A220,1.0,ods-december-2024-airbus-commercial-aircraft-pke4.xlsx,20240731
delivery,2024-08-01,2024,8,BREEZE AIRWAYS,N,North America,A220-300,A220,1.0,ods-december-2024-airbus-commercial-aircraft-pke4.xlsx,20240801
delivery,2024-08-14,2024,8,JETBLUE AIRWAYS,N,North America,A220-300,A220,1.0,ods-december-2024-airbus-commercial-aircraft-pke4.xlsx,20240814
delivery,2024-08-29,2024,8,JETBLUE AIRWAYS,N,North America,A220-300,A220,1.0,ods-december-2024-airbus-commercial-aircraft-pke4.xlsx,20240829
delivery,2024-08-30,2024,8,AIR FRANCE,E,Europe and CIS,A220-300,A220,1.0,ods-december-2024-airbus-commercial-aircraft-pke4.xlsx,20240830
delivery,2024-08-30,2024,8,JETBLUE AIRWAYS,N,North America,A220-300,A220,1.0,ods-december-2024-airbus-commercial-aircraft-pke4.xlsx,20240830
delivery,2024-09-03,2024,9,BREEZE AIRWAYS,N,North America,A220-300,A220,1.0,ods-december-2024-airbus-commercial-aircraft-pke4.xlsx,20240903
delivery,2024-09-11,2024,9,QANTAS AIRWAYS (NATIONAL JET SYSTEMS),A,Asia-Pacific,A220-300,A220,1.0,ods-december-2024-airbus-commercial-aircraft-pke4.xlsx,20240911
delivery,2024-09-19,2024,9,AIR LEASE CORPORATION (TAAG ANGOLA AIRLINES),N,North America,A220-300,A220,1.0,ods-december-2024-airbus-commercial-aircraft-pke4.xlsx,20240919
delivery,2024-09-26,2024,9,JETBLUE AIRWAYS,N,North America,A220-300,A220,1.0,ods-december-2024-airbus-commercial-aircraft-pke4.xlsx,20240926
delivery,2024-10-11,2024,10,AIR LEASE CORPORATION,N,North America,A220-300,A220,1.0,ods-december-2024-airbus-commercial-aircraft-pke4.xlsx,20241011
delivery,2024-10-15,2024,10,BREEZE AIRWAYS,N,North America,A220-300,A220,1.0,ods-december-2024-airbus-commercial-aircraft-pke4.xlsx,20241015
delivery,2024-10-16,2024,10,AIR FRANCE,E,Europe and CIS,A220-300,A220,1.0,ods-december-2024-airbus-commercial-aircraft-pke4.xlsx,20241016
delivery,2024-10-23,2024,10,AIR FRANCE,E,Europe and CIS,A220-300,A220,1.0,ods-december-2024-airbus-commercial-aircraft-pke4.xlsx,20241023
delivery,2024-10-24,2024,10,BREEZE AIRWAYS,N,North America,A220-300,A220,1.0,ods-december-2024-airbus-commercial-aircraft-pke4.xlsx,20241024
delivery,2024-10-25,2024,10,AIR LEASE CORPORATION (ITA AIRWAYS),N,North America,A220-300,A220,1.0,ods-december-2024-airbus-commercial-aircraft-pke4.xlsx,20241025
delivery,2024-10-29,2024,10,DELTA AIR LINES,N,North America,A220-300,A220,1.0,ods-december-2024-airbus-commercial-aircraft-pke4.xlsx,20241029
delivery,2024-11-04,2024,11,AIRBALTIC,E,Europe and CIS,A220-300,A220,1.0,ods-december-2024-airbus-commercial-aircraft-pke4.xlsx,20241104
delivery,2024-11-07,2024,11,AIR FRANCE,E,Europe and CIS,A220-300,A220,1.0,ods-december-2024-airbus-commercial-aircraft-pke4.xlsx,20241107
delivery,2024-11-12,2024,11,BREEZE AIRWAYS,N,North America,A220-300,A220,1.0,ods-december-2024-airbus-commercial-aircraft-pke4.xlsx,20241112
delivery,2024-11-12,2024,11,DELTA AIR LINES,N,North America,A220-300,A220,1.0,ods-december-2024-airbus-commercial-aircraft-pke4.xlsx,20241112
delivery,2024-11-13,2024,11,AIR CANADA,N,North America,A220-300,A220,1.0,ods-december-2024-airbus-commercial-aircraft-pke4.xlsx,20241113
delivery,2024-11-15,2024,11,AIR LEASE CORPORATION (SMARTWINGS CZECHIA),N,North America,A220-300,A220,1.0,ods-december-2024-airbus-commercial-aircraft-pke4.xlsx,20241115
delivery,2024-11-19,2024,11,BREEZE AIRWAYS,N,North America,A220-300,A220,1.0,ods-december-2024-airbus-commercial-aircraft-pke4.xlsx,20241119
delivery,2024-11-25,2024,11,AIR LEASE CORPORATION,N,North America,A220-300,A220,1.0,ods-december-2024-airbus-commercial-aircraft-pke4.xlsx,20241125
delivery,2024-11-25,2024,11,JETBLUE AIRWAYS,N,North America,A220-300,A220,1.0,ods-december-2024-airbus-commercial-aircraft-pke4.xlsx,20241125
delivery,2024-11-26,2024,11,JETBLUE AIRWAYS,N,North America,A220-300,A220,1.0,ods-december-2024-airbus-commercial-aircraft-pke4.xlsx,20241126
delivery,2024-11-29,2024,11,QANTAS AIRWAYS (NATIONAL JET SYSTEMS),A,Asia-Pacific,A220-300,A220,1.0,ods-december-2024-airbus-commercial-aircraft-pke4.xlsx,20241129
delivery,2024-12-09,2024,12,JETBLUE AIRWAYS,N,North America,A220-300,A220,1.0,ods-december-2024-airbus-commercial-aircraft-pke4.xlsx,20241209
delivery,2024-12-10,2024,12,BREEZE AIRWAYS,N,North America,A220-300,A220,1.0,ods-december-2024-airbus-commercial-aircraft-pke4.xlsx,20241210
delivery,2024-12-11,2024,12,AIR LEASE CORPORATION (ITA AIRWAYS),N,North America,A220-300,A220,1.0,ods-december-2024-airbus-commercial-aircraft-pke4.xlsx,20241211
delivery,2024-12-12,2024,12,AZORRA (ANIMAWINGS),N,North America,A220-300,A220,1.0,ods-december-2024-airbus-commercial-aircraft-pke4.xlsx,20241212
delivery,2024-12-17,2024,12,AIR LEASE CORPORATION (CROATIA AIRLINES),N,North America,A220-300,A220,1.0,ods-december-2024-airbus-commercial-aircraft-pke4.xlsx,20241217
delivery,2024-12-17,2024,12,AZORRA (ANIMAWINGS),N,North America,A220-300,A220,1.0,ods-december-2024-airbus-commercial-aircraft-pke4.xlsx,20241217
delivery,2024-12-23,2024,12,AIR FRANCE,E,Europe and CIS,A220-300,A220,1.0,ods-december-2024-airbus-commercial-aircraft-pke4.xlsx,20241223
delivery,2024-12-30,2024,12,JETBLUE AIRWAYS,N,North America,A220-300,A220,1.0,ods-december-2024-airbus-commercial-aircraft-pke4.xlsx,20241230
delivery,2024-07-05,2024,7,TIBET AIRLINES,A,Asia-Pacific,A319neo,A320 Family,1.0,ods-december-2024-airbus-commercial-aircraft-pke4.xlsx,20240705
delivery,2024-07-19,2024,7,PRIVATE CUSTOMER,,Unknown,A319neo,A320 Family,1.0,ods-december-2024-airbus-commercial-aircraft-pke4.xlsx,20240719
delivery,2024-09-12,2024,9,TIBET AIRLINES,A,Asia-Pacific,A319neo,A320 Family,1.0,ods-december-2024-airbus-commercial-aircraft-pke4.xlsx,20240912
delivery,2024-10-15,2024,10,CHINA SOUTHERN AIRLINES,A,Asia-Pacific,A319neo,A320 Family,1.0,ods-december-2024-airbus-commercial-aircraft-pke4.xlsx,20241015
delivery,2024-10-17,2024,10,TIBET AIRLINES,A,Asia-Pacific,A319neo,A320 Family,1.0,ods-december-2024-airbus-commercial-aircraft-pke4.xlsx,20241017
delivery,2024-11-15,2024,11,TIBET AIRLINES,A,Asia-Pacific,A319neo,A320 Family,1.0,ods-december-2024-airbus-commercial-aircraft-pke4.xlsx,20241115
delivery,2024-12-11,2024,12,PRIVATE CUSTOMER,,Unknown,A319neo,A320 Family,1.0,ods-december-2024-airbus-commercial-aircraft-pke4.xlsx,20241211
delivery,2024-12-23,2024,12,CHINA SOUTHERN AIRLINES,A,Asia-Pacific,A319neo,A320 Family,1.0,ods-december-2024-airbus-commercial-aircraft-pke4.xlsx,20241223
delivery,2024-12-31,2024,12,CHINA SOUTHERN AIRLINES,A,Asia-Pacific,A319neo,A320 Family,1.0,ods-december-2024-airbus-commercial-aircraft-pke4.xlsx,20241231
delivery,2024-01-17,2024,1,EASYJET,E,Europe and CIS,A320neo,A320 Family,1.0,ods-december-2024-airbus-commercial-aircraft-pke4.xlsx,20240117
delivery,2024-01-22,2024,1,INDIGO,A,Asia-Pacific,A320neo,A320 Family,1.0,ods-december-2024-airbus-commercial-aircraft-pke4.xlsx,20240122
delivery,2024-01-24,2024,1,AIR CHINA,A,Asia-Pacific,A320neo,A320 Family,1.0,ods-december-2024-airbus-commercial-aircraft-pke4.xlsx,20240124
delivery,2024-01-24,2024,1,ICBC LEASING (CHINA SOUTHERN AIRLINES),A,Asia-Pacific,A320neo,A320 Family,1.0,ods-december-2024-airbus-commercial-aircraft-pke4.xlsx,20240124
delivery,2024-01-24,2024,1,INDIGO,A,Asia-Pacific,A320neo,A320 Family,1.0,ods-december-2024-airbus-commercial-aircraft-pke4.xlsx,20240124
delivery,2024-01-25,2024,1,CALC (AIR INDIA),A,Asia-Pacific,A320neo,A320 Family,1.0,ods-december-2024-airbus-commercial-aircraft-pke4.xlsx,20240125
delivery,2024-01-25,2024,1,SAS,E,Europe and CIS,A320neo,A320 Family,1.0,ods-december-2024-airbus-commercial-aircraft-pke4.xlsx,20240125
delivery,2024-01-25,2024,1,SMBC AVIATION CAPITAL (JETSMART (CHILE)),E,Europe and CIS,A320neo,A320 Family,1.0,ods-december-2024-airbus-commercial-aircraft-pke4.xlsx,20240125
delivery,2024-01-26,2024,1,EASYJET,E,Europe and CIS,A320neo,A320 Family,1.0,ods-december-2024-airbus-commercial-aircraft-pke4.xlsx,20240126
delivery,2024-01-30,2024,1,CHENGDU AIRLINES,A,Asia-Pacific,A320neo,A320 Family,1.0,ods-december-2024-airbus-commercial-aircraft-pke4.xlsx,20240130
delivery,2024-01-30,2024,1,EASYJET,E,Europe and CIS,A320neo,A320 Family,1.0,ods-december-2024-airbus-commercial-aircraft-pke4.xlsx,20240130
delivery,2024-01-30,2024,1,INDIGO,A,Asia-Pacific,A320neo,A320 Family,1.0,ods-december-2024-airbus-commercial-aircraft-pke4.xlsx,20240130
delivery,2024-01-31,2024,1,CALC (CHINA EASTERN AIRLINES),A,Asia-Pacific,A320neo,A320 Family,1.0,ods-december-2024-airbus-commercial-aircraft-pke4.xlsx,20240131
delivery,2024-02-01,2024,2,SMBC AVIATION CAPITAL (AIR INDIA),E,Europe and CIS,A320neo,A320 Family,1.0,ods-december-2024-airbus-commercial-aircraft-pke4.xlsx,20240201
delivery,2024-02-05,2024,2,BOCOM LEASING (CHINA SOUTHERN AIRLINES),A,Asia-Pacific,A320neo,A320 Family,1.0,ods-december-2024-airbus-commercial-aircraft-pke4.xlsx,20240205
delivery,2024-02-06,2024,2,SMBC AVIATION CAPITAL (AIR INDIA),E,Europe and CIS,A320neo,A320 Family,1.0,ods-december-2024-airbus-commercial-aircraft-pke4.xlsx,20240206
delivery,2024-02-07,2024,2,INDIGO,A,Asia-Pacific,A320neo,A320 Family,1.0,ods-december-2024-airbus-commercial-aircraft-pke4.xlsx,20240207
delivery,2024-02-08,2024,2,CMB FINANCIAL LEASING (AIR CORSICA),A,Asia-Pacific,A320neo,A320 Family,1.0,ods-december-2024-airbus-commercial-aircraft-pke4.xlsx,20240208
delivery,2024-02-08,2024,2,SAS,E,Europe and CIS,A320neo,A320 Family,1.0,ods-december-2024-airbus-commercial-aircraft-pke4.xlsx,20240208
delivery,2024-02-08,2024,2,SPIRIT AIRLINES,N,North America,A320neo,A320 Family,1.0,ods-december-2024-airbus-commercial-aircraft-pke4.xlsx,20240208
delivery,2024-02-13,2024,2,SMBC AVIATION CAPITAL (AIR INDIA),E,Europe and CIS,A320neo,A320 Family,1.0,ods-december-2024-airbus-commercial-aircraft-pke4.xlsx,20240213
delivery,2024-02-20,2024,2,INDIGO,A,Asia-Pacific,A320neo,A320 Family,1.0,ods-december-2024-airbus-commercial-aircraft-pke4.xlsx,20240220
delivery,2024-02-20,2024,2,NAS AVIATION SERVICES (AVIANCA),N,North America,A320neo,A320 Family,1.0,ods-december-2024-airbus-commercial-aircraft-pke4.xlsx,20240220
delivery,2024-02-22,2024,2,INDIGO,A,Asia-Pacific,A320neo,A320 Family,2.0,ods-december-2024-airbus-commercial-aircraft-pke4.xlsx,20240222
delivery,2024-02-26,2024,2,CALC (AIR INDIA),A,Asia-Pacific,A320neo,A320 Family,1.0,ods-december-2024-airbus-commercial-aircraft-pke4.xlsx,20240226
delivery,2024-02-28,2024,2,EASYJET,E,Europe and CIS,A320neo,A320 Family,1.0,ods-december-2024-airbus-commercial-aircraft-pke4.xlsx,20240228
delivery,2024-02-28,2024,2,LUFTHANSA (BRUSSELS AIRLINES),E,Europe and CIS,A320neo,A320 Family,1.0,ods-december-2024-airbus-commercial-aircraft-pke4.xlsx,20240228
delivery,2024-02-29,2024,2,AIR LEASE CORPORATION (AZORES AIRLINES),N,North America,A320neo,A320 Family,1.0,ods-december-2024-airbus-commercial-aircraft-pke4.xlsx,20240229
delivery,2024-02-29,2024,2,EASYJET,E,Europe and CIS,A320neo,A320 Family,1.0,ods-december-2024-airbus-commercial-aircraft-pke4.xlsx,20240229
delivery,2024-02-29,2024,2,FLYNAS,M,Middle East,A320neo,A320 Family,1.0,ods-december-2024-airbus-commercial-aircraft-pke4.xlsx,20240229
delivery,2024-03-04,2024,3,CDB LEASING (AIR INDIA),A,Asia-Pacific,A320neo,A320 Family,1.0,ods-december-2024-airbus-commercial-aircraft-pke4.xlsx,20240304
delivery,2024-03-04,2024,3,EASYJET,E,Europe and CIS,A320neo,A320 Family,1.0,ods-december-2024-airbus-commercial-aircraft-pke4.xlsx,20240304
delivery,2024-03-06,2024,3,EASYJET,E,Europe and CIS,A320neo,A320 Family,1.0,ods-december-2024-airbus-commercial-aircraft-pke4.xlsx,20240306
delivery,2024-03-06,2024,3,ICBC LEASING (LOONG AIR),A,Asia-Pacific,A320neo,A320 Family,1.0,ods-december-2024-airbus-commercial-aircraft-pke4.xlsx,20240306
delivery,2024-03-06,2024,3,JETSMART (CHILE),L,Latin America & Caribbean,A320neo,A320 Family,1.0,ods-december-2024-airbus-commercial-aircraft-pke4.xlsx,20240306
delivery,2024-03-07,2024,3,FLYNAS,M,Middle East,A320neo,A320 Family,1.0,ods-december-2024-airbus-commercial-aircraft-pke4.xlsx,20240307
delivery,2024-03-07,2024,3,SPIRIT AIRLINES,N,North America,A320neo,A320 Family,1.0,ods-december-2024-airbus-commercial-aircraft-pke4.xlsx,20240307
delivery,2024-03-11,2024,3,SMBC AVIATION CAPITAL (JETSMART (CHILE)),E,Europe and CIS,A320neo,A320 Family,1.0,ods-december-2024-airbus-commercial-aircraft-pke4.xlsx,20240311
delivery,2024-03-12,2024,3,VISTARA,A,Asia-Pacific,A320neo,A320 Family,1.0,ods-december-2024-airbus-commercial-aircraft-pke4.xlsx,20240312
delivery,2024-03-13,2024,3,INDIGO,A,Asia-Pacific,A320neo,A320 Family,1.0,ods-december-2024-airbus-commercial-aircraft-pke4.xlsx,20240313
delivery,2024-03-18,2024,3,VISTARA,A,Asia-Pacific,A320neo,A320 Family,1.0,ods-december-2024-airbus-commercial-aircraft-pke4.xlsx,20240318
delivery,2024-03-19,2024,3,SPIRIT AIRLINES,N,North America,A320neo,A320 Family,1.0,ods-december-2024-airbus-commercial-aircraft-pke4.xlsx,20240319
delivery,2024-03-21,2024,3,EASYJET,E,Europe and CIS,A320neo,A320 Family,1.0,ods-december-2024-airbus-commercial-aircraft-pke4.xlsx,20240321
delivery,2024-03-22,2024,3,FLYNAS,M,Middle East,A320neo,A320 Family,1.0,ods-december-2024-airbus-commercial-aircraft-pke4.xlsx,20240322
delivery,2024-03-25,2024,3,CALC (AIR INDIA),A,Asia-Pacific,A320neo,A320 Family,1.0,ods-december-2024-airbus-commercial-aircraft-pke4.xlsx,20240325
delivery,2024-03-26,2024,3,PRIVATE CUSTOMER,,Unknown,A320neo,A320 Family,1.0,ods-december-2024-airbus-commercial-aircraft-pke4.xlsx,20240326
delivery,2024-03-26,2024,3,SAS,E,Europe and CIS,A320neo,A320 Family,1.0,ods-december-2024-airbus-commercial-aircraft-pke4.xlsx,20240326
delivery,2024-03-27,2024,3,AERCAP (ITA AIRWAYS),E,Europe and CIS,A320neo,A320 Family,1.0,ods-december-2024-airbus-commercial-aircraft-pke4.xlsx,20240327
delivery,2024-03-27,2024,3,CDB LEASING (AVIANCA),A,Asia-Pacific,A320neo,A320 Family,1.0,ods-december-2024-airbus-commercial-aircraft-pke4.xlsx,20240327
delivery,2024-03-27,2024,3,EASYJET,E,Europe and CIS,A320neo,A320 Family,1.0,ods-december-2024-airbus-commercial-aircraft-pke4.xlsx,20240327
delivery,2024-03-28,2024,3,ICBC LEASING (CHINA SOUTHERN AIRLINES),A,Asia-Pacific,A320neo,A320 Family,1.0,ods-december-2024-airbus-commercial-aircraft-pke4.xlsx,20240328
delivery,2024-03-28,2024,3,SMBC AVIATION CAPITAL (AIR INDIA),E,Europe and CIS,A320neo,A320 Family,1.0,ods-december-2024-airbus-commercial-aircraft-pke4.xlsx,20240328
delivery,2024-03-29,2024,3,AVOLON (AIR ASTANA),E,Europe and CIS,A320neo,A320 Family,1.0,ods-december-2024-airbus-commercial-aircraft-pke4.xlsx,20240329
delivery,2024-04-01,2024,4,SPIRIT AIRLINES,N,North America,A320neo,A320 Family,1.0,ods-december-2024-airbus-commercial-aircraft-pke4.xlsx,20240401
delivery,2024-04-04,2024,4,AVOLON (TRANSAVIA FRANCE),E,Europe and CIS,A320neo,A320 Family,1.0,ods-december-2024-airbus-commercial-aircraft-pke4.xlsx,20240404
delivery,2024-04-04,2024,4,SWISS,E,Europe and CIS,A320neo,A320 Family,1.0,ods-december-2024-airbus-commercial-aircraft-pke4.xlsx,20240404
delivery,2024-04-11,2024,4,JETSMART (CHILE),L,Latin America & Caribbean,A320neo,A320 Family,1.0,ods-december-2024-airbus-commercial-aircraft-pke4.xlsx,20240411
delivery,2024-04-15,2024,4,ANA HOLDINGS (PEACH),A,Asia-Pacific,A320neo,A320 Family,1.0,ods-december-2024-airbus-commercial-aircraft-pke4.xlsx,20240415
delivery,2024-04-16,2024,4,CEBU PACIFIC,A,Asia-Pacific,A320neo,A320 Family,1.0,ods-december-2024-airbus-commercial-aircraft-pke4.xlsx,20240416
delivery,2024-04-16,2024,4,NAS AVIATION SERVICES (ITA AIRWAYS),N,North America,A320neo,A320 Family,1.0,ods-december-2024-airbus-commercial-aircraft-pke4.xlsx,20240416
delivery,2024-04-17,2024,4,EASYJET,E,Europe and CIS,A320neo,A320 Family,1.0,ods-december-2024-airbus-commercial-aircraft-pke4.xlsx,20240417
delivery,2024-04-17,2024,4,SAS,E,Europe and CIS,A320neo,A320 Family,1.0,ods-december-2024-airbus-commercial-aircraft-pke4.xlsx,20240417
delivery,2024-04-19,2024,4,AERCAP (AZUL),E,Europe and CIS,A320neo,A320 Family,1.0,ods-december-2024-airbus-commercial-aircraft-pke4.xlsx,20240419
delivery,2024-04-19,2024,4,CMB FINANCIAL LEASING (AIR CORSICA),A,Asia-Pacific,A320neo,A320 Family,1.0,ods-december-2024-airbus-commercial-aircraft-pke4.xlsx,20240419
delivery,2024-04-23,2024,4,AVOLON (CONDOR),E,Europe and CIS,A320neo,A320 Family,1.0,ods-december-2024-airbus-commercial-aircraft-pke4.xlsx,20240423
delivery,2024-04-24,2024,4,EASYJET,E,Europe and CIS,A320neo,A320 Family,1.0,ods-december-2024-airbus-commercial-aircraft-pke4.xlsx,20240424
delivery,2024-04-25,2024,4,AVOLON (TRANSAVIA FRANCE),E,Europe and CIS,A320neo,A320 Family,1.0,ods-december-2024-airbus-commercial-aircraft-pke4.xlsx,20240425
delivery,2024-04-25,2024,4,CALC (CHINA EASTERN AIRLINES),A,Asia-Pacific,A320neo,A320 Family,1.0,ods-december-2024-airbus-commercial-aircraft-pke4.xlsx,20240425
delivery,2024-04-25,2024,4,EASYJET,E,Europe and CIS,A320neo,A320 Family,1.0,ods-december-2024-airbus-commercial-aircraft-pke4.xlsx,20240425
delivery,2024-04-25,2024,4,NAS AVIATION SERVICES (ITA AIRWAYS),N,North America,A320neo,A320 Family,1.0,ods-december-2024-airbus-commercial-aircraft-pke4.xlsx,20240425
delivery,2024-04-26,2024,4,CHENGDU AIRLINES,A,Asia-Pacific,A320neo,A320 Family,1.0,ods-december-2024-airbus-commercial-aircraft-pke4.xlsx,20240426
delivery,2024-04-29,2024,4,INDIGO,A,Asia-Pacific,A320neo,A320 Family,1.0,ods-december-2024-airbus-commercial-aircraft-pke4.xlsx,20240429
delivery,2024-04-29,2024,4,SAS,E,Europe and CIS,A320neo,A320 Family,1.0,ods-december-2024-airbus-commercial-aircraft-pke4.xlsx,20240429
delivery,2024-04-30,2024,4,JETSMART (CHILE),L,Latin America & Caribbean,A320neo,A320 Family,1.0,ods-december-2024-airbus-commercial-aircraft-pke4.xlsx,20240430
delivery,2024-04-30,2024,4,SMBC AVIATION CAPITAL (AIR INDIA),E,Europe and CIS,A320neo,A320 Family,1.0,ods-december-2024-airbus-commercial-aircraft-pke4.xlsx,20240430
delivery,2024-05-01,2024,5,SPIRIT AIRLINES,N,North America,A320neo,A320 Family,1.0,ods-december-2024-airbus-commercial-aircraft-pke4.xlsx,20240501
delivery,2024-05-06,2024,5,INDIGO,A,Asia-Pacific,A320neo,A320 Family,1.0,ods-december-2024-airbus-commercial-aircraft-pke4.xlsx,20240506
delivery,2024-05-07,2024,5,SPIRIT AIRLINES,N,North America,A320neo,A320 Family,1.0,ods-december-2024-airbus-commercial-aircraft-pke4.xlsx,20240507
delivery,2024-05-13,2024,5,AVOLON (FLYARYSTAN),E,Europe and CIS,A320neo,A320 Family,1.0,ods-december-2024-airbus-commercial-aircraft-pke4.xlsx,20240513
delivery,2024-05-14,2024,5,LUFTHANSA (EUROWINGS),E,Europe and CIS,A320neo,A320 Family,1.0,ods-december-2024-airbus-commercial-aircraft-pke4.xlsx,20240514
delivery,2024-05-16,2024,5,AERCAP (AEGEAN AIRLINES),E,Europe and CIS,A320neo,A320 Family,1.0,ods-december-2024-airbus-commercial-aircraft-pke4.xlsx,20240516
delivery,2024-05-17,2024,5,CALC (AIR INDIA),A,Asia-Pacific,A320neo,A320 Family,1.0,ods-december-2024-airbus-commercial-aircraft-pke4.xlsx,20240517
delivery,2024-05-17,2024,5,FLYNAS,M,Middle East,A320neo,A320 Family,1.0,ods-december-2024-airbus-commercial-aircraft-pke4.xlsx,20240517
delivery,2024-05-22,2024,5,EASYJET,E,Europe and CIS,A320neo,A320 Family,1.0,ods-december-2024-airbus-commercial-aircraft-pke4.xlsx,20240522
delivery,2024-05-23,2024,5,EASYJET,E,Europe and CIS,A320neo,A320 Family,1.0,ods-december-2024-airbus-commercial-aircraft-pke4.xlsx,20240523
delivery,2024-05-23,2024,5,JETSMART (CHILE),L,Latin America & Caribbean,A320neo,A320 Family,1.0,ods-december-2024-airbus-commercial-aircraft-pke4.xlsx,20240523
delivery,2024-05-23,2024,5,SAS,E,Europe and CIS,A320neo,A320 Family,1.0,ods-december-2024-airbus-commercial-aircraft-pke4.xlsx,20240523
delivery,2024-05-23,2024,5,SPIRIT AIRLINES,N,North America,A320neo,A320 Family,1.0,ods-december-2024-airbus-commercial-aircraft-pke4.xlsx,20240523
delivery,2024-05-24,2024,5,AZUL FINANCE LLC (AZUL),L,Latin America & Caribbean,A320neo,A320 Family,1.0,ods-december-2024-airbus-commercial-aircraft-pke4.xlsx,20240524
delivery,2024-05-28,2024,5,ANA HOLDINGS (PEACH),A,Asia-Pacific,A320neo,A320 Family,1.0,ods-december-2024-airbus-commercial-aircraft-pke4.xlsx,20240528
delivery,2024-05-28,2024,5,ICBC LEASING (CHINA SOUTHERN AIRLINES),A,Asia-Pacific,A320neo,A320 Family,1.0,ods-december-2024-airbus-commercial-aircraft-pke4.xlsx,20240528
delivery,2024-05-29,2024,5,FLYNAS,M,Middle East,A320neo,A320 Family,1.0,ods-december-2024-airbus-commercial-aircraft-pke4.xlsx,20240529
delivery,2024-05-31,2024,5,ACCIPITER (SKY EXPRESS),E,Europe and CIS,A320neo,A320 Family,1.0,ods-december-2024-airbus-commercial-aircraft-pke4.xlsx,20240531
delivery,2024-05-31,2024,5,NAS AVIATION SERVICES (TRANSAVIA FRANCE),N,North America,A320neo,A320 Family,1.0,ods-december-2024-airbus-commercial-aircraft-pke4.xlsx,20240531
delivery,2024-06-06,2024,6,AEGEAN AIRLINES,E,Europe and CIS,A320neo,A320 Family,1.0,ods-december-2024-airbus-commercial-aircraft-pke4.xlsx,20240606
delivery,2024-06-06,2024,6,AER LINGUS,E,Europe and CIS,A320neo,A320 Family,1.0,ods-december-2024-airbus-commercial-aircraft-pke4.xlsx,20240606
delivery,2024-06-06,2024,6,INDIGO,A,Asia-Pacific,A320neo,A320 Family,1.0,ods-december-2024-airbus-commercial-aircraft-pke4.xlsx,20240606
delivery,2024-06-07,2024,6,SAUDIA (FLYADEAL),M,Middle East,A320neo,A320 Family,1.0,ods-december-2024-airbus-commercial-aircraft-pke4.xlsx,20240607
delivery,2024-06-11,2024,6,INDIGO,A,Asia-Pacific,A320neo,A320 Family,1.0,ods-december-2024-airbus-commercial-aircraft-pke4.xlsx,20240611
delivery,2024-06-12,2024,6,LUFTHANSA (BRUSSELS AIRLINES),E,Europe and CIS,A320neo,A320 Family,1.0,ods-december-2024-airbus-commercial-aircraft-pke4.xlsx,20240612
delivery,2024-06-13,2024,6,JETSMART (CHILE),L,Latin America & Caribbean,A320neo,A320 Family,1.0,ods-december-2024-airbus-commercial-aircraft-pke4.xlsx,20240613
delivery,2024-06-14,2024,6,BRITISH AIRWAYS,E,Europe and CIS,A320neo,A320 Family,1.0,ods-december-2024-airbus-commercial-aircraft-pke4.xlsx,20240614
delivery,2024-06-14,2024,6,CDB LEASING (COLORFUL GUIZHOU AIRLINES),A,Asia-Pacific,A320neo,A320 Family,1.0,ods-december-2024-airbus-commercial-aircraft-pke4.xlsx,20240614
delivery,2024-06-17,2024,6,JUNEYAO AIR,A,Asia-Pacific,A320neo,A320 Family,1.0,ods-december-2024-airbus-commercial-aircraft-pke4.xlsx,20240617
delivery,2024-06-20,2024,6,AVOLON (FLYARYSTAN),E,Europe and CIS,A320neo,A320 Family,1.0,ods-december-2024-airbus-commercial-aircraft-pke4.xlsx,20240620
delivery,2024-06-21,2024,6,AER LINGUS,E,Europe and CIS,A320neo,A320 Family,1.0,ods-december-2024-airbus-commercial-aircraft-pke4.xlsx,20240621
delivery,2024-06-21,2024,6,TAP AIR PORTUGAL,E,Europe and CIS,A320neo,A320 Family,1.0,ods-december-2024-airbus-commercial-aircraft-pke4.xlsx,20240621
delivery,2024-06-25,2024,6,AVOLON (AIR ASTANA),E,Europe and CIS,A320neo,A320 Family,1.0,ods-december-2024-airbus-commercial-aircraft-pke4.xlsx,20240625
delivery,2024-06-25,2024,6,ICBC LEASING (LOONG AIR),A,Asia-Pacific,A320neo,A320 Family,1.0,ods-december-2024-airbus-commercial-aircraft-pke4.xlsx,20240625
delivery,2024-06-25,2024,6,SAS,E,Europe and CIS,A320neo,A320 Family,1.0,ods-december-2024-airbus-commercial-aircraft-pke4.xlsx,20240625
delivery,2024-06-27,2024,6,ACCIPITER (SKY EXPRESS),E,Europe and CIS,A320neo,A320 Family,1.0,ods-december-2024-airbus-commercial-aircraft-pke4.xlsx,20240627
delivery,2024-06-27,2024,6,BRITISH AIRWAYS,E,Europe and CIS,A320neo,A320 Family,1.0,ods-december-2024-airbus-commercial-aircraft-pke4.xlsx,20240627
delivery,2024-06-28,2024,6,BRITISH AIRWAYS,E,Europe and CIS,A320neo,A320 Family,1.0,ods-december-2024-airbus-commercial-aircraft-pke4.xlsx,20240628
delivery,2024-07-04,2024,7,CALC (AIR INDIA),A,Asia-Pacific,A320neo,A320 Family,1.0,ods-december-2024-airbus-commercial-aircraft-pke4.xlsx,20240704
delivery,2024-07-05,2024,7,BRITISH AIRWAYS,E,Europe and CIS,A320neo,A320 Family,1.0,ods-december-2024-airbus-commercial-aircraft-pke4.xlsx,20240705
delivery,2024-07-05,2024,7,FLYNAS,M,Middle East,A320neo,A320 Family,1.0,ods-december-2024-airbus-commercial-aircraft-pke4.xlsx,20240705
delivery,2024-07-05,2024,7,ICBC LEASING (VIETNAM AIRLINES),A,Asia-Pacific,A320neo,A320 Family,1.0,ods-december-2024-airbus-commercial-aircraft-pke4.xlsx,20240705
delivery,2024-07-08,2024,7,AERCAP (ITA AIRWAYS),E,Europe and CIS,A320neo,A320 Family,1.0,ods-december-2024-airbus-commercial-aircraft-pke4.xlsx,20240708
delivery,2024-07-09,2024,7,CHENGDU AIRLINES,A,Asia-Pacific,A320neo,A320 Family,1.0,ods-december-2024-airbus-commercial-aircraft-pke4.xlsx,20240709
delivery,2024-07-09,2024,7,LUFTHANSA (BRUSSELS AIRLINES),E,Europe and CIS,A320neo,A320 Family,1.0,ods-december-2024-airbus-commercial-aircraft-pke4.xlsx,20240709
delivery,2024-07-11,2024,7,JETSMART (CHILE),L,Latin America & Caribbean,A320neo,A320 Family,1.0,ods-december-2024-airbus-commercial-aircraft-pke4.xlsx,20240711
delivery,2024-07-11,2024,7,SAS,E,Europe and CIS,A320neo,A320 Family,1.0,ods-december-2024-airbus-commercial-aircraft-pke4.xlsx,20240711
delivery,2024-07-12,2024,7,INDIGO,A,Asia-Pacific,A320neo,A320 Family,1.0,ods-december-2024-airbus-commercial-aircraft-pke4.xlsx,20240712
delivery,2024-07-16,2024,7,BRITISH AIRWAYS,E,Europe and CIS,A320neo,A320 Family,1.0,ods-december-2024-airbus-commercial-aircraft-pke4.xlsx,20240716
delivery,2024-07-18,2024,7,EASYJET,E,Europe and CIS,A320neo,A320 Family,1.0,ods-december-2024-airbus-commercial-aircraft-pke4.xlsx,20240718
delivery,2024-07-18,2024,7,NAS AVIATION SERVICES (TRANSAVIA FRANCE),N,North America,A320neo,A320 Family,1.0,ods-december-2024-airbus-commercial-aircraft-pke4.xlsx,20240718
delivery,2024-07-19,2024,7,CMB FINANCIAL LEASING (HAINAN AIRLINES),A,Asia-Pacific,A320neo,A320 Family,1.0,ods-december-2024-airbus-commercial-aircraft-pke4.xlsx,20240719
delivery,2024-07-19,2024,7,VOLARIS,L,Latin America & Caribbean,A320neo,A320 Family,1.0,ods-december-2024-airbus-commercial-aircraft-pke4.xlsx,20240719
delivery,2024-07-22,2024,7,CDB LEASING (AVIANCA),A,Asia-Pacific,A320neo,A320 Family,1.0,ods-december-2024-airbus-commercial-aircraft-pke4.xlsx,20240722
delivery,2024-07-22,2024,7,MALTA MEDAIR (KM MALTA AIRLINES),E,Europe and CIS,A320neo,A320 Family,1.0,ods-december-2024-airbus-commercial-aircraft-pke4.xlsx,20240722
delivery,2024-07-23,2024,7,AERCAP (SICHUAN AIRLINES),E,Europe and CIS,A320neo,A320 Family,1.0,ods-december-2024-airbus-commercial-aircraft-pke4.xlsx,20240723
delivery,2024-07-23,2024,7,INDIGO,A,Asia-Pacific,A320neo,A320 Family,1.0,ods-december-2024-airbus-commercial-aircraft-pke4.xlsx,20240723
delivery,2024-07-24,2024,7,INDIGO,A,Asia-Pacific,A320neo,A320 Family,1.0,ods-december-2024-airbus-commercial-aircraft-pke4.xlsx,20240724
delivery,2024-07-25,2024,7,NAS AVIATION SERVICES (LOONG AIR),N,North America,A320neo,A320 Family,1.0,ods-december-2024-airbus-commercial-aircraft-pke4.xlsx,20240725
delivery,2024-07-29,2024,7,MACQUARIE FINANCIAL HOLDINGS (AVIANCA EL SALVADOR),A,Asia-Pacific,A320neo,A320 Family,1.0,ods-december-2024-airbus-commercial-aircraft-pke4.xlsx,20240729
delivery,2024-07-29,2024,7,SMBC AVIATION CAPITAL (AIR INDIA),E,Europe and CIS,A320neo,A320 Family,1.0,ods-december-2024-airbus-commercial-aircraft-pke4.xlsx,20240729
delivery,2024-07-31,2024,7,BOC AVIATION (LATAM AIRLINES GROUP),A,Asia-Pacific,A320neo,A320 Family,1.0,ods-december-2024-airbus-commercial-aircraft-pke4.xlsx,20240731
delivery,2024-08-01,2024,8,AERCAP (ITA AIRWAYS),E,Europe and CIS,A320neo,A320 Family,1.0,ods-december-2024-airbus-commercial-aircraft-pke4.xlsx,20240801
delivery,2024-08-01,2024,8,SPRING AIRLINES,A,Asia-Pacific,A320neo,A320 Family,1.0,ods-december-2024-airbus-commercial-aircraft-pke4.xlsx,20240801
delivery,2024-08-06,2024,8,AVOLON (AIR ASTANA),E,Europe and CIS,A320neo,A320 Family,1.0,ods-december-2024-airbus-commercial-aircraft-pke4.xlsx,20240806
delivery,2024-08-09,2024,8,INDIGO,A,Asia-Pacific,A320neo,A320 Family,1.0,ods-december-2024-airbus-commercial-aircraft-pke4.xlsx,20240809
delivery,2024-08-12,2024,8,INDIGO,A,Asia-Pacific,A320neo,A320 Family,1.0,ods-december-2024-airbus-commercial-aircraft-pke4.xlsx,20240812
delivery,2024-08-13,2024,8,AVOLON (AIR ASTANA),E,Europe and CIS,A320neo,A320 Family,1.0,ods-december-2024-airbus-commercial-aircraft-pke4.xlsx,20240813
delivery,2024-08-14,2024,8,CHINA EASTERN AIRLINES,A,Asia-Pacific,A320neo,A320 Family,1.0,ods-december-2024-airbus-commercial-aircraft-pke4.xlsx,20240814
delivery,2024-08-22,2024,8,BRITISH AIRWAYS,E,Europe and CIS,A320neo,A320 Family,1.0,ods-december-2024-airbus-commercial-aircraft-pke4.xlsx,20240822
delivery,2024-08-26,2024,8,CHINA EXPRESS AIRLINES (HUAXIA AIRLINES),A,Asia-Pacific,A320neo,A320 Family,1.0,ods-december-2024-airbus-commercial-aircraft-pke4.xlsx,20240826
delivery,2024-08-26,2024,8,MACQUARIE FINANCIAL HOLDINGS (AIR CAIRO),A,Asia-Pacific,A320neo,A320 Family,1.0,ods-december-2024-airbus-commercial-aircraft-pke4.xlsx,20240826
delivery,2024-08-27,2024,8,SAUDIA (FLYADEAL),M,Middle East,A320neo,A320 Family,1.0,ods-december-2024-airbus-commercial-aircraft-pke4.xlsx,20240827
delivery,2024-08-29,2024,8,MACQUARIE FINANCIAL HOLDINGS (AIR CAIRO),A,Asia-Pacific,A320neo,A320 Family,1.0,ods-december-2024-airbus-commercial-aircraft-pke4.xlsx,20240829
delivery,2024-09-03,2024,9,SPRING AIRLINES,A,Asia-Pacific,A320neo,A320 Family,1.0,ods-december-2024-airbus-commercial-aircraft-pke4.xlsx,20240903
delivery,2024-09-10,2024,9,AVOLON (TRANSAVIA FRANCE),E,Europe and CIS,A320neo,A320 Family,1.0,ods-december-2024-airbus-commercial-aircraft-pke4.xlsx,20240910
delivery,2024-09-19,2024,9,BOC AVIATION (NOUVELAIR TUNISIE),A,Asia-Pacific,A320neo,A320 Family,1.0,ods-december-2024-airbus-commercial-aircraft-pke4.xlsx,20240919
delivery,2024-09-19,2024,9,INDIGO,A,Asia-Pacific,A320neo,A320 Family,1.0,ods-december-2024-airbus-commercial-aircraft-pke4.xlsx,20240919
delivery,2024-09-20,2024,9,TAP AIR PORTUGAL,E,Europe and CIS,A320neo,A320 Family,1.0,ods-december-2024-airbus-commercial-aircraft-pke4.xlsx,20240920
delivery,2024-09-24,2024,9,INDIGO,A,Asia-Pacific,A320neo,A320 Family,1.0,ods-december-2024-airbus-commercial-aircraft-pke4.xlsx,20240924
delivery,2024-09-24,2024,9,SAUDIA (FLYADEAL),M,Middle East,A320neo,A320 Family,1.0,ods-december-2024-airbus-commercial-aircraft-pke4.xlsx,20240924
delivery,2024-09-25,2024,9,AERCAP (SICHUAN AIRLINES),E,Europe and CIS,A320neo,A320 Family,1.0,ods-december-2024-airbus-commercial-aircraft-pke4.xlsx,20240925
delivery,2024-09-25,2024,9,CHINA EASTERN AIRLINES,A,Asia-Pacific,A320neo,A320 Family,1.0,ods-december-2024-airbus-commercial-aircraft-pke4.xlsx,20240925
delivery,2024-09-25,2024,9,CHINA SOUTHERN AIRLINES,A,Asia-Pacific,A320neo,A320 Family,1.0,ods-december-2024-airbus-commercial-aircraft-pke4.xlsx,20240925
delivery,2024-09-26,2024,9,CHENGDU AIRLINES,A,Asia-Pacific,A320neo,A320 Family,1.0,ods-december-2024-airbus-commercial-aircraft-pke4.xlsx,20240926
delivery,2024-09-30,2024,9,INDIGO,A,Asia-Pacific,A320neo,A320 Family,1.0,ods-december-2024-airbus-commercial-aircraft-pke4.xlsx,20240930
delivery,2024-10-02,2024,10,AVOLON (TRANSAVIA FRANCE),E,Europe and CIS,A320neo,A320 Family,1.0,ods-december-2024-airbus-commercial-aircraft-pke4.xlsx,20241002
delivery,2024-10-09,2024,10,AERCAP (AEGEAN AIRLINES),E,Europe and CIS,A320neo,A320 Family,1.0,ods-december-2024-airbus-commercial-aircraft-pke4.xlsx,20241009
delivery,2024-10-09,2024,10,AVOLON (TRANSAVIA FRANCE),E,Europe and CIS,A320neo,A320 Family,1.0,ods-december-2024-airbus-commercial-aircraft-pke4.xlsx,20241009
delivery,2024-10-10,2024,10,INDIGO,A,Asia-Pacific,A320neo,A320 Family,1.0,ods-december-2024-airbus-commercial-aircraft-pke4.xlsx,20241010
delivery,2024-10-11,2024,10,MALTA MEDAIR (KM MALTA AIRLINES),E,Europe and CIS,A320neo,A320 Family,1.0,ods-december-2024-airbus-commercial-aircraft-pke4.xlsx,20241011
delivery,2024-10-15,2024,10,CHINA EASTERN AIRLINES,A,Asia-Pacific,A320neo,A320 Family,1.0,ods-december-2024-airbus-commercial-aircraft-pke4.xlsx,20241015
delivery,2024-10-16,2024,10,EASYJET,E,Europe and CIS,A320neo,A320 Family,1.0,ods-december-2024-airbus-commercial-aircraft-pke4.xlsx,20241016
delivery,2024-10-17,2024,10,BOC AVIATION (NOUVELAIR TUNISIE),A,Asia-Pacific,A320neo,A320 Family,1.0,ods-december-2024-airbus-commercial-aircraft-pke4.xlsx,20241017
delivery,2024-10-17,2024,10,SMBC AVIATION CAPITAL (SKY AIRLINE),E,Europe and CIS,A320neo,A320 Family,1.0,ods-december-2024-airbus-commercial-aircraft-pke4.xlsx,20241017
delivery,2024-10-24,2024,10,INDIGO,A,Asia-Pacific,A320neo,A320 Family,1.0,ods-december-2024-airbus-commercial-aircraft-pke4.xlsx,20241024
delivery,2024-10-28,2024,10,MACQUARIE AIRFINANCE (AVIANCA EL SALVADOR),E,Europe and CIS,A320neo,A320 Family,1.0,ods-december-2024-airbus-commercial-aircraft-pke4.xlsx,20241028
delivery,2024-10-29,2024,10,INDIGO,A,Asia-Pacific,A320neo,A320 Family,1.0,ods-december-2024-airbus-commercial-aircraft-pke4.xlsx,20241029
delivery,2024-10-30,2024,10,CHINA EXPRESS AIRLINES (HUAXIA AIRLINES),A,Asia-Pacific,A320neo,A320 Family,1.0,ods-december-2024-airbus-commercial-aircraft-pke4.xlsx,20241030
delivery,2024-10-31,2024,10,ACCIPITER (AIR CAIRO),E,Europe and CIS,A320neo,A320 Family,1.0,ods-december-2024-airbus-commercial-aircraft-pke4.xlsx,20241031
delivery,2024-11-04,2024,11,MACQUARIE AIRFINANCE (AVIANCA EL SALVADOR),E,Europe and CIS,A320neo,A320 Family,1.0,ods-december-2024-airbus-commercial-aircraft-pke4.xlsx,20241104
delivery,2024-11-04,2024,11,SAUDIA (FLYADEAL),M,Middle East,A320neo,A320 Family,1.0,ods-december-2024-airbus-commercial-aircraft-pke4.xlsx,20241104
delivery,2024-11-04,2024,11,SMBC AVIATION CAPITAL (STAR FLYER),E,Europe and CIS,A320neo,A320 Family,1.0,ods-december-2024-airbus-commercial-aircraft-pke4.xlsx,20241104
delivery,2024-11-08,2024,11,AERCAP (LOONG AIR),E,Europe and CIS,A320neo,A320 Family,1.0,ods-december-2024-airbus-commercial-aircraft-pke4.xlsx,20241108
delivery,2024-11-08,2024,11,CHINA SOUTHERN AIRLINES,A,Asia-Pacific,A320neo,A320 Family,1.0,ods-december-2024-airbus-commercial-aircraft-pke4.xlsx,20241108
delivery,2024-11-13,2024,11,ACCIPITER (AIR CAIRO),E,Europe and CIS,A320neo,A320 Family,1.0,ods-december-2024-airbus-commercial-aircraft-pke4.xlsx,20241113
delivery,2024-11-13,2024,11,SWISS,E,Europe and CIS,A320neo,A320 Family,1.0,ods-december-2024-airbus-commercial-aircraft-pke4.xlsx,20241113
delivery,2024-11-14,2024,11,JETSMART (CHILE),L,Latin America & Caribbean,A320neo,A320 Family,1.0,ods-december-2024-airbus-commercial-aircraft-pke4.xlsx,20241114
delivery,2024-11-19,2024,11,INDIGO,A,Asia-Pacific,A320neo,A320 Family,1.0,ods-december-2024-airbus-commercial-aircraft-pke4.xlsx,20241119
delivery,2024-11-20,2024,11,NAS AVIATION SERVICES (TRANSAVIA FRANCE),N,North America,A320neo,A320 Family,1.0,ods-december-2024-airbus-commercial-aircraft-pke4.xlsx,20241120
delivery,2024-11-20,2024,11,QANTAS AIRWAYS (JETSTAR AIRWAYS),A,Asia-Pacific,A320neo,A320 Family,1.0,ods-december-2024-airbus-commercial-aircraft-pke4.xlsx,20241120
delivery,2024-11-21,2024,11,AVOLON (ROYAL JORDANIAN),E,Europe and CIS,A320neo,A320 Family,1.0,ods-december-2024-airbus-commercial-aircraft-pke4.xlsx,20241121
delivery,2024-11-22,2024,11,CALC (SICHUAN AIRLINES),A,Asia-Pacific,A320neo,A320 Family,1.0,ods-december-2024-airbus-commercial-aircraft-pke4.xlsx,20241122
delivery,2024-11-22,2024,11,TAP AIR PORTUGAL,E,Europe and CIS,A320neo,A320 Family,1.0,ods-december-2024-airbus-commercial-aircraft-pke4.xlsx,20241122
delivery,2024-11-25,2024,11,CHINA EASTERN AIRLINES,A,Asia-Pacific,A320neo,A320 Family,1.0,ods-december-2024-airbus-commercial-aircraft-pke4.xlsx,20241125
delivery,2024-11-26,2024,11,SPRING AIRLINES,A,Asia-Pacific,A320neo,A320 Family,1.0,ods-december-2024-airbus-commercial-aircraft-pke4.xlsx,20241126
delivery,2024-11-26,2024,11,VOLARIS,L,Latin America & Caribbean,A320neo,A320 Family,1.0,ods-december-2024-airbus-commercial-aircraft-pke4.xlsx,20241126
delivery,2024-11-27,2024,11,CHINA EXPRESS AIRLINES (HUAXIA AIRLINES),A,Asia-Pacific,A320neo,A320 Family,1.0,ods-december-2024-airbus-commercial-aircraft-pke4.xlsx,20241127
delivery,2024-11-27,2024,11,SPRING AIRLINES,A,Asia-Pacific,A320neo,A320 Family,1.0,ods-december-2024-airbus-commercial-aircraft-pke4.xlsx,20241127
delivery,2024-11-28,2024,11,CALC (SICHUAN AIRLINES),A,Asia-Pacific,A320neo,A320 Family,1.0,ods-december-2024-airbus-commercial-aircraft-pke4.xlsx,20241128
delivery,2024-11-29,2024,11,AVOLON (CONDOR),E,Europe and CIS,A320neo,A320 Family,1.0,ods-december-2024-airbus-commercial-aircraft-pke4.xlsx,20241129
delivery,2024-11-29,2024,11,CDB LEASING (HAINAN AIRLINES),A,Asia-Pacific,A320neo,A320 Family,1.0,ods-december-2024-airbus-commercial-aircraft-pke4.xlsx,20241129
delivery,2024-12-02,2024,12,CHINA SOUTHERN AIRLINES,A,Asia-Pacific,A320neo,A320 Family,1.0,ods-december-2024-airbus-commercial-aircraft-pke4.xlsx,20241202
delivery,2024-12-03,2024,12,CHINA EASTERN AIRLINES,A,Asia-Pacific,A320neo,A320 Family,1.0,ods-december-2024-airbus-commercial-aircraft-pke4.xlsx,20241203
delivery,2024-12-03,2024,12,CMB FINANCIAL LEASING (HAINAN AIRLINES),A,Asia-Pacific,A320neo,A320 Family,1.0,ods-december-2024-airbus-commercial-aircraft-pke4.xlsx,20241203
delivery,2024-12-05,2024,12,ICBC LEASING (VIETNAM AIRLINES),A,Asia-Pacific,A320neo,A320 Family,1.0,ods-december-2024-airbus-commercial-aircraft-pke4.xlsx,20241205
delivery,2024-12-06,2024,12,CDB LEASING (HAINAN AIRLINES),A,Asia-Pacific,A320neo,A320 Family,1.0,ods-december-2024-airbus-commercial-aircraft-pke4.xlsx,20241206
delivery,2024-12-06,2024,12,SPRING AIRLINES,A,Asia-Pacific,A320neo,A320 Family,1.0,ods-december-2024-airbus-commercial-aircraft-pke4.xlsx,20241206
delivery,2024-12-10,2024,12,SMBC AVIATION CAPITAL (SKY AIRLINE),E,Europe and CIS,A320neo,A320 Family,1.0,ods-december-2024-airbus-commercial-aircraft-pke4.xlsx,20241210
delivery,2024-12-12,2024,12,LATAM AIRLINES GROUP (LATAM AIRLINES BRASIL),L,Latin America & Caribbean,A320neo,A320 Family,1.0,ods-december-2024-airbus-commercial-aircraft-pke4.xlsx,20241212
delivery,2024-12-12,2024,12,QANTAS AIRWAYS (JETSTAR AIRWAYS),A,Asia-Pacific,A320neo,A320 Family,1.0,ods-december-2024-airbus-commercial-aircraft-pke4.xlsx,20241212
delivery,2024-12-13,2024,12,BOC AVIATION (LATAM AIRLINES GROUP),A,Asia-Pacific,A320neo,A320 Family,1.0,ods-december-2024-airbus-commercial-aircraft-pke4.xlsx,20241213
delivery,2024-12-13,2024,12,CHINA EASTERN AIRLINES,A,Asia-Pacific,A320neo,A320 Family,1.0,ods-december-2024-airbus-commercial-aircraft-pke4.xlsx,20241213
delivery,2024-12-16,2024,12,CDB LEASING (HAINAN AIRLINES),A,Asia-Pacific,A320neo,A320 Family,1.0,ods-december-2024-airbus-commercial-aircraft-pke4.xlsx,20241216
delivery,2024-12-18,2024,12,AVOLON (ROYAL JORDANIAN),E,Europe and CIS,A320neo,A320 Family,1.0,ods-december-2024-airbus-commercial-aircraft-pke4.xlsx,20241218
delivery,2024-12-18,2024,12,EASYJET,E,Europe and CIS,A320neo,A320 Family,1.0,ods-december-2024-airbus-commercial-aircraft-pke4.xlsx,20241218
delivery,2024-12-19,2024,12,JUNEYAO AIR,A,Asia-Pacific,A320neo,A320 Family,1.0,ods-december-2024-airbus-commercial-aircraft-pke4.xlsx,20241219
delivery,2024-12-19,2024,12,SMBC AVIATION CAPITAL (SKY AIRLINE),E,Europe and CIS,A320neo,A320 Family,1.0,ods-december-2024-airbus-commercial-aircraft-pke4.xlsx,20241219
delivery,2024-12-20,2024,12,SAUDIA (FLYADEAL),M,Middle East,A320neo,A320 Family,1.0,ods-december-2024-airbus-commercial-aircraft-pke4.xlsx,20241220
delivery,2024-12-23,2024,12,AERCAP (TRANSAVIA FRANCE),E,Europe and CIS,A320neo,A320 Family,1.0,ods-december-2024-airbus-commercial-aircraft-pke4.xlsx,20241223
delivery,2024-12-23,2024,12,EASYJET,E,Europe and CIS,A320neo,A320 Family,1.0,ods-december-2024-airbus-commercial-aircraft-pke4.xlsx,20241223
delivery,2024-12-23,2024,12,JETSMART (CHILE),L,Latin America & Caribbean,A320neo,A320 Family,1.0,ods-december-2024-airbus-commercial-aircraft-pke4.xlsx,20241223
delivery,2024-12-23,2024,12,LATAM AIRLINES GROUP (LATAM AIRLINES BRASIL),L,Latin America & Caribbean,A320neo,A320 Family,1.0,ods-december-2024-airbus-commercial-aircraft-pke4.xlsx,20241223
delivery,2024-12-24,2024,12,CMB FINANCIAL LEASING (HAINAN AIRLINES),A,Asia-Pacific,A320neo,A320 Family,1.0,ods-december-2024-airbus-commercial-aircraft-pke4.xlsx,20241224
delivery,2024-12-26,2024,12,AERCAP (SICHUAN AIRLINES),E,Europe and CIS,A320neo,A320 Family,1.0,ods-december-2024-airbus-commercial-aircraft-pke4.xlsx,20241226
delivery,2024-12-26,2024,12,CHINA EASTERN AIRLINES,A,Asia-Pacific,A320neo,A320 Family,1.0,ods-december-2024-airbus-commercial-aircraft-pke4.xlsx,20241226
delivery,2024-12-27,2024,12,AVOLON (FLYARYSTAN),E,Europe and CIS,A320neo,A320 Family,1.0,ods-december-2024-airbus-commercial-aircraft-pke4.xlsx,20241227
delivery,2024-12-27,2024,12,BOC AVIATION (LATAM AIRLINES BRASIL),A,Asia-Pacific,A320neo,A320 Family,1.0,ods-december-2024-airbus-commercial-aircraft-pke4.xlsx,20241227
delivery,2024-12-28,2024,12,ICBC LEASING (VIETNAM AIRLINES),A,Asia-Pacific,A320neo,A320 Family,1.0,ods-december-2024-airbus-commercial-aircraft-pke4.xlsx,20241228
delivery,2024-12-29,2024,12,CMB FINANCIAL LEASING (HAINAN AIRLINES),A,Asia-Pacific,A320neo,A320 Family,1.0,ods-december-2024-airbus-commercial-aircraft-pke4.xlsx,20241229
delivery,2024-12-30,2024,12,CALC (SICHUAN AIRLINES),A,Asia-Pacific,A320neo,A320 Family,1.0,ods-december-2024-airbus-commercial-aircraft-pke4.xlsx,20241230
delivery,2024-12-30,2024,12,CHINA EASTERN AIRLINES,A,Asia-Pacific,A320neo,A320 Family,3.0,ods-december-2024-airbus-commercial-aircraft-pke4.xlsx,20241230
delivery,2024-12-30,2024,12,LATAM AIRLINES GROUP,L,Latin America & Caribbean,A320neo,A320 Family,1.0,ods-december-2024-airbus-commercial-aircraft-pke4.xlsx,20241230
delivery,2024-12-30,2024,12,SMBC AVIATION CAPITAL (SKY AIRLINE),E,Europe and CIS,A320neo,A320 Family,1.0,ods-december-2024-airbus-commercial-aircraft-pke4.xlsx,20241230
delivery,2024-01-09,2024,1,VOLARIS,L,Latin America & Caribbean,A321neo,A320 Family,1.0,ods-december-2024-airbus-commercial-aircraft-pke4.xlsx,20240109
delivery,2024-01-15,2024,1,WIZZ AIR,E,Europe and CIS,A321neo,A320 Family,1.0,ods-december-2024-airbus-commercial-aircraft-pke4.xlsx,20240115
delivery,2024-01-16,2024,1,DELTA AIR LINES,N,North America,A321neo,A320 Family,1.0,ods-december-2024-airbus-commercial-aircraft-pke4.xlsx,20240116
delivery,2024-01-16,2024,1,JETBLUE AIRWAYS,N,North America,A321neo,A320 Family,1.0,ods-december-2024-airbus-commercial-aircraft-pke4.xlsx,20240116
delivery,2024-01-18,2024,1,AIR LEASE CORPORATION (AIR ASTANA),N,North America,A321neo,A320 Family,1.0,ods-december-2024-airbus-commercial-aircraft-pke4.xlsx,20240118
delivery,2024-01-18,2024,1,DELTA AIR LINES,N,North America,A321neo,A320 Family,1.0,ods-december-2024-airbus-commercial-aircraft-pke4.xlsx,20240118
delivery,2024-01-22,2024,1,NAS AVIATION SERVICES (CHINA SOUTHERN AIRLINES),N,North America,A321neo,A320 Family,1.0,ods-december-2024-airbus-commercial-aircraft-pke4.xlsx,20240122
delivery,2024-01-22,2024,1,WIZZ AIR,E,Europe and CIS,A321neo,A320 Family,1.0,ods-december-2024-airbus-commercial-aircraft-pke4.xlsx,20240122
delivery,2024-01-25,2024,1,CHENGDU AIRLINES,A,Asia-Pacific,A321neo,A320 Family,1.0,ods-december-2024-airbus-commercial-aircraft-pke4.xlsx,20240125
delivery,2024-01-25,2024,1,WIZZ AIR,E,Europe and CIS,A321neo,A320 Family,1.0,ods-december-2024-airbus-commercial-aircraft-pke4.xlsx,20240125
delivery,2024-01-26,2024,1,AIR LEASE CORPORATION (SPIRIT AIRLINES),N,North America,A321neo,A320 Family,1.0,ods-december-2024-airbus-commercial-aircraft-pke4.xlsx,20240126
delivery,2024-01-26,2024,1,UNITED AIRLINES,N,North America,A321neo,A320 Family,1.0,ods-december-2024-airbus-commercial-aircraft-pke4.xlsx,20240126
delivery,2024-01-30,2024,1,AIR LEASE CORPORATION (SPIRIT AIRLINES),N,North America,A321neo,A320 Family,1.0,ods-december-2024-airbus-commercial-aircraft-pke4.xlsx,20240130
delivery,2024-02-01,2024,2,AVIATION CAPITAL GROUP (SPIRIT AIRLINES),N,North America,A321neo,A320 Family,1.0,ods-december-2024-airbus-commercial-aircraft-pke4.xlsx,20240201
delivery,2024-02-06,2024,2,FRONTIER AIRLINES,N,North America,A321neo,A320 Family,1.0,ods-december-2024-airbus-commercial-aircraft-pke4.xlsx,20240206
delivery,2024-02-07,2024,2,WIZZ AIR,E,Europe and CIS,A321neo,A320 Family,1.0,ods-december-2024-airbus-commercial-aircraft-pke4.xlsx,20240207
delivery,2024-02-08,2024,2,CALC (XIAMEN AIRLINES),A,Asia-Pacific,A321neo,A320 Family,1.0,ods-december-2024-airbus-commercial-aircraft-pke4.xlsx,20240208
delivery,2024-02-09,2024,2,WIZZ AIR,E,Europe and CIS,A321neo,A320 Family,1.0,ods-december-2024-airbus-commercial-aircraft-pke4.xlsx,20240209
delivery,2024-02-14,2024,2,VOLARIS,L,Latin America & Caribbean,A321neo,A320 Family,1.0,ods-december-2024-airbus-commercial-aircraft-pke4.xlsx,20240214
delivery,2024-02-16,2024,2,VIETJET AIR,A,Asia-Pacific,A321neo,A320 Family,1.0,ods-december-2024-airbus-commercial-aircraft-pke4.xlsx,20240216
delivery,2024-02-20,2024,2,FRONTIER AIRLINES,N,North America,A321neo,A320 Family,1.0,ods-december-2024-airbus-commercial-aircraft-pke4.xlsx,20240220
delivery,2024-02-20,2024,2,TURKISH AIRLINES,E,Europe and CIS,A321neo,A320 Family,1.0,ods-december-2024-airbus-commercial-aircraft-pke4.xlsx,20240220
delivery,2024-02-22,2024,2,WIZZ AIR,E,Europe and CIS,A321neo,A320 Family,1.0,ods-december-2024-airbus-commercial-aircraft-pke4.xlsx,20240222
delivery,2024-02-23,2024,2,AIR LEASE CORPORATION (ITA AIRWAYS),N,North America,A321neo,A320 Family,1.0,ods-december-2024-airbus-commercial-aircraft-pke4.xlsx,20240223
delivery,2024-02-26,2024,2,CATHAY PACIFIC AIRCRAFT SERVICES LIMITED (HK EXPRESS),A,Asia-Pacific,A321neo,A320 Family,1.0,ods-december-2024-airbus-commercial-aircraft-pke4.xlsx,20240226
delivery,2024-02-26,2024,2,DELTA AIR LINES,N,North America,A321neo,A320 Family,1.0,ods-december-2024-airbus-commercial-aircraft-pke4.xlsx,20240226
delivery,2024-02-27,2024,2,UNITED AIRLINES,N,North America,A321neo,A320 Family,1.0,ods-december-2024-airbus-commercial-aircraft-pke4.xlsx,20240227
delivery,2024-02-28,2024,2,DELTA AIR LINES,N,North America,A321neo,A320 Family,1.0,ods-december-2024-airbus-commercial-aircraft-pke4.xlsx,20240228
delivery,2024-02-28,2024,2,FRONTIER AIRLINES,N,North America,A321neo,A320 Family,1.0,ods-december-2024-airbus-commercial-aircraft-pke4.xlsx,20240228
delivery,2024-02-28,2024,2,ICBC LEASING (AIR BUSAN),A,Asia-Pacific,A321neo,A320 Family,1.0,ods-december-2024-airbus-commercial-aircraft-pke4.xlsx,20240228
delivery,2024-02-28,2024,2,ICBC LEASING (XIAMEN AIRLINES),A,Asia-Pacific,A321neo,A320 Family,1.0,ods-december-2024-airbus-commercial-aircraft-pke4.xlsx,20240228
delivery,2024-02-28,2024,2,JETBLUE AIRWAYS,N,North America,A321neo,A320 Family,1.0,ods-december-2024-airbus-commercial-aircraft-pke4.xlsx,20240228
delivery,2024-02-28,2024,2,LUFTHANSA (EUROWINGS),E,Europe and CIS,A321neo,A320 Family,1.0,ods-december-2024-airbus-commercial-aircraft-pke4.xlsx,20240228
delivery,2024-02-28,2024,2,VOLARIS,L,Latin America & Caribbean,A321neo,A320 Family,1.0,ods-december-2024-airbus-commercial-aircraft-pke4.xlsx,20240228
delivery,2024-03-05,2024,3,WIZZ AIR,E,Europe and CIS,A321neo,A320 Family,1.0,ods-december-2024-airbus-commercial-aircraft-pke4.xlsx,20240305
delivery,2024-03-07,2024,3,PEGASUS AIRLINES,E,Europe and CIS,A321neo,A320 Family,1.0,ods-december-2024-airbus-commercial-aircraft-pke4.xlsx,20240307
delivery,2024-03-08,2024,3,WIZZ AIR,E,Europe and CIS,A321neo,A320 Family,1.0,ods-december-2024-airbus-commercial-aircraft-pke4.xlsx,20240308
delivery,2024-03-11,2024,3,CALC (CHINA AIRLINES),A,Asia-Pacific,A321neo,A320 Family,1.0,ods-december-2024-airbus-commercial-aircraft-pke4.xlsx,20240311
delivery,2024-03-12,2024,3,FRONTIER AIRLINES,N,North America,A321neo,A320 Family,1.0,ods-december-2024-airbus-commercial-aircraft-pke4.xlsx,20240312
delivery,2024-03-12,2024,3,UNITED AIRLINES,N,North America,A321neo,A320 Family,1.0,ods-december-2024-airbus-commercial-aircraft-pke4.xlsx,20240312
delivery,2024-03-13,2024,3,AVOLON (LATAM AIRLINES BRASIL),E,Europe and CIS,A321neo,A320 Family,1.0,ods-december-2024-airbus-commercial-aircraft-pke4.xlsx,20240313
delivery,2024-03-13,2024,3,JETBLUE AIRWAYS,N,North America,A321neo,A320 Family,1.0,ods-december-2024-airbus-commercial-aircraft-pke4.xlsx,20240313
delivery,2024-03-13,2024,3,WIZZ AIR,E,Europe and CIS,A321neo,A320 Family,1.0,ods-december-2024-airbus-commercial-aircraft-pke4.xlsx,20240313
delivery,2024-03-14,2024,3,VIVA AEROBUS,L,Latin America & Caribbean,A321neo,A320 Family,1.0,ods-december-2024-airbus-commercial-aircraft-pke4.xlsx,20240314
delivery,2024-03-14,2024,3,WIZZ AIR,E,Europe and CIS,A321neo,A320 Family,1.0,ods-december-2024-airbus-commercial-aircraft-pke4.xlsx,20240314
delivery,2024-03-19,2024,3,CEBU PACIFIC,A,Asia-Pacific,A321neo,A320 Family,1.0,ods-december-2024-airbus-commercial-aircraft-pke4.xlsx,20240319
delivery,2024-03-20,2024,3,FRONTIER AIRLINES,N,North America,A321neo,A320 Family,1.0,ods-december-2024-airbus-commercial-aircraft-pke4.xlsx,20240320
delivery,2024-03-21,2024,3,JET2 PLC (JET2.COM),E,Europe and CIS,A321neo,A320 Family,1.0,ods-december-2024-airbus-commercial-aircraft-pke4.xlsx,20240321
delivery,2024-03-22,2024,3,AERCAP (SPIRIT AIRLINES),E,Europe and CIS,A321neo,A320 Family,1.0,ods-december-2024-airbus-commercial-aircraft-pke4.xlsx,20240322
delivery,2024-03-22,2024,3,AIR LEASE CORPORATION (ITA AIRWAYS),N,North America,A321neo,A320 Family,1.0,ods-december-2024-airbus-commercial-aircraft-pke4.xlsx,20240322
delivery,2024-03-25,2024,3,MIDDLE EAST AIRLINES,M,Middle East,A321neo,A320 Family,1.0,ods-december-2024-airbus-commercial-aircraft-pke4.xlsx,20240325
delivery,2024-03-26,2024,3,BOCOM LEASING (CHINA SOUTHERN AIRLINES),A,Asia-Pacific,A321neo,A320 Family,1.0,ods-december-2024-airbus-commercial-aircraft-pke4.xlsx,20240326
delivery,2024-03-26,2024,3,DELTA AIR LINES,N,North America,A321neo,A320 Family,1.0,ods-december-2024-airbus-commercial-aircraft-pke4.xlsx,20240326
delivery,2024-03-26,2024,3,FRONTIER AIRLINES,N,North America,A321neo,A320 Family,1.0,ods-december-2024-airbus-commercial-aircraft-pke4.xlsx,20240326
delivery,2024-03-26,2024,3,ICBC LEASING (XIAMEN AIRLINES),A,Asia-Pacific,A321neo,A320 Family,1.0,ods-december-2024-airbus-commercial-aircraft-pke4.xlsx,20240326
delivery,2024-03-27,2024,3,AIR LEASE CORPORATION (TRANSAVIA),N,North America,A321neo,A320 Family,1.0,ods-december-2024-airbus-commercial-aircraft-pke4.xlsx,20240327
delivery,2024-03-27,2024,3,JET2 PLC (JET2.COM),E,Europe and CIS,A321neo,A320 Family,1.0,ods-december-2024-airbus-commercial-aircraft-pke4.xlsx,20240327
delivery,2024-03-27,2024,3,NAS AVIATION SERVICES (LATAM AIRLINES GROUP),N,North America,A321neo,A320 Family,1.0,ods-december-2024-airbus-commercial-aircraft-pke4.xlsx,20240327
delivery,2024-03-27,2024,3,VIVA AEROBUS,L,Latin America & Caribbean,A321neo,A320 Family,1.0,ods-december-2024-airbus-commercial-aircraft-pke4.xlsx,20240327
delivery,2024-03-27,2024,3,WIZZ AIR,E,Europe and CIS,A321neo,A320 Family,2.0,ods-december-2024-airbus-commercial-aircraft-pke4.xlsx,20240327
delivery,2024-03-28,2024,3,DELTA AIR LINES,N,North America,A321neo,A320 Family,1.0,ods-december-2024-airbus-commercial-aircraft-pke4.xlsx,20240328
delivery,2024-04-05,2024,4,AVIATION CAPITAL GROUP (SKY AIRLINE),N,North America,A321neo,A320 Family,1.0,ods-december-2024-airbus-commercial-aircraft-pke4.xlsx,20240405
delivery,2024-04-05,2024,4,EASYJET,E,Europe and CIS,A321neo,A320 Family,1.0,ods-december-2024-airbus-commercial-aircraft-pke4.xlsx,20240405
delivery,2024-04-05,2024,4,UNITED AIRLINES,N,North America,A321neo,A320 Family,1.0,ods-december-2024-airbus-commercial-aircraft-pke4.xlsx,20240405
delivery,2024-04-08,2024,4,WIZZ AIR (WIZZ AIR UK),E,Europe and CIS,A321neo,A320 Family,1.0,ods-december-2024-airbus-commercial-aircraft-pke4.xlsx,20240408
delivery,2024-04-09,2024,4,AIR LEASE CORPORATION (SUNCLASS AIRLINES),N,North America,A321neo,A320 Family,1.0,ods-december-2024-airbus-commercial-aircraft-pke4.xlsx,20240409
delivery,2024-04-09,2024,4,FRONTIER AIRLINES,N,North America,A321neo,A320 Family,1.0,ods-december-2024-airbus-commercial-aircraft-pke4.xlsx,20240409
delivery,2024-04-10,2024,4,DELTA AIR LINES,N,North America,A321neo,A320 Family,1.0,ods-december-2024-airbus-commercial-aircraft-pke4.xlsx,20240410
delivery,2024-04-12,2024,4,AVIATION CAPITAL GROUP (SKY AIRLINE),N,North America,A321neo,A320 Family,1.0,ods-december-2024-airbus-commercial-aircraft-pke4.xlsx,20240412
delivery,2024-04-17,2024,4,AIR LEASE CORPORATION (TRANSAVIA),N,North America,A321neo,A320 Family,1.0,ods-december-2024-airbus-commercial-aircraft-pke4.xlsx,20240417
delivery,2024-04-18,2024,4,TURKISH AIRLINES,E,Europe and CIS,A321neo,A320 Family,1.0,ods-december-2024-airbus-commercial-aircraft-pke4.xlsx,20240418
delivery,2024-04-18,2024,4,WIZZ AIR,E,Europe and CIS,A321neo,A320 Family,1.0,ods-december-2024-airbus-commercial-aircraft-pke4.xlsx,20240418
delivery,2024-04-22,2024,4,CALC (CHINA SOUTHERN AIRLINES),A,Asia-Pacific,A321neo,A320 Family,1.0,ods-december-2024-airbus-commercial-aircraft-pke4.xlsx,20240422
delivery,2024-04-22,2024,4,SAUDIA,M,Middle East,A321neo,A320 Family,1.0,ods-december-2024-airbus-commercial-aircraft-pke4.xlsx,20240422
delivery,2024-04-23,2024,4,AERCAP (SPIRIT AIRLINES),E,Europe and CIS,A321neo,A320 Family,1.0,ods-december-2024-airbus-commercial-aircraft-pke4.xlsx,20240423
delivery,2024-04-23,2024,4,FRONTIER AIRLINES,N,North America,A321neo,A320 Family,1.0,ods-december-2024-airbus-commercial-aircraft-pke4.xlsx,20240423
delivery,2024-04-23,2024,4,JETBLUE AIRWAYS,N,North America,A321neo,A320 Family,1.0,ods-december-2024-airbus-commercial-aircraft-pke4.xlsx,20240423
delivery,2024-04-23,2024,4,KOREAN AIR,A,Asia-Pacific,A321neo,A320 Family,1.0,ods-december-2024-airbus-commercial-aircraft-pke4.xlsx,20240423
delivery,2024-04-24,2024,4,DELTA AIR LINES,N,North America,A321neo,A320 Family,1.0,ods-december-2024-airbus-commercial-aircraft-pke4.xlsx,20240424
delivery,2024-04-24,2024,4,FRONTIER AIRLINES,N,North America,A321neo,A320 Family,1.0,ods-december-2024-airbus-commercial-aircraft-pke4.xlsx,20240424
delivery,2024-04-24,2024,4,PEGASUS AIRLINES,E,Europe and CIS,A321neo,A320 Family,1.0,ods-december-2024-airbus-commercial-aircraft-pke4.xlsx,20240424
delivery,2024-04-25,2024,4,WIZZ AIR,E,Europe and CIS,A321neo,A320 Family,1.0,ods-december-2024-airbus-commercial-aircraft-pke4.xlsx,20240425
delivery,2024-04-26,2024,4,BRITISH AIRWAYS,E,Europe and CIS,A321neo,A320 Family,1.0,ods-december-2024-airbus-commercial-aircraft-pke4.xlsx,20240426
delivery,2024-04-29,2024,4,CHENGDU AIRLINES,A,Asia-Pacific,A321neo,A320 Family,1.0,ods-december-2024-airbus-commercial-aircraft-pke4.xlsx,20240429
delivery,2024-04-29,2024,4,DELTA AIR LINES,N,North America,A321neo,A320 Family,1.0,ods-december-2024-airbus-commercial-aircraft-pke4.xlsx,20240429
delivery,2024-04-30,2024,4,CALC (CHINA AIRLINES),A,Asia-Pacific,A321neo,A320 Family,1.0,ods-december-2024-airbus-commercial-aircraft-pke4.xlsx,20240430
delivery,2024-04-30,2024,4,CHENGDU AIRLINES,A,Asia-Pacific,A321neo,A320 Family,1.0,ods-december-2024-airbus-commercial-aircraft-pke4.xlsx,20240430
delivery,2024-04-30,2024,4,DELTA AIR LINES,N,North America,A321neo,A320 Family,1.0,ods-december-2024-airbus-commercial-aircraft-pke4.xlsx,20240430
delivery,2024-04-30,2024,4,NAS AVIATION SERVICES (CHINA SOUTHERN AIRLINES),N,North America,A321neo,A320 Family,1.0,ods-december-2024-airbus-commercial-aircraft-pke4.xlsx,20240430
delivery,2024-04-30,2024,4,TRANSAVIA,E,Europe and CIS,A321neo,A320 Family,1.0,ods-december-2024-airbus-commercial-aircraft-pke4.xlsx,20240430
delivery,2024-05-08,2024,5,WIZZ AIR,E,Europe and CIS,A321neo,A320 Family,1.0,ods-december-2024-airbus-commercial-aircraft-pke4.xlsx,20240508
delivery,2024-05-09,2024,5,FRONTIER AIRLINES,N,North America,A321neo,A320 Family,1.0,ods-december-2024-airbus-commercial-aircraft-pke4.xlsx,20240509
delivery,2024-05-10,2024,5,GULF AIR,M,Middle East,A321neo,A320 Family,1.0,ods-december-2024-airbus-commercial-aircraft-pke4.xlsx,20240510
delivery,2024-05-13,2024,5,AIR LEASE CORPORATION (ITA AIRWAYS),N,North America,A321neo,A320 Family,1.0,ods-december-2024-airbus-commercial-aircraft-pke4.xlsx,20240513
delivery,2024-05-13,2024,5,INDIGO,A,Asia-Pacific,A321neo,A320 Family,1.0,ods-december-2024-airbus-commercial-aircraft-pke4.xlsx,20240513
delivery,2024-05-15,2024,5,AVOLON (LATAM AIRLINES BRASIL),E,Europe and CIS,A321neo,A320 Family,1.0,ods-december-2024-airbus-commercial-aircraft-pke4.xlsx,20240515
delivery,2024-05-16,2024,5,CALC (CHINA SOUTHERN AIRLINES),A,Asia-Pacific,A321neo,A320 Family,1.0,ods-december-2024-airbus-commercial-aircraft-pke4.xlsx,20240516
delivery,2024-05-16,2024,5,UNITED AIRLINES,N,North America,A321neo,A320 Family,1.0,ods-december-2024-airbus-commercial-aircraft-pke4.xlsx,20240516
delivery,2024-05-17,2024,5,JET2 PLC (JET2.COM),E,Europe and CIS,A321neo,A320 Family,1.0,ods-december-2024-airbus-commercial-aircraft-pke4.xlsx,20240517
delivery,2024-05-21,2024,5,UNITED AIRLINES,N,North America,A321neo,A320 Family,1.0,ods-december-2024-airbus-commercial-aircraft-pke4.xlsx,20240521
delivery,2024-05-22,2024,5,JETBLUE AIRWAYS,N,North America,A321neo,A320 Family,1.0,ods-december-2024-airbus-commercial-aircraft-pke4.xlsx,20240522
delivery,2024-05-22,2024,5,PEGASUS AIRLINES,E,Europe and CIS,A321neo,A320 Family,1.0,ods-december-2024-airbus-commercial-aircraft-pke4.xlsx,20240522
delivery,2024-05-23,2024,5,DELTA AIR LINES,N,North America,A321neo,A320 Family,1.0,ods-december-2024-airbus-commercial-aircraft-pke4.xlsx,20240523
delivery,2024-05-23,2024,5,FRONTIER AIRLINES,N,North America,A321neo,A320 Family,1.0,ods-december-2024-airbus-commercial-aircraft-pke4.xlsx,20240523
delivery,2024-05-23,2024,5,WIZZ AIR,E,Europe and CIS,A321neo,A320 Family,1.0,ods-december-2024-airbus-commercial-aircraft-pke4.xlsx,20240523
delivery,2024-05-24,2024,5,AIR LEASE CORPORATION (TRANSAVIA),N,North America,A321neo,A320 Family,1.0,ods-december-2024-airbus-commercial-aircraft-pke4.xlsx,20240524
delivery,2024-05-28,2024,5,AEGEAN AIRLINES,E,Europe and CIS,A321neo,A320 Family,1.0,ods-december-2024-airbus-commercial-aircraft-pke4.xlsx,20240528
delivery,2024-05-28,2024,5,AIR LEASE CORPORATION (LATAM AIRLINES GROUP),N,North America,A321neo,A320 Family,1.0,ods-december-2024-airbus-commercial-aircraft-pke4.xlsx,20240528
delivery,2024-05-29,2024,5,DELTA AIR LINES,N,North America,A321neo,A320 Family,1.0,ods-december-2024-airbus-commercial-aircraft-pke4.xlsx,20240529
delivery,2024-05-29,2024,5,NAS AVIATION SERVICES (AIR TRANSAT),N,North America,A321neo,A320 Family,1.0,ods-december-2024-airbus-commercial-aircraft-pke4.xlsx,20240529
delivery,2024-05-30,2024,5,QANTAS AIRWAYS (JETSTAR AIRWAYS),A,Asia-Pacific,A321neo,A320 Family,1.0,ods-december-2024-airbus-commercial-aircraft-pke4.xlsx,20240530
delivery,2024-05-31,2024,5,AERCAP (LATAM AIRLINES GROUP),E,Europe and CIS,A321neo,A320 Family,1.0,ods-december-2024-airbus-commercial-aircraft-pke4.xlsx,20240531
delivery,2024-06-04,2024,6,ICBC LEASING (LOONG AIR),A,Asia-Pacific,A321neo,A320 Family,1.0,ods-december-2024-airbus-commercial-aircraft-pke4.xlsx,20240604
delivery,2024-06-04,2024,6,PEGASUS AIRLINES,E,Europe and CIS,A321neo,A320 Family,1.0,ods-december-2024-airbus-commercial-aircraft-pke4.xlsx,20240604
delivery,2024-06-05,2024,6,INDIGO,A,Asia-Pacific,A321neo,A320 Family,1.0,ods-december-2024-airbus-commercial-aircraft-pke4.xlsx,20240605
delivery,2024-06-05,2024,6,UNITED AIRLINES,N,North America,A321neo,A320 Family,1.0,ods-december-2024-airbus-commercial-aircraft-pke4.xlsx,20240605
delivery,2024-06-05,2024,6,WIZZ AIR,E,Europe and CIS,A321neo,A320 Family,1.0,ods-december-2024-airbus-commercial-aircraft-pke4.xlsx,20240605
delivery,2024-06-06,2024,6,AERCAP (AIR TRANSAT),E,Europe and CIS,A321neo,A320 Family,1.0,ods-december-2024-airbus-commercial-aircraft-pke4.xlsx,20240606
delivery,2024-06-06,2024,6,QANTAS AIRWAYS (JETSTAR AIRWAYS),A,Asia-Pacific,A321neo,A320 Family,1.0,ods-december-2024-airbus-commercial-aircraft-pke4.xlsx,20240606
delivery,2024-06-06,2024,6,WIZZ AIR,E,Europe and CIS,A321neo,A320 Family,1.0,ods-december-2024-airbus-commercial-aircraft-pke4.xlsx,20240606
delivery,2024-06-13,2024,6,AIR NEW ZEALAND,A,Asia-Pacific,A321neo,A320 Family,1.0,ods-december-2024-airbus-commercial-aircraft-pke4.xlsx,20240613
delivery,2024-06-13,2024,6,ASIANA AIRLINES,A,Asia-Pacific,A321neo,A320 Family,1.0,ods-december-2024-airbus-commercial-aircraft-pke4.xlsx,20240613
delivery,2024-06-13,2024,6,CATHAY PACIFIC AIRCRAFT SERVICES LIMITED (HK EXPRESS),A,Asia-Pacific,A321neo,A320 Family,1.0,ods-december-2024-airbus-commercial-aircraft-pke4.xlsx,20240613
delivery,2024-06-13,2024,6,INDIGO,A,Asia-Pacific,A321neo,A320 Family,1.0,ods-december-2024-airbus-commercial-aircraft-pke4.xlsx,20240613
delivery,2024-06-18,2024,6,AVIATION CAPITAL GROUP (CONDOR),N,North America,A321neo,A320 Family,1.0,ods-december-2024-airbus-commercial-aircraft-pke4.xlsx,20240618
delivery,2024-06-18,2024,6,VOLARIS,L,Latin America & Caribbean,A321neo,A320 Family,1.0,ods-december-2024-airbus-commercial-aircraft-pke4.xlsx,20240618
delivery,2024-06-20,2024,6,KOREAN AIR,A,Asia-Pacific,A321neo,A320 Family,1.0,ods-december-2024-airbus-commercial-aircraft-pke4.xlsx,20240620
delivery,2024-06-20,2024,6,UNITED AIRLINES,N,North America,A321neo,A320 Family,1.0,ods-december-2024-airbus-commercial-aircraft-pke4.xlsx,20240620
delivery,2024-06-21,2024,6,CHENGDU AIRLINES,A,Asia-Pacific,A321neo,A320 Family,1.0,ods-december-2024-airbus-commercial-aircraft-pke4.xlsx,20240621
delivery,2024-06-24,2024,6,WIZZ AIR,E,Europe and CIS,A321neo,A320 Family,1.0,ods-december-2024-airbus-commercial-aircraft-pke4.xlsx,20240624
delivery,2024-06-26,2024,6,AERCAP (SPIRIT AIRLINES),E,Europe and CIS,A321neo,A320 Family,1.0,ods-december-2024-airbus-commercial-aircraft-pke4.xlsx,20240626
delivery,2024-06-27,2024,6,AERCAP (LATAM AIRLINES GROUP),E,Europe and CIS,A321neo,A320 Family,1.0,ods-december-2024-airbus-commercial-aircraft-pke4.xlsx,20240627
delivery,2024-06-27,2024,6,AERCAP (SPIRIT AIRLINES),E,Europe and CIS,A321neo,A320 Family,1.0,ods-december-2024-airbus-commercial-aircraft-pke4.xlsx,20240627
delivery,2024-06-27,2024,6,AIRASIA,A,Asia-Pacific,A321neo,A320 Family,1.0,ods-december-2024-airbus-commercial-aircraft-pke4.xlsx,20240627
delivery,2024-06-27,2024,6,DELTA AIR LINES,N,North America,A321neo,A320 Family,1.0,ods-december-2024-airbus-commercial-aircraft-pke4.xlsx,20240627
delivery,2024-06-27,2024,6,JETBLUE AIRWAYS,N,North America,A321neo,A320 Family,1.0,ods-december-2024-airbus-commercial-aircraft-pke4.xlsx,20240627
delivery,2024-06-27,2024,6,NAS AVIATION SERVICES (SPIRIT AIRLINES),N,North America,A321neo,A320 Family,1.0,ods-december-2024-airbus-commercial-aircraft-pke4.xlsx,20240627
delivery,2024-06-27,2024,6,SMBC AVIATION CAPITAL (AIR TRANSAT),E,Europe and CIS,A321neo,A320 Family,1.0,ods-december-2024-airbus-commercial-aircraft-pke4.xlsx,20240627
delivery,2024-06-27,2024,6,VOLARIS,L,Latin America & Caribbean,A321neo,A320 Family,1.0,ods-december-2024-airbus-commercial-aircraft-pke4.xlsx,20240627
delivery,2024-06-28,2024,6,CEBU PACIFIC,A,Asia-Pacific,A321neo,A320 Family,1.0,ods-december-2024-airbus-commercial-aircraft-pke4.xlsx,20240628
delivery,2024-06-28,2024,6,FRONTIER AIRLINES,N,North America,A321neo,A320 Family,1.0,ods-december-2024-airbus-commercial-aircraft-pke4.xlsx,20240628
delivery,2024-06-28,2024,6,INDIGO,A,Asia-Pacific,A321neo,A320 Family,1.0,ods-december-2024-airbus-commercial-aircraft-pke4.xlsx,20240628
delivery,2024-06-28,2024,6,NAS AVIATION SERVICES (LATAM AIRLINES GROUP),N,North America,A321neo,A320 Family,1.0,ods-december-2024-airbus-commercial-aircraft-pke4.xlsx,20240628
delivery,2024-06-28,2024,6,PEGASUS AIRLINES,E,Europe and CIS,A321neo,A320 Family,1.0,ods-december-2024-airbus-commercial-aircraft-pke4.xlsx,20240628
delivery,2024-06-28,2024,6,TRANSAVIA,E,Europe and CIS,A321neo,A320 Family,1.0,ods-december-2024-airbus-commercial-aircraft-pke4.xlsx,20240628
delivery,2024-06-28,2024,6,WIZZ AIR,E,Europe and CIS,A321neo,A320 Family,1.0,ods-december-2024-airbus-commercial-aircraft-pke4.xlsx,20240628
delivery,2024-07-02,2024,7,WIZZ AIR,E,Europe and CIS,A321neo,A320 Family,1.0,ods-december-2024-airbus-commercial-aircraft-pke4.xlsx,20240702
delivery,2024-07-05,2024,7,CALC (CHINA AIRLINES),A,Asia-Pacific,A321neo,A320 Family,1.0,ods-december-2024-airbus-commercial-aircraft-pke4.xlsx,20240705
delivery,2024-07-05,2024,7,CATHAY PACIFIC AIRCRAFT SERVICES LIMITED (HK EXPRESS),A,Asia-Pacific,A321neo,A320 Family,1.0,ods-december-2024-airbus-commercial-aircraft-pke4.xlsx,20240705
delivery,2024-07-05,2024,7,PEGASUS AIRLINES,E,Europe and CIS,A321neo,A320 Family,1.0,ods-december-2024-airbus-commercial-aircraft-pke4.xlsx,20240705
delivery,2024-07-05,2024,7,QANTAS AIRWAYS (JETSTAR AIRWAYS),A,Asia-Pacific,A321neo,A320 Family,1.0,ods-december-2024-airbus-commercial-aircraft-pke4.xlsx,20240705
delivery,2024-07-08,2024,7,INDIGO,A,Asia-Pacific,A321neo,A320 Family,1.0,ods-december-2024-airbus-commercial-aircraft-pke4.xlsx,20240708
delivery,2024-07-11,2024,7,AIR LEASE CORPORATION (ITA AIRWAYS),N,North America,A321neo,A320 Family,1.0,ods-december-2024-airbus-commercial-aircraft-pke4.xlsx,20240711
delivery,2024-07-11,2024,7,SMBC AVIATION CAPITAL (AIR TRANSAT),E,Europe and CIS,A321neo,A320 Family,1.0,ods-december-2024-airbus-commercial-aircraft-pke4.xlsx,20240711
delivery,2024-07-11,2024,7,WIZZ AIR,E,Europe and CIS,A321neo,A320 Family,1.0,ods-december-2024-airbus-commercial-aircraft-pke4.xlsx,20240711
delivery,2024-07-12,2024,7,CATHAY PACIFIC AIRCRAFT SERVICES LIMITED (HK EXPRESS),A,Asia-Pacific,A321neo,A320 Family,1.0,ods-december-2024-airbus-commercial-aircraft-pke4.xlsx,20240712
delivery,2024-07-15,2024,7,FRONTIER AIRLINES,N,North America,A321neo,A320 Family,1.0,ods-december-2024-airbus-commercial-aircraft-pke4.xlsx,20240715
delivery,2024-07-16,2024,7,INDIGO,A,Asia-Pacific,A321neo,A320 Family,1.0,ods-december-2024-airbus-commercial-aircraft-pke4.xlsx,20240716
delivery,2024-07-16,2024,7,NAS AVIATION SERVICES (AIRASIA),N,North America,A321neo,A320 Family,1.0,ods-december-2024-airbus-commercial-aircraft-pke4.xlsx,20240716
delivery,2024-07-16,2024,7,TURKISH AIRLINES,E,Europe and CIS,A321neo,A320 Family,1.0,ods-december-2024-airbus-commercial-aircraft-pke4.xlsx,20240716
delivery,2024-07-17,2024,7,BRITISH AIRWAYS,E,Europe and CIS,A321neo,A320 Family,1.0,ods-december-2024-airbus-commercial-aircraft-pke4.xlsx,20240717
delivery,2024-07-17,2024,7,WIZZ AIR,E,Europe and CIS,A321neo,A320 Family,1.0,ods-december-2024-airbus-commercial-aircraft-pke4.xlsx,20240717
delivery,2024-07-18,2024,7,AIR LEASE CORPORATION (CONDOR),N,North America,A321neo,A320 Family,1.0,ods-december-2024-airbus-commercial-aircraft-pke4.xlsx,20240718
delivery,2024-07-18,2024,7,JUNEYAO AIR,A,Asia-Pacific,A321neo,A320 Family,1.0,ods-december-2024-airbus-commercial-aircraft-pke4.xlsx,20240718
delivery,2024-07-18,2024,7,QANTAS AIRWAYS (JETSTAR AIRWAYS),A,Asia-Pacific,A321neo,A320 Family,1.0,ods-december-2024-airbus-commercial-aircraft-pke4.xlsx,20240718
delivery,2024-07-19,2024,7,UNITED AIRLINES,N,North America,A321neo,A320 Family,1.0,ods-december-2024-airbus-commercial-aircraft-pke4.xlsx,20240719
delivery,2024-07-22,2024,7,INDIGO,A,Asia-Pacific,A321neo,A320 Family,1.0,ods-december-2024-airbus-commercial-aircraft-pke4.xlsx,20240722
delivery,2024-07-22,2024,7,PEGASUS AIRLINES,E,Europe and CIS,A321neo,A320 Family,1.0,ods-december-2024-airbus-commercial-aircraft-pke4.xlsx,20240722
delivery,2024-07-23,2024,7,AERCAP (SPIRIT AIRLINES),E,Europe and CIS,A321neo,A320 Family,1.0,ods-december-2024-airbus-commercial-aircraft-pke4.xlsx,20240723
delivery,2024-07-23,2024,7,FRONTIER AIRLINES,N,North America,A321neo,A320 Family,1.0,ods-december-2024-airbus-commercial-aircraft-pke4.xlsx,20240723
delivery,2024-07-23,2024,7,NAS AVIATION SERVICES (AIRASIA),N,North America,A321neo,A320 Family,1.0,ods-december-2024-airbus-commercial-aircraft-pke4.xlsx,20240723
delivery,2024-07-23,2024,7,SMBC AVIATION CAPITAL (TURKISH AIRLINES),E,Europe and CIS,A321neo,A320 Family,1.0,ods-december-2024-airbus-commercial-aircraft-pke4.xlsx,20240723
delivery,2024-07-23,2024,7,UNITED AIRLINES,N,North America,A321neo,A320 Family,1.0,ods-december-2024-airbus-commercial-aircraft-pke4.xlsx,20240723
delivery,2024-07-24,2024,7,AERCAP (SPIRIT AIRLINES),E,Europe and CIS,A321neo,A320 Family,1.0,ods-december-2024-airbus-commercial-aircraft-pke4.xlsx,20240724
delivery,2024-07-24,2024,7,NAS AVIATION SERVICES (AIRASIA),N,North America,A321neo,A320 Family,1.0,ods-december-2024-airbus-commercial-aircraft-pke4.xlsx,20240724
delivery,2024-07-26,2024,7,PEGASUS AIRLINES,E,Europe and CIS,A321neo,A320 Family,1.0,ods-december-2024-airbus-commercial-aircraft-pke4.xlsx,20240726
delivery,2024-07-26,2024,7,TURKISH AIRLINES,E,Europe and CIS,A321neo,A320 Family,1.0,ods-december-2024-airbus-commercial-aircraft-pke4.xlsx,20240726
delivery,2024-07-31,2024,7,UNITED AIRLINES,N,North America,A321neo,A320 Family,1.0,ods-december-2024-airbus-commercial-aircraft-pke4.xlsx,20240731
delivery,2024-08-05,2024,8,WIZZ AIR,E,Europe and CIS,A321neo,A320 Family,1.0,ods-december-2024-airbus-commercial-aircraft-pke4.xlsx,20240805
delivery,2024-08-08,2024,8,AVIATION CAPITAL GROUP (CONDOR),N,North America,A321neo,A320 Family,1.0,ods-december-2024-airbus-commercial-aircraft-pke4.xlsx,20240808
delivery,2024-08-08,2024,8,INDIGO,A,Asia-Pacific,A321neo,A320 Family,1.0,ods-december-2024-airbus-commercial-aircraft-pke4.xlsx,20240808
delivery,2024-08-08,2024,8,JETSMART (CHILE),L,Latin America & Caribbean,A321neo,A320 Family,1.0,ods-december-2024-airbus-commercial-aircraft-pke4.xlsx,20240808
delivery,2024-08-08,2024,8,JUNEYAO AIR,A,Asia-Pacific,A321neo,A320 Family,1.0,ods-december-2024-airbus-commercial-aircraft-pke4.xlsx,20240808
delivery,2024-08-08,2024,8,NAS AVIATION SERVICES (SPIRIT AIRLINES),N,North America,A321neo,A320 Family,1.0,ods-december-2024-airbus-commercial-aircraft-pke4.xlsx,20240808
delivery,2024-08-13,2024,8,FRONTIER AIRLINES,N,North America,A321neo,A320 Family,1.0,ods-december-2024-airbus-commercial-aircraft-pke4.xlsx,20240813
delivery,2024-08-14,2024,8,WIZZ AIR,E,Europe and CIS,A321neo,A320 Family,1.0,ods-december-2024-airbus-commercial-aircraft-pke4.xlsx,20240814
delivery,2024-08-15,2024,8,INDIGO,A,Asia-Pacific,A321neo,A320 Family,1.0,ods-december-2024-airbus-commercial-aircraft-pke4.xlsx,20240815
delivery,2024-08-19,2024,8,DELTA AIR LINES,N,North America,A321neo,A320 Family,1.0,ods-december-2024-airbus-commercial-aircraft-pke4.xlsx,20240819
delivery,2024-08-20,2024,8,CATHAY PACIFIC AIRCRAFT SERVICES LIMITED (CATHAY PACIFIC),A,Asia-Pacific,A321neo,A320 Family,1.0,ods-december-2024-airbus-commercial-aircraft-pke4.xlsx,20240820
delivery,2024-08-21,2024,8,JET2 PLC (JET2.COM),E,Europe and CIS,A321neo,A320 Family,1.0,ods-december-2024-airbus-commercial-aircraft-pke4.xlsx,20240821
delivery,2024-08-22,2024,8,FRONTIER AIRLINES,N,North America,A321neo,A320 Family,1.0,ods-december-2024-airbus-commercial-aircraft-pke4.xlsx,20240822
delivery,2024-08-22,2024,8,INDIGO,A,Asia-Pacific,A321neo,A320 Family,1.0,ods-december-2024-airbus-commercial-aircraft-pke4.xlsx,20240822
delivery,2024-08-22,2024,8,SMBC AVIATION CAPITAL (TURKISH AIRLINES),E,Europe and CIS,A321neo,A320 Family,1.0,ods-december-2024-airbus-commercial-aircraft-pke4.xlsx,20240822
delivery,2024-08-23,2024,8,KLM ROYAL DUTCH AIRLINES,E,Europe and CIS,A321neo,A320 Family,1.0,ods-december-2024-airbus-commercial-aircraft-pke4.xlsx,20240823
delivery,2024-08-26,2024,8,INDIGO,A,Asia-Pacific,A321neo,A320 Family,1.0,ods-december-2024-airbus-commercial-aircraft-pke4.xlsx,20240826
delivery,2024-08-27,2024,8,AERCAP (SPIRIT AIRLINES),E,Europe and CIS,A321neo,A320 Family,1.0,ods-december-2024-airbus-commercial-aircraft-pke4.xlsx,20240827
delivery,2024-08-27,2024,8,INDIGO,A,Asia-Pacific,A321neo,A320 Family,1.0,ods-december-2024-airbus-commercial-aircraft-pke4.xlsx,20240827
delivery,2024-08-27,2024,8,KOREAN AIR,A,Asia-Pacific,A321neo,A320 Family,1.0,ods-december-2024-airbus-commercial-aircraft-pke4.xlsx,20240827
delivery,2024-08-28,2024,8,AVIATION CAPITAL GROUP (CONDOR),N,North America,A321neo,A320 Family,1.0,ods-december-2024-airbus-commercial-aircraft-pke4.xlsx,20240828
delivery,2024-08-29,2024,8,AERCAP (SPIRIT AIRLINES),E,Europe and CIS,A321neo,A320 Family,1.0,ods-december-2024-airbus-commercial-aircraft-pke4.xlsx,20240829
delivery,2024-08-29,2024,8,XIAMEN AIRLINES,A,Asia-Pacific,A321neo,A320 Family,1.0,ods-december-2024-airbus-commercial-aircraft-pke4.xlsx,20240829
delivery,2024-08-30,2024,8,CDB LEASING (MY FREIGHTER),A,Asia-Pacific,A321neo,A320 Family,1.0,ods-december-2024-airbus-commercial-aircraft-pke4.xlsx,20240830
delivery,2024-09-05,2024,9,INDIGO,A,Asia-Pacific,A321neo,A320 Family,1.0,ods-december-2024-airbus-commercial-aircraft-pke4.xlsx,20240905
delivery,2024-09-06,2024,9,CATHAY PACIFIC AIRCRAFT SERVICES LIMITED (HK EXPRESS),A,Asia-Pacific,A321neo,A320 Family,1.0,ods-december-2024-airbus-commercial-aircraft-pke4.xlsx,20240906
delivery,2024-09-06,2024,9,FRONTIER AIRLINES,N,North America,A321neo,A320 Family,1.0,ods-december-2024-airbus-commercial-aircraft-pke4.xlsx,20240906
delivery,2024-09-10,2024,9,DELTA AIR LINES,N,North America,A321neo,A320 Family,1.0,ods-december-2024-airbus-commercial-aircraft-pke4.xlsx,20240910
delivery,2024-09-12,2024,9,AIR LEASE CORPORATION (SPIRIT AIRLINES),N,North America,A321neo,A320 Family,1.0,ods-december-2024-airbus-commercial-aircraft-pke4.xlsx,20240912
delivery,2024-09-12,2024,9,INDIGO,A,Asia-Pacific,A321neo,A320 Family,1.0,ods-december-2024-airbus-commercial-aircraft-pke4.xlsx,20240912
delivery,2024-09-16,2024,9,CATHAY PACIFIC AIRCRAFT SERVICES LIMITED (CATHAY PACIFIC),A,Asia-Pacific,A321neo,A320 Family,1.0,ods-december-2024-airbus-commercial-aircraft-pke4.xlsx,20240916
delivery,2024-09-16,2024,9,DELTA AIR LINES,N,North America,A321neo,A320 Family,1.0,ods-december-2024-airbus-commercial-aircraft-pke4.xlsx,20240916
delivery,2024-09-17,2024,9,AIR LEASE CORPORATION (SPIRIT AIRLINES),N,North America,A321neo,A320 Family,1.0,ods-december-2024-airbus-commercial-aircraft-pke4.xlsx,20240917
delivery,2024-09-17,2024,9,AVIATION CAPITAL GROUP (CONDOR),N,North America,A321neo,A320 Family,1.0,ods-december-2024-airbus-commercial-aircraft-pke4.xlsx,20240917
delivery,2024-09-17,2024,9,TURKISH AIRLINES,E,Europe and CIS,A321neo,A320 Family,1.0,ods-december-2024-airbus-commercial-aircraft-pke4.xlsx,20240917
delivery,2024-09-18,2024,9,GULF AIR,M,Middle East,A321neo,A320 Family,1.0,ods-december-2024-airbus-commercial-aircraft-pke4.xlsx,20240918
delivery,2024-09-18,2024,9,INDIGO,A,Asia-Pacific,A321neo,A320 Family,1.0,ods-december-2024-airbus-commercial-aircraft-pke4.xlsx,20240918
delivery,2024-09-19,2024,9,WIZZ AIR,E,Europe and CIS,A321neo,A320 Family,1.0,ods-december-2024-airbus-commercial-aircraft-pke4.xlsx,20240919
delivery,2024-09-23,2024,9,AIR LEASE CORPORATION (ITA AIRWAYS),N,North America,A321neo,A320 Family,1.0,ods-december-2024-airbus-commercial-aircraft-pke4.xlsx,20240923
delivery,2024-09-23,2024,9,INDIGO,A,Asia-Pacific,A321neo,A320 Family,1.0,ods-december-2024-airbus-commercial-aircraft-pke4.xlsx,20240923
delivery,2024-09-23,2024,9,QANTAS AIRWAYS (JETSTAR AIRWAYS),A,Asia-Pacific,A321neo,A320 Family,1.0,ods-december-2024-airbus-commercial-aircraft-pke4.xlsx,20240923
delivery,2024-09-24,2024,9,CEBU PACIFIC,A,Asia-Pacific,A321neo,A320 Family,1.0,ods-december-2024-airbus-commercial-aircraft-pke4.xlsx,20240924
delivery,2024-09-26,2024,9,AIR LEASE CORPORATION (SPIRIT AIRLINES),N,North America,A321neo,A320 Family,1.0,ods-december-2024-airbus-commercial-aircraft-pke4.xlsx,20240926
delivery,2024-09-26,2024,9,INDIGO,A,Asia-Pacific,A321neo,A320 Family,1.0,ods-december-2024-airbus-commercial-aircraft-pke4.xlsx,20240926
delivery,2024-09-26,2024,9,PEGASUS AIRLINES,E,Europe and CIS,A321neo,A320 Family,1.0,ods-december-2024-airbus-commercial-aircraft-pke4.xlsx,20240926
delivery,2024-09-27,2024,9,CDB LEASING (KLM ROYAL DUTCH AIRLINES),A,Asia-Pacific,A321neo,A320 Family,1.0,ods-december-2024-airbus-commercial-aircraft-pke4.xlsx,20240927
delivery,2024-09-27,2024,9,JUNEYAO AIR,A,Asia-Pacific,A321neo,A320 Family,1.0,ods-december-2024-airbus-commercial-aircraft-pke4.xlsx,20240927
delivery,2024-09-27,2024,9,PEGASUS AIRLINES,E,Europe and CIS,A321neo,A320 Family,1.0,ods-december-2024-airbus-commercial-aircraft-pke4.xlsx,20240927
delivery,2024-09-27,2024,9,VIVA AEROBUS,L,Latin America & Caribbean,A321neo,A320 Family,1.0,ods-december-2024-airbus-commercial-aircraft-pke4.xlsx,20240927
delivery,2024-09-30,2024,9,AERCAP (SPIRIT AIRLINES),E,Europe and CIS,A321neo,A320 Family,1.0,ods-december-2024-airbus-commercial-aircraft-pke4.xlsx,20240930
delivery,2024-09-30,2024,9,INDIGO,A,Asia-Pacific,A321neo,A320 Family,1.0,ods-december-2024-airbus-commercial-aircraft-pke4.xlsx,20240930
delivery,2024-09-30,2024,9,VIETJET AIR,A,Asia-Pacific,A321neo,A320 Family,1.0,ods-december-2024-airbus-commercial-aircraft-pke4.xlsx,20240930
delivery,2024-10-04,2024,10,QANTAS AIRWAYS (JETSTAR AIRWAYS),A,Asia-Pacific,A321neo,A320 Family,1.0,ods-december-2024-airbus-commercial-aircraft-pke4.xlsx,20241004
delivery,2024-10-08,2024,10,FRONTIER AIRLINES,N,North America,A321neo,A320 Family,1.0,ods-december-2024-airbus-commercial-aircraft-pke4.xlsx,20241008
delivery,2024-10-10,2024,10,SMBC AVIATION CAPITAL (TURKISH AIRLINES),E,Europe and CIS,A321neo,A320 Family,1.0,ods-december-2024-airbus-commercial-aircraft-pke4.xlsx,20241010
delivery,2024-10-11,2024,10,JET2 PLC (JET2.COM),E,Europe and CIS,A321neo,A320 Family,1.0,ods-december-2024-airbus-commercial-aircraft-pke4.xlsx,20241011
delivery,2024-10-15,2024,10,CHINA SOUTHERN AIRLINES,A,Asia-Pacific,A321neo,A320 Family,1.0,ods-december-2024-airbus-commercial-aircraft-pke4.xlsx,20241015
delivery,2024-10-15,2024,10,DELTA AIR LINES,N,North America,A321neo,A320 Family,1.0,ods-december-2024-airbus-commercial-aircraft-pke4.xlsx,20241015
delivery,2024-10-15,2024,10,FRONTIER AIRLINES,N,North America,A321neo,A320 Family,1.0,ods-december-2024-airbus-commercial-aircraft-pke4.xlsx,20241015
delivery,2024-10-15,2024,10,XIAMEN AIRLINES,A,Asia-Pacific,A321neo,A320 Family,1.0,ods-december-2024-airbus-commercial-aircraft-pke4.xlsx,20241015
delivery,2024-10-16,2024,10,WIZZ AIR,E,Europe and CIS,A321neo,A320 Family,1.0,ods-december-2024-airbus-commercial-aircraft-pke4.xlsx,20241016
delivery,2024-10-17,2024,10,AIR LEASE CORPORATION (CONDOR),N,North America,A321neo,A320 Family,1.0,ods-december-2024-airbus-commercial-aircraft-pke4.xlsx,20241017
delivery,2024-10-21,2024,10,DELTA AIR LINES,N,North America,A321neo,A320 Family,1.0,ods-december-2024-airbus-commercial-aircraft-pke4.xlsx,20241021
delivery,2024-10-22,2024,10,CEBU PACIFIC,A,Asia-Pacific,A321neo,A320 Family,1.0,ods-december-2024-airbus-commercial-aircraft-pke4.xlsx,20241022
delivery,2024-10-22,2024,10,VIETJET AIR,A,Asia-Pacific,A321neo,A320 Family,1.0,ods-december-2024-airbus-commercial-aircraft-pke4.xlsx,20241022
delivery,2024-10-23,2024,10,CATHAY PACIFIC AIRCRAFT SERVICES LIMITED (CATHAY PACIFIC),A,Asia-Pacific,A321neo,A320 Family,1.0,ods-december-2024-airbus-commercial-aircraft-pke4.xlsx,20241023
delivery,2024-10-23,2024,10,QANTAS AIRWAYS (JETSTAR AIRWAYS),A,Asia-Pacific,A321neo,A320 Family,1.0,ods-december-2024-airbus-commercial-aircraft-pke4.xlsx,20241023
delivery,2024-10-24,2024,10,DELTA AIR LINES,N,North America,A321neo,A320 Family,1.0,ods-december-2024-airbus-commercial-aircraft-pke4.xlsx,20241024
delivery,2024-10-24,2024,10,VIETJET AIR,A,Asia-Pacific,A321neo,A320 Family,1.0,ods-december-2024-airbus-commercial-aircraft-pke4.xlsx,20241024
delivery,2024-10-25,2024,10,EASYJET,E,Europe and CIS,A321neo,A320 Family,1.0,ods-december-2024-airbus-commercial-aircraft-pke4.xlsx,20241025
delivery,2024-10-25,2024,10,VIVA AEROBUS,L,Latin America & Caribbean,A321neo,A320 Family,1.0,ods-december-2024-airbus-commercial-aircraft-pke4.xlsx,20241025
delivery,2024-10-28,2024,10,CHINA EASTERN AIRLINES,A,Asia-Pacific,A321neo,A320 Family,1.0,ods-december-2024-airbus-commercial-aircraft-pke4.xlsx,20241028
delivery,2024-10-28,2024,10,VOLARIS,L,Latin America & Caribbean,A321neo,A320 Family,1.0,ods-december-2024-airbus-commercial-aircraft-pke4.xlsx,20241028
delivery,2024-10-29,2024,10,CEBU PACIFIC,A,Asia-Pacific,A321neo,A320 Family,1.0,ods-december-2024-airbus-commercial-aircraft-pke4.xlsx,20241029
delivery,2024-10-29,2024,10,IBERIA,E,Europe and CIS,A321neo,A320 Family,1.0,ods-december-2024-airbus-commercial-aircraft-pke4.xlsx,20241029
delivery,2024-10-29,2024,10,INDIGO,A,Asia-Pacific,A321neo,A320 Family,1.0,ods-december-2024-airbus-commercial-aircraft-pke4.xlsx,20241029
delivery,2024-10-30,2024,10,AERCAP (TURKISH AIRLINES),E,Europe and CIS,A321neo,A320 Family,1.0,ods-december-2024-airbus-commercial-aircraft-pke4.xlsx,20241030
delivery,2024-10-30,2024,10,CHINA EASTERN AIRLINES,A,Asia-Pacific,A321neo,A320 Family,1.0,ods-december-2024-airbus-commercial-aircraft-pke4.xlsx,20241030
delivery,2024-10-30,2024,10,EASYJET,E,Europe and CIS,A321neo,A320 Family,2.0,ods-december-2024-airbus-commercial-aircraft-pke4.xlsx,20241030
delivery,2024-10-30,2024,10,ICBC LEASING (LOONG AIR),A,Asia-Pacific,A321neo,A320 Family,1.0,ods-december-2024-airbus-commercial-aircraft-pke4.xlsx,20241030
delivery,2024-10-30,2024,10,PEGASUS AIRLINES,E,Europe and CIS,A321neo,A320 Family,1.0,ods-december-2024-airbus-commercial-aircraft-pke4.xlsx,20241030
delivery,2024-10-31,2024,10,JUNEYAO AIR,A,Asia-Pacific,A321neo,A320 Family,1.0,ods-december-2024-airbus-commercial-aircraft-pke4.xlsx,20241031
delivery,2024-10-31,2024,10,UNITED AIRLINES,N,North America,A321neo,A320 Family,1.0,ods-december-2024-airbus-commercial-aircraft-pke4.xlsx,20241031
delivery,2024-11-01,2024,11,CATHAY PACIFIC AIRCRAFT SERVICES LIMITED (HK EXPRESS),A,Asia-Pacific,A321neo,A320 Family,1.0,ods-december-2024-airbus-commercial-aircraft-pke4.xlsx,20241101
delivery,2024-11-01,2024,11,PEGASUS AIRLINES,E,Europe and CIS,A321neo,A320 Family,1.0,ods-december-2024-airbus-commercial-aircraft-pke4.xlsx,20241101
delivery,2024-11-01,2024,11,UNITED AIRLINES,N,North America,A321neo,A320 Family,1.0,ods-december-2024-airbus-commercial-aircraft-pke4.xlsx,20241101
delivery,2024-11-05,2024,11,AIR LEASE CORPORATION (SPIRIT AIRLINES),N,North America,A321neo,A320 Family,1.0,ods-december-2024-airbus-commercial-aircraft-pke4.xlsx,20241105
delivery,2024-11-05,2024,11,UNITED AIRLINES,N,North America,A321neo,A320 Family,1.0,ods-december-2024-airbus-commercial-aircraft-pke4.xlsx,20241105
delivery,2024-11-07,2024,11,INDIGO,A,Asia-Pacific,A321neo,A320 Family,1.0,ods-december-2024-airbus-commercial-aircraft-pke4.xlsx,20241107
delivery,2024-11-07,2024,11,NAS AVIATION SERVICES (AIRASIA),N,North America,A321neo,A320 Family,1.0,ods-december-2024-airbus-commercial-aircraft-pke4.xlsx,20241107
delivery,2024-11-07,2024,11,PEGASUS AIRLINES,E,Europe and CIS,A321neo,A320 Family,1.0,ods-december-2024-airbus-commercial-aircraft-pke4.xlsx,20241107
delivery,2024-11-07,2024,11,SMBC AVIATION CAPITAL (TURKISH AIRLINES),E,Europe and CIS,A321neo,A320 Family,1.0,ods-december-2024-airbus-commercial-aircraft-pke4.xlsx,20241107
delivery,2024-11-08,2024,11,UNITED AIRLINES,N,North America,A321neo,A320 Family,1.0,ods-december-2024-airbus-commercial-aircraft-pke4.xlsx,20241108
delivery,2024-11-12,2024,11,AMERICAN AIRLINES,N,North America,A321neo,A320 Family,1.0,ods-december-2024-airbus-commercial-aircraft-pke4.xlsx,20241112
delivery,2024-11-12,2024,11,FRONTIER AIRLINES,N,North America,A321neo,A320 Family,1.0,ods-december-2024-airbus-commercial-aircraft-pke4.xlsx,20241112
delivery,2024-11-12,2024,11,UNITED AIRLINES,N,North America,A321neo,A320 Family,2.0,ods-december-2024-airbus-commercial-aircraft-pke4.xlsx,20241112
delivery,2024-11-13,2024,11,UNITED AIRLINES,N,North America,A321neo,A320 Family,1.0,ods-december-2024-airbus-commercial-aircraft-pke4.xlsx,20241113
delivery,2024-11-14,2024,11,AMERICAN AIRLINES,N,North America,A321neo,A320 Family,1.0,ods-december-2024-airbus-commercial-aircraft-pke4.xlsx,20241114
delivery,2024-11-14,2024,11,KOREAN AIR,A,Asia-Pacific,A321neo,A320 Family,1.0,ods-december-2024-airbus-commercial-aircraft-pke4.xlsx,20241114
delivery,2024-11-14,2024,11,UNITED AIRLINES,N,North America,A321neo,A320 Family,1.0,ods-december-2024-airbus-commercial-aircraft-pke4.xlsx,20241114
delivery,2024-11-15,2024,11,CATHAY PACIFIC AIRCRAFT SERVICES LIMITED (HK EXPRESS),A,Asia-Pacific,A321neo,A320 Family,1.0,ods-december-2024-airbus-commercial-aircraft-pke4.xlsx,20241115
delivery,2024-11-18,2024,11,DELTA AIR LINES,N,North America,A321neo,A320 Family,1.0,ods-december-2024-airbus-commercial-aircraft-pke4.xlsx,20241118
delivery,2024-11-18,2024,11,SAUDIA,M,Middle East,A321neo,A320 Family,1.0,ods-december-2024-airbus-commercial-aircraft-pke4.xlsx,20241118
delivery,2024-11-18,2024,11,WIZZ AIR,E,Europe and CIS,A321neo,A320 Family,1.0,ods-december-2024-airbus-commercial-aircraft-pke4.xlsx,20241118
delivery,2024-11-20,2024,11,INDIGO,A,Asia-Pacific,A321neo,A320 Family,1.0,ods-december-2024-airbus-commercial-aircraft-pke4.xlsx,20241120
delivery,2024-11-21,2024,11,INDIGO,A,Asia-Pacific,A321neo,A320 Family,2.0,ods-december-2024-airbus-commercial-aircraft-pke4.xlsx,20241121
delivery,2024-11-22,2024,11,VIETJET AIR,A,Asia-Pacific,A321neo,A320 Family,1.0,ods-december-2024-airbus-commercial-aircraft-pke4.xlsx,20241122
delivery,2024-11-25,2024,11,CHINA AIRLINES,A,Asia-Pacific,A321neo,A320 Family,1.0,ods-december-2024-airbus-commercial-aircraft-pke4.xlsx,20241125
delivery,2024-11-25,2024,11,CHINA SOUTHERN AIRLINES,A,Asia-Pacific,A321neo,A320 Family,1.0,ods-december-2024-airbus-commercial-aircraft-pke4.xlsx,20241125
delivery,2024-11-26,2024,11,AIRASIA,A,Asia-Pacific,A321neo,A320 Family,1.0,ods-december-2024-airbus-commercial-aircraft-pke4.xlsx,20241126
delivery,2024-11-26,2024,11,ASIANA AIRLINES,A,Asia-Pacific,A321neo,A320 Family,1.0,ods-december-2024-airbus-commercial-aircraft-pke4.xlsx,20241126
delivery,2024-11-26,2024,11,SMBC AVIATION CAPITAL (ICELANDAIR),E,Europe and CIS,A321neo,A320 Family,1.0,ods-december-2024-airbus-commercial-aircraft-pke4.xlsx,20241126
delivery,2024-11-26,2024,11,UNITED AIRLINES,N,North America,A321neo,A320 Family,2.0,ods-december-2024-airbus-commercial-aircraft-pke4.xlsx,20241126
delivery,2024-11-26,2024,11,VIETJET AIR,A,Asia-Pacific,A321neo,A320 Family,1.0,ods-december-2024-airbus-commercial-aircraft-pke4.xlsx,20241126
delivery,2024-11-26,2024,11,VOLARIS,L,Latin America & Caribbean,A321neo,A320 Family,1.0,ods-december-2024-airbus-commercial-aircraft-pke4.xlsx,20241126
delivery,2024-11-27,2024,11,AIR LEASE CORPORATION (SPIRIT AIRLINES),N,North America,A321neo,A320 Family,1.0,ods-december-2024-airbus-commercial-aircraft-pke4.xlsx,20241127
delivery,2024-11-27,2024,11,INDIGO,A,Asia-Pacific,A321neo,A320 Family,1.0,ods-december-2024-airbus-commercial-aircraft-pke4.xlsx,20241127
delivery,2024-11-27,2024,11,PEGASUS AIRLINES,E,Europe and CIS,A321neo,A320 Family,1.0,ods-december-2024-airbus-commercial-aircraft-pke4.xlsx,20241127
delivery,2024-11-27,2024,11,SMBC AVIATION CAPITAL (TURKISH AIRLINES),E,Europe and CIS,A321neo,A320 Family,1.0,ods-december-2024-airbus-commercial-aircraft-pke4.xlsx,20241127
delivery,2024-11-28,2024,11,CDB LEASING (JET2.COM),A,Asia-Pacific,A321neo,A320 Family,1.0,ods-december-2024-airbus-commercial-aircraft-pke4.xlsx,20241128
delivery,2024-11-29,2024,11,CHINA SOUTHERN AIRLINES,A,Asia-Pacific,A321neo,A320 Family,1.0,ods-december-2024-airbus-commercial-aircraft-pke4.xlsx,20241129
delivery,2024-11-29,2024,11,INDIGO,A,Asia-Pacific,A321neo,A320 Family,1.0,ods-december-2024-airbus-commercial-aircraft-pke4.xlsx,20241129
delivery,2024-11-29,2024,11,PEGASUS AIRLINES,E,Europe and CIS,A321neo,A320 Family,1.0,ods-december-2024-airbus-commercial-aircraft-pke4.xlsx,20241129
delivery,2024-12-02,2024,12,CHINA SOUTHERN AIRLINES,A,Asia-Pacific,A321neo,A320 Family,1.0,ods-december-2024-airbus-commercial-aircraft-pke4.xlsx,20241202
delivery,2024-12-03,2024,12,FRONTIER AIRLINES,N,North America,A321neo,A320 Family,1.0,ods-december-2024-airbus-commercial-aircraft-pke4.xlsx,20241203
delivery,2024-12-03,2024,12,VIETJET AIR,A,Asia-Pacific,A321neo,A320 Family,1.0,ods-december-2024-airbus-commercial-aircraft-pke4.xlsx,20241203
delivery,2024-12-03,2024,12,WIZZ AIR,E,Europe and CIS,A321neo,A320 Family,1.0,ods-december-2024-airbus-commercial-aircraft-pke4.xlsx,20241203
delivery,2024-12-05,2024,12,CHINA EASTERN AIRLINES,A,Asia-Pacific,A321neo,A320 Family,1.0,ods-december-2024-airbus-commercial-aircraft-pke4.xlsx,20241205
delivery,2024-12-05,2024,12,INDIGO,A,Asia-Pacific,A321neo,A320 Family,1.0,ods-december-2024-airbus-commercial-aircraft-pke4.xlsx,20241205
delivery,2024-12-05,2024,12,JETBLUE AIRWAYS,N,North America,A321neo,A320 Family,1.0,ods-december-2024-airbus-commercial-aircraft-pke4.xlsx,20241205
delivery,2024-12-05,2024,12,VOLARIS,L,Latin America & Caribbean,A321neo,A320 Family,1.0,ods-december-2024-airbus-commercial-aircraft-pke4.xlsx,20241205
delivery,2024-12-06,2024,12,AIRASIA,A,Asia-Pacific,A321neo,A320 Family,1.0,ods-december-2024-airbus-commercial-aircraft-pke4.xlsx,20241206
delivery,2024-12-06,2024,12,JET2 PLC (JET2.COM),E,Europe and CIS,A321neo,A320 Family,1.0,ods-december-2024-airbus-commercial-aircraft-pke4.xlsx,20241206
delivery,2024-12-06,2024,12,UNITED AIRLINES,N,North America,A321neo,A320 Family,1.0,ods-december-2024-airbus-commercial-aircraft-pke4.xlsx,20241206
delivery,2024-12-09,2024,12,INDIGO,A,Asia-Pacific,A321neo,A320 Family,1.0,ods-december-2024-airbus-commercial-aircraft-pke4.xlsx,20241209
delivery,2024-12-09,2024,12,KOREAN AIR,A,Asia-Pacific,A321neo,A320 Family,1.0,ods-december-2024-airbus-commercial-aircraft-pke4.xlsx,20241209
delivery,2024-12-10,2024,12,CDB LEASING (KLM ROYAL DUTCH AIRLINES),A,Asia-Pacific,A321neo,A320 Family,1.0,ods-december-2024-airbus-commercial-aircraft-pke4.xlsx,20241210
delivery,2024-12-10,2024,12,CHINA SOUTHERN AIRLINES,A,Asia-Pacific,A321neo,A320 Family,1.0,ods-december-2024-airbus-commercial-aircraft-pke4.xlsx,20241210
delivery,2024-12-11,2024,12,ICBC LEASING (JET2.COM),A,Asia-Pacific,A321neo,A320 Family,1.0,ods-december-2024-airbus-commercial-aircraft-pke4.xlsx,20241211
delivery,2024-12-12,2024,12,AIRASIA,A,Asia-Pacific,A321neo,A320 Family,1.0,ods-december-2024-airbus-commercial-aircraft-pke4.xlsx,20241212
delivery,2024-12-13,2024,12,AERCAP (AIRASIA),E,Europe and CIS,A321neo,A320 Family,1.0,ods-december-2024-airbus-commercial-aircraft-pke4.xlsx,20241213
delivery,2024-12-13,2024,12,CATHAY PACIFIC AIRCRAFT SERVICES LIMITED (HK EXPRESS),A,Asia-Pacific,A321neo,A320 Family,1.0,ods-december-2024-airbus-commercial-aircraft-pke4.xlsx,20241213
delivery,2024-12-13,2024,12,TRANSAVIA,E,Europe and CIS,A321neo,A320 Family,1.0,ods-december-2024-airbus-commercial-aircraft-pke4.xlsx,20241213
delivery,2024-12-16,2024,12,INDIGO,A,Asia-Pacific,A321neo,A320 Family,1.0,ods-december-2024-airbus-commercial-aircraft-pke4.xlsx,20241216
delivery,2024-12-16,2024,12,PEGASUS AIRLINES,E,Europe and CIS,A321neo,A320 Family,1.0,ods-december-2024-airbus-commercial-aircraft-pke4.xlsx,20241216
delivery,2024-12-16,2024,12,SAUDIA,M,Middle East,A321neo,A320 Family,1.0,ods-december-2024-airbus-commercial-aircraft-pke4.xlsx,20241216
delivery,2024-12-16,2024,12,WIZZ AIR,E,Europe and CIS,A321neo,A320 Family,1.0,ods-december-2024-airbus-commercial-aircraft-pke4.xlsx,20241216
delivery,2024-12-17,2024,12,AER LINGUS,E,Europe and CIS,A321neo,A320 Family,1.0,ods-december-2024-airbus-commercial-aircraft-pke4.xlsx,20241217
delivery,2024-12-17,2024,12,DELTA AIR LINES,N,North America,A321neo,A320 Family,1.0,ods-december-2024-airbus-commercial-aircraft-pke4.xlsx,20241217
delivery,2024-12-17,2024,12,KOREAN AIR,A,Asia-Pacific,A321neo,A320 Family,1.0,ods-december-2024-airbus-commercial-aircraft-pke4.xlsx,20241217
delivery,2024-12-18,2024,12,AER LINGUS,E,Europe and CIS,A321neo,A320 Family,1.0,ods-december-2024-airbus-commercial-aircraft-pke4.xlsx,20241218
delivery,2024-12-18,2024,12,ASIANA AIRLINES,A,Asia-Pacific,A321neo,A320 Family,1.0,ods-december-2024-airbus-commercial-aircraft-pke4.xlsx,20241218
delivery,2024-12-18,2024,12,INDIGO,A,Asia-Pacific,A321neo,A320 Family,1.0,ods-december-2024-airbus-commercial-aircraft-pke4.xlsx,20241218
delivery,2024-12-19,2024,12,AMERICAN AIRLINES,N,North America,A321neo,A320 Family,1.0,ods-december-2024-airbus-commercial-aircraft-pke4.xlsx,20241219
delivery,2024-12-19,2024,12,CATHAY PACIFIC AIRCRAFT SERVICES LIMITED (CATHAY PACIFIC),A,Asia-Pacific,A321neo,A320 Family,1.0,ods-december-2024-airbus-commercial-aircraft-pke4.xlsx,20241219
delivery,2024-12-19,2024,12,CDB LEASING (KLM ROYAL DUTCH AIRLINES),A,Asia-Pacific,A321neo,A320 Family,1.0,ods-december-2024-airbus-commercial-aircraft-pke4.xlsx,20241219
delivery,2024-12-19,2024,12,FRONTIER AIRLINES,N,North America,A321neo,A320 Family,1.0,ods-december-2024-airbus-commercial-aircraft-pke4.xlsx,20241219
delivery,2024-12-19,2024,12,JETSMART (CHILE),L,Latin America & Caribbean,A321neo,A320 Family,1.0,ods-december-2024-airbus-commercial-aircraft-pke4.xlsx,20241219
delivery,2024-12-19,2024,12,SPIRIT AIRLINES,N,North America,A321neo,A320 Family,1.0,ods-december-2024-airbus-commercial-aircraft-pke4.xlsx,20241219
delivery,2024-12-19,2024,12,UNITED AIRLINES,N,North America,A321neo,A320 Family,1.0,ods-december-2024-airbus-commercial-aircraft-pke4.xlsx,20241219
delivery,2024-12-20,2024,12,AERCAP (TURKISH AIRLINES),E,Europe and CIS,A321neo,A320 Family,1.0,ods-december-2024-airbus-commercial-aircraft-pke4.xlsx,20241220
delivery,2024-12-21,2024,12,INDIGO,A,Asia-Pacific,A321neo,A320 Family,1.0,ods-december-2024-airbus-commercial-aircraft-pke4.xlsx,20241221
delivery,2024-12-23,2024,12,AEGEAN AIRLINES,E,Europe and CIS,A321neo,A320 Family,1.0,ods-december-2024-airbus-commercial-aircraft-pke4.xlsx,20241223
delivery,2024-12-23,2024,12,CEBU PACIFIC,A,Asia-Pacific,A321neo,A320 Family,1.0,ods-december-2024-airbus-commercial-aircraft-pke4.xlsx,20241223
delivery,2024-12-23,2024,12,CHINA EASTERN AIRLINES,A,Asia-Pacific,A321neo,A320 Family,1.0,ods-december-2024-airbus-commercial-aircraft-pke4.xlsx,20241223
delivery,2024-12-23,2024,12,FRONTIER AIRLINES,N,North America,A321neo,A320 Family,1.0,ods-december-2024-airbus-commercial-aircraft-pke4.xlsx,20241223
delivery,2024-12-23,2024,12,VIETJET AIR,A,Asia-Pacific,A321neo,A320 Family,1.0,ods-december-2024-airbus-commercial-aircraft-pke4.xlsx,20241223
delivery,2024-12-27,2024,12,INDIGO,A,Asia-Pacific,A321neo,A320 Family,2.0,ods-december-2024-airbus-commercial-aircraft-pke4.xlsx,20241227
delivery,2024-12-27,2024,12,UNITED AIRLINES,N,North America,A321neo,A320 Family,1.0,ods-december-2024-airbus-commercial-aircraft-pke4.xlsx,20241227
delivery,2024-12-28,2024,12,SAUDIA,M,Middle East,A321neo,A320 Family,1.0,ods-december-2024-airbus-commercial-aircraft-pke4.xlsx,20241228
delivery,2024-12-30,2024,12,CHINA SOUTHERN AIRLINES,A,Asia-Pacific,A321neo,A320 Family,1.0,ods-december-2024-airbus-commercial-aircraft-pke4.xlsx,20241230
delivery,2024-12-30,2024,12,INDIGO,A,Asia-Pacific,A321neo,A320 Family,2.0,ods-december-2024-airbus-commercial-aircraft-pke4.xlsx,20241230
delivery,2024-12-30,2024,12,QANTAS AIRWAYS (JETSTAR AIRWAYS),A,Asia-Pacific,A321neo,A320 Family,1.0,ods-december-2024-airbus-commercial-aircraft-pke4.xlsx,20241230
delivery,2024-12-30,2024,12,UNITED AIRLINES,N,North America,A321neo,A320 Family,1.0,ods-december-2024-airbus-commercial-aircraft-pke4.xlsx,20241230
delivery,2024-12-30,2024,12,VIETJET AIR,A,Asia-Pacific,A321neo,A320 Family,2.0,ods-december-2024-airbus-commercial-aircraft-pke4.xlsx,20241230
delivery,2024-10-29,2024,10,AIRBUS DEFENCE AND SPACE (ROYAL SAUDI AIR FORCE),E,Europe and CIS,A330-200,A330,1.0,ods-december-2024-airbus-commercial-aircraft-pke4.xlsx,20241029
delivery,2024-12-30,2024,12,AIRBUS DEFENCE AND SPACE (NSPA - NATO SUPPORT AND PROCUREMENT AGENCY),E,Europe and CIS,A330-200,A330,1.0,ods-december-2024-airbus-commercial-aircraft-pke4.xlsx,20241230
delivery,2024-01-08,2024,1,ITA AIRWAYS,E,Europe and CIS,A330-900,A330,1.0,ods-december-2024-airbus-commercial-aircraft-pke4.xlsx,20240108
delivery,2024-01-15,2024,1,CONDOR,E,Europe and CIS,A330-900,A330,1.0,ods-december-2024-airbus-commercial-aircraft-pke4.xlsx,20240115
delivery,2024-02-29,2024,2,AVOLON (CONDOR),E,Europe and CIS,A330-900,A330,1.0,ods-december-2024-airbus-commercial-aircraft-pke4.xlsx,20240229
delivery,2024-02-29,2024,2,CEBU PACIFIC,A,Asia-Pacific,A330-900,A330,1.0,ods-december-2024-airbus-commercial-aircraft-pke4.xlsx,20240229
delivery,2024-03-07,2024,3,NAS AVIATION SERVICES (CORSAIR),N,North America,A330-900,A330,1.0,ods-december-2024-airbus-commercial-aircraft-pke4.xlsx,20240307
delivery,2024-03-25,2024,3,NAS AVIATION SERVICES (CONDOR),N,North America,A330-900,A330,1.0,ods-december-2024-airbus-commercial-aircraft-pke4.xlsx,20240325
delivery,2024-03-26,2024,3,ITA AIRWAYS,E,Europe and CIS,A330-900,A330,1.0,ods-december-2024-airbus-commercial-aircraft-pke4.xlsx,20240326
delivery,2024-04-12,2024,4,ITA AIRWAYS,E,Europe and CIS,A330-900,A330,1.0,ods-december-2024-airbus-commercial-aircraft-pke4.xlsx,20240412
delivery,2024-05-15,2024,5,NAS AVIATION SERVICES (ITA AIRWAYS),N,North America,A330-900,A330,1.0,ods-december-2024-airbus-commercial-aircraft-pke4.xlsx,20240515
delivery,2024-05-31,2024,5,CONDOR,E,Europe and CIS,A330-900,A330,1.0,ods-december-2024-airbus-commercial-aircraft-pke4.xlsx,20240531
delivery,2024-06-07,2024,6,NAS AVIATION SERVICES (CORSAIR),N,North America,A330-900,A330,1.0,ods-december-2024-airbus-commercial-aircraft-pke4.xlsx,20240607
delivery,2024-06-11,2024,6,NAS AVIATION SERVICES (CONDOR),N,North America,A330-900,A330,1.0,ods-december-2024-airbus-commercial-aircraft-pke4.xlsx,20240611
delivery,2024-06-13,2024,6,AIR LEASE CORPORATION (VIRGIN ATLANTIC AIRWAYS),N,North America,A330-900,A330,1.0,ods-december-2024-airbus-commercial-aircraft-pke4.xlsx,20240613
delivery,2024-07-03,2024,7,DELTA AIR LINES,N,North America,A330-900,A330,1.0,ods-december-2024-airbus-commercial-aircraft-pke4.xlsx,20240703
delivery,2024-07-09,2024,7,AIR LEASE CORPORATION (STARLUX AIRLINES),N,North America,A330-900,A330,1.0,ods-december-2024-airbus-commercial-aircraft-pke4.xlsx,20240709
delivery,2024-07-11,2024,7,AIR LEASE CORPORATION (ITA AIRWAYS),N,North America,A330-900,A330,1.0,ods-december-2024-airbus-commercial-aircraft-pke4.xlsx,20240711
delivery,2024-07-24,2024,7,CEBU PACIFIC,A,Asia-Pacific,A330-900,A330,1.0,ods-december-2024-airbus-commercial-aircraft-pke4.xlsx,20240724
delivery,2024-07-31,2024,7,DELTA AIR LINES,N,North America,A330-900,A330,1.0,ods-december-2024-airbus-commercial-aircraft-pke4.xlsx,20240731
delivery,2024-08-28,2024,8,AIR LEASE CORPORATION (VIRGIN ATLANTIC AIRWAYS),N,North America,A330-900,A330,1.0,ods-december-2024-airbus-commercial-aircraft-pke4.xlsx,20240828
delivery,2024-09-03,2024,9,DELTA AIR LINES,N,North America,A330-900,A330,1.0,ods-december-2024-airbus-commercial-aircraft-pke4.xlsx,20240903
delivery,2024-10-04,2024,10,NAS AVIATION SERVICES (CORSAIR),N,North America,A330-900,A330,1.0,ods-december-2024-airbus-commercial-aircraft-pke4.xlsx,20241004
delivery,2024-10-24,2024,10,VIRGIN ATLANTIC AIRWAYS,E,Europe and CIS,A330-900,A330,1.0,ods-december-2024-airbus-commercial-aircraft-pke4.xlsx,20241024
delivery,2024-10-30,2024,10,DELTA AIR LINES,N,North America,A330-900,A330,1.0,ods-december-2024-airbus-commercial-aircraft-pke4.xlsx,20241030
delivery,2024-11-28,2024,11,CIT LEASING (MALAYSIA AIRLINES),E,Europe and CIS,A330-900,A330,1.0,ods-december-2024-airbus-commercial-aircraft-pke4.xlsx,20241128
delivery,2024-12-09,2024,12,KUWAIT AIRWAYS,M,Middle East,A330-900,A330,1.0,ods-december-2024-airbus-commercial-aircraft-pke4.xlsx,20241209
delivery,2024-12-17,2024,12,CEBU PACIFIC,A,Asia-Pacific,A330-900,A330,1.0,ods-december-2024-airbus-commercial-aircraft-pke4.xlsx,20241217
delivery,2024-12-20,2024,12,AIR LEASE CORPORATION (VIRGIN ATLANTIC AIRWAYS),N,North America,A330-900,A330,1.0,ods-december-2024-airbus-commercial-aircraft-pke4.xlsx,20241220
delivery,2024-12-24,2024,12,NAS AVIATION SERVICES (CORSAIR),N,North America,A330-900,A330,1.0,ods-december-2024-airbus-commercial-aircraft-pke4.xlsx,20241224
delivery,2024-12-27,2024,12,NAS AVIATION SERVICES (CONDOR),N,North America,A330-900,A330,1.0,ods-december-2024-airbus-commercial-aircraft-pke4.xlsx,20241227
delivery,2024-12-30,2024,12,DELTA AIR LINES,N,North America,A330-900,A330,1.0,ods-december-2024-airbus-commercial-aircraft-pke4.xlsx,20241230
delivery,2024-02-26,2024,2,TURKISH AIRLINES,E,Europe and CIS,A350-900,A350,1.0,ods-december-2024-airbus-commercial-aircraft-pke4.xlsx,20240226
delivery,2024-03-01,2024,3,STARLUX AIRLINES,A,Asia-Pacific,A350-900,A350,1.0,ods-december-2024-airbus-commercial-aircraft-pke4.xlsx,20240301
delivery,2024-03-06,2024,3,IBERIA,E,Europe and CIS,A350-900,A350,1.0,ods-december-2024-airbus-commercial-aircraft-pke4.xlsx,20240306
delivery,2024-03-15,2024,3,TURKISH AIRLINES,E,Europe and CIS,A350-900,A350,1.0,ods-december-2024-airbus-commercial-aircraft-pke4.xlsx,20240315
delivery,2024-04-02,2024,4,AIR FRANCE,E,Europe and CIS,A350-900,A350,1.0,ods-december-2024-airbus-commercial-aircraft-pke4.xlsx,20240402
delivery,2024-04-02,2024,4,DELTA AIR LINES,N,North America,A350-900,A350,1.0,ods-december-2024-airbus-commercial-aircraft-pke4.xlsx,20240402
delivery,2024-04-12,2024,4,LUFTHANSA,E,Europe and CIS,A350-900,A350,1.0,ods-december-2024-airbus-commercial-aircraft-pke4.xlsx,20240412
delivery,2024-04-19,2024,4,SINGAPORE AIRLINES,A,Asia-Pacific,A350-900,A350,1.0,ods-december-2024-airbus-commercial-aircraft-pke4.xlsx,20240419
delivery,2024-04-29,2024,4,AIR FRANCE,E,Europe and CIS,A350-900,A350,1.0,ods-december-2024-airbus-commercial-aircraft-pke4.xlsx,20240429
delivery,2024-04-30,2024,4,DELTA AIR LINES,N,North America,A350-900,A350,1.0,ods-december-2024-airbus-commercial-aircraft-pke4.xlsx,20240430
delivery,2024-05-21,2024,5,TURKISH AIRLINES,E,Europe and CIS,A350-900,A350,1.0,ods-december-2024-airbus-commercial-aircraft-pke4.xlsx,20240521
delivery,2024-05-24,2024,5,LUFTHANSA,E,Europe and CIS,A350-900,A350,1.0,ods-december-2024-airbus-commercial-aircraft-pke4.xlsx,20240524
delivery,2024-05-29,2024,5,AIR LEASE CORPORATION (AIR FRANCE),N,North America,A350-900,A350,1.0,ods-december-2024-airbus-commercial-aircraft-pke4.xlsx,20240529
delivery,2024-06-14,2024,6,AIR FRANCE,E,Europe and CIS,A350-900,A350,1.0,ods-december-2024-airbus-commercial-aircraft-pke4.xlsx,20240614
delivery,2024-06-15,2024,6,TURKISH AIRLINES,E,Europe and CIS,A350-900,A350,1.0,ods-december-2024-airbus-commercial-aircraft-pke4.xlsx,20240615
delivery,2024-06-24,2024,6,AIR FRANCE,E,Europe and CIS,A350-900,A350,1.0,ods-december-2024-airbus-commercial-aircraft-pke4.xlsx,20240624
delivery,2024-06-27,2024,6,SICHUAN AIRLINES,A,Asia-Pacific,A350-900,A350,1.0,ods-december-2024-airbus-commercial-aircraft-pke4.xlsx,20240627
delivery,2024-07-05,2024,7,TURKISH AIRLINES,E,Europe and CIS,A350-900,A350,1.0,ods-december-2024-airbus-commercial-aircraft-pke4.xlsx,20240705
delivery,2024-07-15,2024,7,AIR LEASE CORPORATION (AIR FRANCE),N,North America,A350-900,A350,1.0,ods-december-2024-airbus-commercial-aircraft-pke4.xlsx,20240715
delivery,2024-07-17,2024,7,LUFTHANSA,E,Europe and CIS,A350-900,A350,1.0,ods-december-2024-airbus-commercial-aircraft-pke4.xlsx,20240717
delivery,2024-07-19,2024,7,AIR LEASE CORPORATION (AIR FRANCE),N,North America,A350-900,A350,1.0,ods-december-2024-airbus-commercial-aircraft-pke4.xlsx,20240719
delivery,2024-07-23,2024,7,DELTA AIR LINES,N,North America,A350-900,A350,1.0,ods-december-2024-airbus-commercial-aircraft-pke4.xlsx,20240723
delivery,2024-07-25,2024,7,DELTA AIR LINES,N,North America,A350-900,A350,1.0,ods-december-2024-airbus-commercial-aircraft-pke4.xlsx,20240725
delivery,2024-08-05,2024,8,AIR FRANCE,E,Europe and CIS,A350-900,A350,1.0,ods-december-2024-airbus-commercial-aircraft-pke4.xlsx,20240805
delivery,2024-08-13,2024,8,TURKISH AIRLINES,E,Europe and CIS,A350-900,A350,1.0,ods-december-2024-airbus-commercial-aircraft-pke4.xlsx,20240813
delivery,2024-08-16,2024,8,TURKISH AIRLINES,E,Europe and CIS,A350-900,A350,1.0,ods-december-2024-airbus-commercial-aircraft-pke4.xlsx,20240816
delivery,2024-08-28,2024,8,STARLUX AIRLINES,A,Asia-Pacific,A350-900,A350,1.0,ods-december-2024-airbus-commercial-aircraft-pke4.xlsx,20240828
delivery,2024-09-05,2024,9,DELTA AIR LINES,N,North America,A350-900,A350,1.0,ods-december-2024-airbus-commercial-aircraft-pke4.xlsx,20240905
delivery,2024-09-27,2024,9,TURKISH AIRLINES,E,Europe and CIS,A350-900,A350,1.0,ods-december-2024-airbus-commercial-aircraft-pke4.xlsx,20240927
delivery,2024-10-15,2024,10,LUFTHANSA,E,Europe and CIS,A350-900,A350,1.0,ods-december-2024-airbus-commercial-aircraft-pke4.xlsx,20241015
delivery,2024-11-08,2024,11,SINGAPORE AIRLINES,A,Asia-Pacific,A350-900,A350,1.0,ods-december-2024-airbus-commercial-aircraft-pke4.xlsx,20241108
delivery,2024-11-21,2024,11,DELTA AIR LINES,N,North America,A350-900,A350,1.0,ods-december-2024-airbus-commercial-aircraft-pke4.xlsx,20241121
delivery,2024-11-25,2024,11,EMIRATES,M,Middle East,A350-900,A350,1.0,ods-december-2024-airbus-commercial-aircraft-pke4.xlsx,20241125
delivery,2024-11-26,2024,11,LUFTHANSA,E,Europe and CIS,A350-900,A350,1.0,ods-december-2024-airbus-commercial-aircraft-pke4.xlsx,20241126
delivery,2024-12-12,2024,12,STARLUX AIRLINES,A,Asia-Pacific,A350-900,A350,1.0,ods-december-2024-airbus-commercial-aircraft-pke4.xlsx,20241212
delivery,2024-12-13,2024,12,SICHUAN AIRLINES,A,Asia-Pacific,A350-900,A350,1.0,ods-december-2024-airbus-commercial-aircraft-pke4.xlsx,20241213
delivery,2024-12-17,2024,12,FINNAIR,E,Europe and CIS,A350-900,A350,1.0,ods-december-2024-airbus-commercial-aircraft-pke4.xlsx,20241217
delivery,2024-12-17,2024,12,STARLUX AIRLINES,A,Asia-Pacific,A350-900,A350,1.0,ods-december-2024-airbus-commercial-aircraft-pke4.xlsx,20241217
delivery,2024-12-19,2024,12,DELTA AIR LINES,N,North America,A350-900,A350,1.0,ods-december-2024-airbus-commercial-aircraft-pke4.xlsx,20241219
delivery,2024-12-23,2024,12,LUFTHANSA,E,Europe and CIS,A350-900,A350,1.0,ods-december-2024-airbus-commercial-aircraft-pke4.xlsx,20241223
delivery,2024-12-27,2024,12,KOREAN AIR,A,Asia-Pacific,A350-900,A350,1.0,ods-december-2024-airbus-commercial-aircraft-pke4.xlsx,20241227
delivery,2024-12-30,2024,12,KOREAN AIR,A,Asia-Pacific,A350-900,A350,1.0,ods-december-2024-airbus-commercial-aircraft-pke4.xlsx,20241230
delivery,2024-12-30,2024,12,LUFTHANSA,E,Europe and CIS,A350-900,A350,1.0,ods-december-2024-airbus-commercial-aircraft-pke4.xlsx,20241230
delivery,2024-12-31,2024,12,EMIRATES,M,Middle East,A350-900,A350,1.0,ods-december-2024-airbus-commercial-aircraft-pke4.xlsx,20241231
delivery,2024-02-20,2024,2,BRITISH AIRWAYS,E,Europe and CIS,A350-1000,A350,1.0,ods-december-2024-airbus-commercial-aircraft-pke4.xlsx,20240220
delivery,2024-03-14,2024,3,AIR LEASE CORPORATION (VIRGIN ATLANTIC AIRWAYS),N,North America,A350-1000,A350,1.0,ods-december-2024-airbus-commercial-aircraft-pke4.xlsx,20240314
delivery,2024-03-28,2024,3,JAPAN AIRLINES,A,Asia-Pacific,A350-1000,A350,1.0,ods-december-2024-airbus-commercial-aircraft-pke4.xlsx,20240328
delivery,2024-05-24,2024,5,VIRGIN ATLANTIC AIRWAYS,E,Europe and CIS,A350-1000,A350,1.0,ods-december-2024-airbus-commercial-aircraft-pke4.xlsx,20240524
delivery,2024-07-29,2024,7,JAPAN AIRLINES,A,Asia-Pacific,A350-1000,A350,1.0,ods-december-2024-airbus-commercial-aircraft-pke4.xlsx,20240729
delivery,2024-08-08,2024,8,JAPAN AIRLINES,A,Asia-Pacific,A350-1000,A350,1.0,ods-december-2024-airbus-commercial-aircraft-pke4.xlsx,20240808
delivery,2024-09-30,2024,9,JAPAN AIRLINES,A,Asia-Pacific,A350-1000,A350,1.0,ods-december-2024-airbus-commercial-aircraft-pke4.xlsx,20240930
delivery,2024-10-15,2024,10,JAPAN AIRLINES,A,Asia-Pacific,A350-1000,A350,1.0,ods-december-2024-airbus-commercial-aircraft-pke4.xlsx,20241015
delivery,2024-11-04,2024,11,ETHIOPIAN AIRLINES,F,Africa,A350-1000,A350,1.0,ods-december-2024-airbus-commercial-aircraft-pke4.xlsx,20241104
delivery,2024-12-04,2024,12,JAPAN AIRLINES,A,Asia-Pacific,A350-1000,A350,1.0,ods-december-2024-airbus-commercial-aircraft-pke4.xlsx,20241204
delivery,2024-12-06,2024,12,ETHIOPIAN AIRLINES,F,Africa,A350-1000,A350,1.0,ods-december-2024-airbus-commercial-aircraft-pke4.xlsx,20241206
delivery,2024-12-12,2024,12,AIR CARAIBES,E,Europe and CIS,A350-1000,A350,1.0,ods-december-2024-airbus-commercial-aircraft-pke4.xlsx,20241212
delivery,2024-12-31,2024,12,ETHIOPIAN AIRLINES,F,Africa,A350-1000,A350,1.0,ods-december-2024-airbus-commercial-aircraft-pke4.xlsx,20241231
order,2025-06-13,2025,6,LOT POLISH AIRLINES,,Unknown,A220-100,A220,20.0,ods-december-2025-airbus-commercial-aircraft-1712ap.xlsx,20250613
order,2025-06-13,2025,6,LOT POLISH AIRLINES,,Unknown,A220-300,A220,20.0,ods-december-2025-airbus-commercial-aircraft-1712ap.xlsx,20250613
order,2025-12-19,2025,12,UNDISCLOSED,,Unknown,A220-300,A220,9.0,ods-december-2025-airbus-commercial-aircraft-1712ap.xlsx,20251219
order,2025-01-15,2025,1,ABRA GROUP,,Unknown,A320neo,A320 Family,25.0,ods-december-2025-airbus-commercial-aircraft-1712ap.xlsx,20250115
order,2025-03-06,2025,3,UNDISCLOSED,,Unknown,A320neo,A320 Family,13.0,ods-december-2025-airbus-commercial-aircraft-1712ap.xlsx,20250306
order,2025-03-11,2025,3,JACKSON SQUARE AVIATION,,Unknown,A320neo,A320 Family,17.0,ods-december-2025-airbus-commercial-aircraft-1712ap.xlsx,20250311
order,2025-03-28,2025,3,BOC AVIATION,,Unknown,A320neo,A320 Family,15.0,ods-december-2025-airbus-commercial-aircraft-1712ap.xlsx,20250328
order,2025-06-05,2025,6,AVILEASE,,Unknown,A320neo,A320 Family,10.0,ods-december-2025-airbus-commercial-aircraft-1712ap.xlsx,20250605
order,2025-08-12,2025,8,PRIVATE CUSTOMER,,Unknown,A320neo,A320 Family,1.0,ods-december-2025-airbus-commercial-aircraft-1712ap.xlsx,20250812
order,2025-08-21,2025,8,PRIVATE CUSTOMER,,Unknown,A320neo,A320 Family,1.0,ods-december-2025-airbus-commercial-aircraft-1712ap.xlsx,20250821
order,2025-10-14,2025,10,UNDISCLOSED,,Unknown,A320neo,A320 Family,1.0,ods-december-2025-airbus-commercial-aircraft-1712ap.xlsx,20251014
order,2025-10-16,2025,10,UNDISCLOSED,,Unknown,A320neo,A320 Family,2.0,ods-december-2025-airbus-commercial-aircraft-1712ap.xlsx,20251016
order,2025-10-17,2025,10,PRIVATE CUSTOMER,,Unknown,A320neo,A320 Family,1.0,ods-december-2025-airbus-commercial-aircraft-1712ap.xlsx,20251017
order,2025-11-04,2025,11,UNDISCLOSED,,Unknown,A320neo,A320 Family,13.0,ods-december-2025-airbus-commercial-aircraft-1712ap.xlsx,20251104
order,2025-11-14,2025,11,UNDISCLOSED,,Unknown,A320neo,A320 Family,2.0,ods-december-2025-airbus-commercial-aircraft-1712ap.xlsx,20251114
order,2025-11-17,2025,11,PRIVATE CUSTOMER,,Unknown,A320neo,A320 Family,1.0,ods-december-2025-airbus-commercial-aircraft-1712ap.xlsx,20251117
order,2025-12-05,2025,12,UNDISCLOSED,,Unknown,A320neo,A320 Family,2.0,ods-december-2025-airbus-commercial-aircraft-1712ap.xlsx,20251205
order,2025-12-08,2025,12,UNDISCLOSED,,Unknown,A320neo,A320 Family,11.0,ods-december-2025-airbus-commercial-aircraft-1712ap.xlsx,20251208
order,2025-12-30,2025,12,UNDISCLOSED,,Unknown,A320neo,A320 Family,3.0,ods-december-2025-airbus-commercial-aircraft-1712ap.xlsx,20251230
order,2025-12-31,2025,12,CALC,,Unknown,A320neo,A320 Family,30.0,ods-december-2025-airbus-commercial-aircraft-1712ap.xlsx,20251231
order,2025-01-02,2025,1,AMERICAN AIRLINES,,Unknown,A321neo,A320 Family,1.0,ods-december-2025-airbus-commercial-aircraft-1712ap.xlsx,20250102
order,2025-02-07,2025,2,KOREAN AIR,,Unknown,A321neo,A320 Family,6.0,ods-december-2025-airbus-commercial-aircraft-1712ap.xlsx,20250207
order,2025-02-14,2025,2,AEGEAN AIRLINES,,Unknown,A321neo,A320 Family,8.0,ods-december-2025-airbus-commercial-aircraft-1712ap.xlsx,20250214
order,2025-03-06,2025,3,UNDISCLOSED,,Unknown,A321neo,A320 Family,17.0,ods-december-2025-airbus-commercial-aircraft-1712ap.xlsx,20250306
order,2025-03-10,2025,3,UNITED AIRLINES,,Unknown,A321neo,A320 Family,40.0,ods-december-2025-airbus-commercial-aircraft-1712ap.xlsx,20250310
order,2025-03-11,2025,3,JACKSON SQUARE AVIATION,,Unknown,A321neo,A320 Family,33.0,ods-december-2025-airbus-commercial-aircraft-1712ap.xlsx,20250311
order,2025-03-20,2025,3,EVA AIR,,Unknown,A321neo,A320 Family,3.0,ods-december-2025-airbus-commercial-aircraft-1712ap.xlsx,20250320
order,2025-03-28,2025,3,BOC AVIATION,,Unknown,A321neo,A320 Family,55.0,ods-december-2025-airbus-commercial-aircraft-1712ap.xlsx,20250328
order,2025-04-01,2025,4,AMERICAN AIRLINES,,Unknown,A321neo,A320 Family,1.0,ods-december-2025-airbus-commercial-aircraft-1712ap.xlsx,20250401
order,2025-06-05,2025,6,AVILEASE,,Unknown,A321neo,A320 Family,20.0,ods-december-2025-airbus-commercial-aircraft-1712ap.xlsx,20250605
order,2025-06-16,2025,6,ALL NIPPON AIRWAYS,,Unknown,A321neo,A320 Family,27.0,ods-december-2025-airbus-commercial-aircraft-1712ap.xlsx,20250616
order,2025-07-02,2025,7,AMERICAN AIRLINES,,Unknown,A321neo,A320 Family,3.0,ods-december-2025-airbus-commercial-aircraft-1712ap.xlsx,20250702
order,2025-08-12,2025,8,AVOLON,,Unknown,A321neo,A320 Family,75.0,ods-december-2025-airbus-commercial-aircraft-1712ap.xlsx,20250812
order,2025-10-01,2025,10,AMERICAN AIRLINES,,Unknown,A321neo,A320 Family,3.0,ods-december-2025-airbus-commercial-aircraft-1712ap.xlsx,20251001
order,2025-10-07,2025,10,VIETJET AIR,,Unknown,A321neo,A320 Family,100.0,ods-december-2025-airbus-commercial-aircraft-1712ap.xlsx,20251007
order,2025-10-24,2025,10,UNDISCLOSED,,Unknown,A321neo,A320 Family,3.0,ods-december-2025-airbus-commercial-aircraft-1712ap.xlsx,20251024
order,2025-11-04,2025,11,UNDISCLOSED,,Unknown,A321neo,A320 Family,7.0,ods-december-2025-airbus-commercial-aircraft-1712ap.xlsx,20251104
order,2025-12-08,2025,12,UNDISCLOSED,,Unknown,A321neo,A320 Family,24.0,ods-december-2025-airbus-commercial-aircraft-1712ap.xlsx,20251208
order,2025-12-11,2025,12,QANTAS AIRWAYS,,Unknown,A321neo,A320 Family,20.0,ods-december-2025-airbus-commercial-aircraft-1712ap.xlsx,20251211
order,2025-12-12,2025,12,UNDISCLOSED,,Unknown,A321neo,A320 Family,2.0,ods-december-2025-airbus-commercial-aircraft-1712ap.xlsx,20251212
order,2025-12-31,2025,12,AIR CHINA,,Unknown,A321neo,A320 Family,60.0,ods-december-2025-airbus-commercial-aircraft-1712ap.xlsx,20251231
order,2025-12-18,2025,12,AIRBUS DEFENCE AND SPACE,,Unknown,A330-200,A330,2.0,ods-december-2025-airbus-commercial-aircraft-1712ap.xlsx,20251218
order,2025-01-08,2025,1,SAUDIA,,Unknown,A330-900,A330,10.0,ods-december-2025-airbus-commercial-aircraft-1712ap.xlsx,20250108
order,2025-06-19,2025,6,INTERNATIONAL AIRLINES GROUP (IAG),,Unknown,A330-900,A330,21.0,ods-december-2025-airbus-commercial-aircraft-1712ap.xlsx,20250619
order,2025-06-25,2025,6,VIETJET AIR,,Unknown,A330-900,A330,20.0,ods-december-2025-airbus-commercial-aircraft-1712ap.xlsx,20250625
order,2025-06-30,2025,6,MAB LEASING,,Unknown,A330-900,A330,20.0,ods-december-2025-airbus-commercial-aircraft-1712ap.xlsx,20250630
order,2025-07-16,2025,7,CONDOR,,Unknown,A330-900,A330,4.0,ods-december-2025-airbus-commercial-aircraft-1712ap.xlsx,20250716
order,2025-08-12,2025,8,AVOLON,,Unknown,A330-900,A330,15.0,ods-december-2025-airbus-commercial-aircraft-1712ap.xlsx,20250812
order,2025-11-12,2025,11,ETIHAD AIRWAYS,,Unknown,A330-900,A330,6.0,ods-december-2025-airbus-commercial-aircraft-1712ap.xlsx,20251112
order,2025-12-22,2025,12,UNDISCLOSED,,Unknown,A330-900,A330,4.0,ods-december-2025-airbus-commercial-aircraft-1712ap.xlsx,20251222
order,2025-01-08,2025,1,ETIHAD AIRWAYS,,Unknown,A350F,A350,3.0,ods-december-2025-airbus-commercial-aircraft-1712ap.xlsx,20250108
order,2025-01-17,2025,1,STARLUX AIRLINES,,Unknown,A350F,A350,5.0,ods-december-2025-airbus-commercial-aircraft-1712ap.xlsx,20250117
order,2025-06-05,2025,6,AVILEASE,,Unknown,A350F,A350,10.0,ods-december-2025-airbus-commercial-aircraft-1712ap.xlsx,20250605
order,2025-10-02,2025,10,MNG AIRLINES CARGO,,Unknown,A350F,A350,2.0,ods-december-2025-airbus-commercial-aircraft-1712ap.xlsx,20251002
order,2025-11-05,2025,11,SILK WAY WEST AIRLINES,,Unknown,A350F,A350,2.0,ods-december-2025-airbus-commercial-aircraft-1712ap.xlsx,20251105
order,2025-11-17,2025,11,AIR CHINA CARGO,,Unknown,A350F,A350,6.0,ods-december-2025-airbus-commercial-aircraft-1712ap.xlsx,20251117
order,2025-01-10,2025,1,EGYPTAIR,,Unknown,A350-900,A350,6.0,ods-december-2025-airbus-commercial-aircraft-1712ap.xlsx,20250110
order,2025-03-06,2025,3,IBERIA,,Unknown,A350-900,A350,6.0,ods-december-2025-airbus-commercial-aircraft-1712ap.xlsx,20250306
order,2025-09-08,2025,9,PRIVATE CUSTOMER,,Unknown,A350-900,A350,2.0,ods-december-2025-airbus-commercial-aircraft-1712ap.xlsx,20250908
order,2025-09-16,2025,9,EMIRATES,,Unknown,A350-900,A350,8.0,ods-december-2025-airbus-commercial-aircraft-1712ap.xlsx,20250916
order,2025-11-17,2025,11,INDIGO,,Unknown,A350-900,A350,30.0,ods-december-2025-airbus-commercial-aircraft-1712ap.xlsx,20251117
order,2025-12-04,2025,12,ETHIOPIAN AIRLINES,,Unknown,A350-900,A350,6.0,ods-december-2025-airbus-commercial-aircraft-1712ap.xlsx,20251204
order,2025-12-23,2025,12,AIR EUROPA LINEAS AEREAS,,Unknown,A350-900,A350,20.0,ods-december-2025-airbus-commercial-aircraft-1712ap.xlsx,20251223
order,2025-12-23,2025,12,UNDISCLOSED,,Unknown,A350-900,A350,5.0,ods-december-2025-airbus-commercial-aircraft-1712ap.xlsx,20251223
order,2025-01-15,2025,1,LUFTHANSA,,Unknown,A350-1000,A350,5.0,ods-december-2025-airbus-commercial-aircraft-1712ap.xlsx,20250115
order,2025-03-06,2025,3,BRITISH AIRWAYS,,Unknown,A350-1000,A350,6.0,ods-december-2025-airbus-commercial-aircraft-1712ap.xlsx,20250306
order,2025-03-20,2025,3,EVA AIR,,Unknown,A350-1000,A350,6.0,ods-december-2025-airbus-commercial-aircraft-1712ap.xlsx,20250320
order,2025-04-08,2025,4,CHINA AIRLINES,,Unknown,A350-1000,A350,10.0,ods-december-2025-airbus-commercial-aircraft-1712ap.xlsx,20250408
order,2025-06-12,2025,6,RIYADH AIR,,Unknown,A350-1000,A350,25.0,ods-december-2025-airbus-commercial-aircraft-1712ap.xlsx,20250612
order,2025-06-24,2025,6,STARLUX AIRLINES,,Unknown,A350-1000,A350,10.0,ods-december-2025-airbus-commercial-aircraft-1712ap.xlsx,20250624
order,2025-08-22,2025,8,ETIHAD AIRWAYS,,Unknown,A350-1000,A350,7.0,ods-december-2025-airbus-commercial-aircraft-1712ap.xlsx,20250822
order,2025-11-14,2025,11,UNDISCLOSED,,Unknown,A350-1000,A350,8.0,ods-december-2025-airbus-commercial-aircraft-1712ap.xlsx,20251114
order,2025-12-15,2025,12,CHINA AIRLINES,,Unknown,A350-1000,A350,5.0,ods-december-2025-airbus-commercial-aircraft-1712ap.xlsx,20251215
delivery,2025-03-21,2025,3,ITA AIRWAYS,E,Europe and CIS,A220-100,A220,1.0,ods-december-2025-airbus-commercial-aircraft-1712ap.xlsx,20250321
delivery,2025-04-16,2025,4,ITA AIRWAYS,E,Europe and CIS,A220-100,A220,1.0,ods-december-2025-airbus-commercial-aircraft-1712ap.xlsx,20250416
delivery,2025-05-21,2025,5,COMLUX,E,Europe and CIS,A220-100,A220,1.0,ods-december-2025-airbus-commercial-aircraft-1712ap.xlsx,20250521
delivery,2025-09-29,2025,9,AIR LEASE CORPORATION (CROATIA AIRLINES),N,North America,A220-100,A220,1.0,ods-december-2025-airbus-commercial-aircraft-1712ap.xlsx,20250929
delivery,2025-12-19,2025,12,PRIVATE CUSTOMER,,Unknown,A220-100,A220,1.0,ods-december-2025-airbus-commercial-aircraft-1712ap.xlsx,20251219
delivery,2025-01-17,2025,1,JETBLUE AIRWAYS,N,North America,A220-300,A220,1.0,ods-december-2025-airbus-commercial-aircraft-1712ap.xlsx,20250117
delivery,2025-01-29,2025,1,JETBLUE AIRWAYS,N,North America,A220-300,A220,1.0,ods-december-2025-airbus-commercial-aircraft-1712ap.xlsx,20250129
delivery,2025-01-30,2025,1,DELTA AIR LINES,N,North America,A220-300,A220,1.0,ods-december-2025-airbus-commercial-aircraft-1712ap.xlsx,20250130
delivery,2025-02-11,2025,2,AIRBALTIC,E,Europe and CIS,A220-300,A220,1.0,ods-december-2025-airbus-commercial-aircraft-1712ap.xlsx,20250211
delivery,2025-02-13,2025,2,DELTA AIR LINES,N,North America,A220-300,A220,1.0,ods-december-2025-airbus-commercial-aircraft-1712ap.xlsx,20250213
delivery,2025-02-21,2025,2,AIR LEASE CORPORATION (ITA AIRWAYS),N,North America,A220-300,A220,1.0,ods-december-2025-airbus-commercial-aircraft-1712ap.xlsx,20250221
delivery,2025-02-28,2025,2,AIR LEASE CORPORATION (SMARTWINGS CZECHIA),N,North America,A220-300,A220,1.0,ods-december-2025-airbus-commercial-aircraft-1712ap.xlsx,20250228
delivery,2025-03-04,2025,3,BREEZE AIRWAYS,N,North America,A220-300,A220,1.0,ods-december-2025-airbus-commercial-aircraft-1712ap.xlsx,20250304
delivery,2025-03-11,2025,3,AIR LEASE CORPORATION (TAAG ANGOLA AIRLINES),N,North America,A220-300,A220,1.0,ods-december-2025-airbus-commercial-aircraft-1712ap.xlsx,20250311
delivery,2025-03-12,2025,3,AIR LEASE CORPORATION (BULGARIA AIR),N,North America,A220-300,A220,1.0,ods-december-2025-airbus-commercial-aircraft-1712ap.xlsx,20250312
delivery,2025-03-12,2025,3,BREEZE AIRWAYS,N,North America,A220-300,A220,1.0,ods-december-2025-airbus-commercial-aircraft-1712ap.xlsx,20250312
delivery,2025-03-13,2025,3,BREEZE AIRWAYS,N,North America,A220-300,A220,1.0,ods-december-2025-airbus-commercial-aircraft-1712ap.xlsx,20250313
delivery,2025-03-17,2025,3,DELTA AIR LINES,N,North America,A220-300,A220,1.0,ods-december-2025-airbus-commercial-aircraft-1712ap.xlsx,20250317
delivery,2025-03-21,2025,3,JETBLUE AIRWAYS,N,North America,A220-300,A220,1.0,ods-december-2025-airbus-commercial-aircraft-1712ap.xlsx,20250321
delivery,2025-03-24,2025,3,AIR FRANCE,E,Europe and CIS,A220-300,A220,1.0,ods-december-2025-airbus-commercial-aircraft-1712ap.xlsx,20250324
delivery,2025-03-28,2025,3,QANTAS AIRWAYS (NATIONAL JET SYSTEMS),A,Asia-Pacific,A220-300,A220,1.0,ods-december-2025-airbus-commercial-aircraft-1712ap.xlsx,20250328
delivery,2025-04-07,2025,4,AIR FRANCE,E,Europe and CIS,A220-300,A220,1.0,ods-december-2025-airbus-commercial-aircraft-1712ap.xlsx,20250407
delivery,2025-04-17,2025,4,AIR LEASE CORPORATION (SMARTWINGS CZECHIA),N,North America,A220-300,A220,1.0,ods-december-2025-airbus-commercial-aircraft-1712ap.xlsx,20250417
delivery,2025-04-17,2025,4,AZORRA (CYPRUS AIRWAYS),N,North America,A220-300,A220,1.0,ods-december-2025-airbus-commercial-aircraft-1712ap.xlsx,20250417
delivery,2025-04-21,2025,4,DELTA AIR LINES,N,North America,A220-300,A220,1.0,ods-december-2025-airbus-commercial-aircraft-1712ap.xlsx,20250421
delivery,2025-04-22,2025,4,JETBLUE AIRWAYS,N,North America,A220-300,A220,1.0,ods-december-2025-airbus-commercial-aircraft-1712ap.xlsx,20250422
delivery,2025-04-28,2025,4,DELTA AIR LINES,N,North America,A220-300,A220,1.0,ods-december-2025-airbus-commercial-aircraft-1712ap.xlsx,20250428
delivery,2025-05-13,2025,5,AZORRA (CROATIA AIRLINES),N,North America,A220-300,A220,1.0,ods-december-2025-airbus-commercial-aircraft-1712ap.xlsx,20250513
delivery,2025-05-13,2025,5,BREEZE AIRWAYS,N,North America,A220-300,A220,1.0,ods-december-2025-airbus-commercial-aircraft-1712ap.xlsx,20250513
delivery,2025-05-16,2025,5,QANTAS AIRWAYS (NATIONAL JET SYSTEMS),A,Asia-Pacific,A220-300,A220,1.0,ods-december-2025-airbus-commercial-aircraft-1712ap.xlsx,20250516
delivery,2025-05-30,2025,5,BREEZE AIRWAYS,N,North America,A220-300,A220,1.0,ods-december-2025-airbus-commercial-aircraft-1712ap.xlsx,20250530
delivery,2025-06-03,2025,6,AIR FRANCE,E,Europe and CIS,A220-300,A220,1.0,ods-december-2025-airbus-commercial-aircraft-1712ap.xlsx,20250603
delivery,2025-06-04,2025,6,AIR CANADA,N,North America,A220-300,A220,1.0,ods-december-2025-airbus-commercial-aircraft-1712ap.xlsx,20250604
delivery,2025-06-05,2025,6,AIR LEASE CORPORATION (ITA AIRWAYS),N,North America,A220-300,A220,1.0,ods-december-2025-airbus-commercial-aircraft-1712ap.xlsx,20250605
delivery,2025-06-09,2025,6,JETBLUE AIRWAYS,N,North America,A220-300,A220,1.0,ods-december-2025-airbus-commercial-aircraft-1712ap.xlsx,20250609
delivery,2025-06-11,2025,6,BREEZE AIRWAYS,N,North America,A220-300,A220,1.0,ods-december-2025-airbus-commercial-aircraft-1712ap.xlsx,20250611
delivery,2025-06-13,2025,6,AIR CANADA,N,North America,A220-300,A220,1.0,ods-december-2025-airbus-commercial-aircraft-1712ap.xlsx,20250613
delivery,2025-06-20,2025,6,AIR CANADA,N,North America,A220-300,A220,1.0,ods-december-2025-airbus-commercial-aircraft-1712ap.xlsx,20250620
delivery,2025-06-20,2025,6,AIR LEASE CORPORATION (TAAG ANGOLA AIRLINES),N,North America,A220-300,A220,1.0,ods-december-2025-airbus-commercial-aircraft-1712ap.xlsx,20250620
delivery,2025-06-23,2025,6,AIR LEASE CORPORATION (CROATIA AIRLINES),N,North America,A220-300,A220,1.0,ods-december-2025-airbus-commercial-aircraft-1712ap.xlsx,20250623
delivery,2025-06-26,2025,6,AIR LEASE CORPORATION (SMARTWINGS CZECHIA),N,North America,A220-300,A220,1.0,ods-december-2025-airbus-commercial-aircraft-1712ap.xlsx,20250626
delivery,2025-06-26,2025,6,JETBLUE AIRWAYS,N,North America,A220-300,A220,1.0,ods-december-2025-airbus-commercial-aircraft-1712ap.xlsx,20250626
delivery,2025-06-27,2025,6,AIR LEASE CORPORATION (CROATIA AIRLINES),N,North America,A220-300,A220,1.0,ods-december-2025-airbus-commercial-aircraft-1712ap.xlsx,20250627
delivery,2025-07-02,2025,7,JETBLUE AIRWAYS,N,North America,A220-300,A220,1.0,ods-december-2025-airbus-commercial-aircraft-1712ap.xlsx,20250702
delivery,2025-07-15,2025,7,AIR FRANCE,E,Europe and CIS,A220-300,A220,1.0,ods-december-2025-airbus-commercial-aircraft-1712ap.xlsx,20250715
delivery,2025-07-15,2025,7,BREEZE AIRWAYS,N,North America,A220-300,A220,1.0,ods-december-2025-airbus-commercial-aircraft-1712ap.xlsx,20250715
delivery,2025-07-16,2025,7,JETBLUE AIRWAYS,N,North America,A220-300,A220,1.0,ods-december-2025-airbus-commercial-aircraft-1712ap.xlsx,20250716
delivery,2025-07-29,2025,7,JETBLUE AIRWAYS,N,North America,A220-300,A220,1.0,ods-december-2025-airbus-commercial-aircraft-1712ap.xlsx,20250729
delivery,2025-08-11,2025,8,DELTA AIR LINES,N,North America,A220-300,A220,1.0,ods-december-2025-airbus-commercial-aircraft-1712ap.xlsx,20250811
delivery,2025-08-18,2025,8,AIR FRANCE,E,Europe and CIS,A220-300,A220,1.0,ods-december-2025-airbus-commercial-aircraft-1712ap.xlsx,20250818
delivery,2025-08-19,2025,8,BREEZE AIRWAYS,N,North America,A220-300,A220,1.0,ods-december-2025-airbus-commercial-aircraft-1712ap.xlsx,20250819
delivery,2025-08-22,2025,8,AIR LEASE CORPORATION (ITA AIRWAYS),N,North America,A220-300,A220,1.0,ods-december-2025-airbus-commercial-aircraft-1712ap.xlsx,20250822
delivery,2025-08-22,2025,8,JETBLUE AIRWAYS,N,North America,A220-300,A220,1.0,ods-december-2025-airbus-commercial-aircraft-1712ap.xlsx,20250822
delivery,2025-08-29,2025,8,AIR CANADA,N,North America,A220-300,A220,1.0,ods-december-2025-airbus-commercial-aircraft-1712ap.xlsx,20250829
delivery,2025-08-29,2025,8,AZORRA (CROATIA AIRLINES),N,North America,A220-300,A220,1.0,ods-december-2025-airbus-commercial-aircraft-1712ap.xlsx,20250829
delivery,2025-09-09,2025,9,AZORRA (ANIMAWINGS),N,North America,A220-300,A220,1.0,ods-december-2025-airbus-commercial-aircraft-1712ap.xlsx,20250909
delivery,2025-09-09,2025,9,BREEZE AIRWAYS,N,North America,A220-300,A220,1.0,ods-december-2025-airbus-commercial-aircraft-1712ap.xlsx,20250909
delivery,2025-09-11,2025,9,AZORRA (AIR NIUGINI),N,North America,A220-300,A220,1.0,ods-december-2025-airbus-commercial-aircraft-1712ap.xlsx,20250911
delivery,2025-09-12,2025,9,JETBLUE AIRWAYS,N,North America,A220-300,A220,1.0,ods-december-2025-airbus-commercial-aircraft-1712ap.xlsx,20250912
delivery,2025-09-22,2025,9,AIR FRANCE,E,Europe and CIS,A220-300,A220,1.0,ods-december-2025-airbus-commercial-aircraft-1712ap.xlsx,20250922
delivery,2025-09-24,2025,9,AIR CANADA,N,North America,A220-300,A220,1.0,ods-december-2025-airbus-commercial-aircraft-1712ap.xlsx,20250924
delivery,2025-09-25,2025,9,BREEZE AIRWAYS,N,North America,A220-300,A220,1.0,ods-december-2025-airbus-commercial-aircraft-1712ap.xlsx,20250925
delivery,2025-09-25,2025,9,JETBLUE AIRWAYS,N,North America,A220-300,A220,1.0,ods-december-2025-airbus-commercial-aircraft-1712ap.xlsx,20250925
delivery,2025-10-20,2025,10,AIR FRANCE,E,Europe and CIS,A220-300,A220,1.0,ods-december-2025-airbus-commercial-aircraft-1712ap.xlsx,20251020
delivery,2025-10-22,2025,10,DELTA AIR LINES,N,North America,A220-300,A220,1.0,ods-december-2025-airbus-commercial-aircraft-1712ap.xlsx,20251022
delivery,2025-10-22,2025,10,QANTAS AIRWAYS (NATIONAL JET SYSTEMS),A,Asia-Pacific,A220-300,A220,1.0,ods-december-2025-airbus-commercial-aircraft-1712ap.xlsx,20251022
delivery,2025-10-24,2025,10,JETBLUE AIRWAYS,N,North America,A220-300,A220,1.0,ods-december-2025-airbus-commercial-aircraft-1712ap.xlsx,20251024
delivery,2025-11-04,2025,11,AIR FRANCE,E,Europe and CIS,A220-300,A220,1.0,ods-december-2025-airbus-commercial-aircraft-1712ap.xlsx,20251104
delivery,2025-11-04,2025,11,BREEZE AIRWAYS,N,North America,A220-300,A220,1.0,ods-december-2025-airbus-commercial-aircraft-1712ap.xlsx,20251104
delivery,2025-11-07,2025,11,AIR FRANCE,E,Europe and CIS,A220-300,A220,1.0,ods-december-2025-airbus-commercial-aircraft-1712ap.xlsx,20251107
delivery,2025-11-10,2025,11,DELTA AIR LINES,N,North America,A220-300,A220,1.0,ods-december-2025-airbus-commercial-aircraft-1712ap.xlsx,20251110
delivery,2025-11-13,2025,11,AIR CANADA,N,North America,A220-300,A220,1.0,ods-december-2025-airbus-commercial-aircraft-1712ap.xlsx,20251113
delivery,2025-11-14,2025,11,QANTAS AIRWAYS (NATIONAL JET SYSTEMS),A,Asia-Pacific,A220-300,A220,1.0,ods-december-2025-airbus-commercial-aircraft-1712ap.xlsx,20251114
delivery,2025-11-18,2025,11,JETBLUE AIRWAYS,N,North America,A220-300,A220,1.0,ods-december-2025-airbus-commercial-aircraft-1712ap.xlsx,20251118
delivery,2025-11-25,2025,11,AVIATION CAPITAL GROUP (ITA AIRWAYS),N,North America,A220-300,A220,1.0,ods-december-2025-airbus-commercial-aircraft-1712ap.xlsx,20251125
delivery,2025-11-28,2025,11,BREEZE AIRWAYS,N,North America,A220-300,A220,1.0,ods-december-2025-airbus-commercial-aircraft-1712ap.xlsx,20251128
delivery,2025-11-30,2025,11,MACQUARIE AIRFINANCE HOLDINGS (AIRBALTIC),E,Europe and CIS,A220-300,A220,1.0,ods-december-2025-airbus-commercial-aircraft-1712ap.xlsx,20251130
delivery,2025-12-04,2025,12,AIR CANADA,N,North America,A220-300,A220,1.0,ods-december-2025-airbus-commercial-aircraft-1712ap.xlsx,20251204
delivery,2025-12-05,2025,12,AZORRA (AIR NIUGINI),N,North America,A220-300,A220,1.0,ods-december-2025-airbus-commercial-aircraft-1712ap.xlsx,20251205
delivery,2025-12-07,2025,12,AIR LEASE CORPORATION (TAAG ANGOLA AIRLINES),N,North America,A220-300,A220,1.0,ods-december-2025-airbus-commercial-aircraft-1712ap.xlsx,20251207
delivery,2025-12-12,2025,12,AVIATION CAPITAL GROUP (ITA AIRWAYS),N,North America,A220-300,A220,1.0,ods-december-2025-airbus-commercial-aircraft-1712ap.xlsx,20251212
delivery,2025-12-12,2025,12,AZORRA (AIR NIUGINI),N,North America,A220-300,A220,1.0,ods-december-2025-airbus-commercial-aircraft-1712ap.xlsx,20251212
delivery,2025-12-13,2025,12,QANTAS AIRWAYS (NATIONAL JET SYSTEMS),A,Asia-Pacific,A220-300,A220,1.0,ods-december-2025-airbus-commercial-aircraft-1712ap.xlsx,20251213
delivery,2025-12-17,2025,12,JETBLUE AIRWAYS,N,North America,A220-300,A220,1.0,ods-december-2025-airbus-commercial-aircraft-1712ap.xlsx,20251217
delivery,2025-12-18,2025,12,AVIATION CAPITAL GROUP (ITA AIRWAYS),N,North America,A220-300,A220,1.0,ods-december-2025-airbus-commercial-aircraft-1712ap.xlsx,20251218
delivery,2025-12-18,2025,12,QANTAS AIRWAYS (NATIONAL JET SYSTEMS),A,Asia-Pacific,A220-300,A220,1.0,ods-december-2025-airbus-commercial-aircraft-1712ap.xlsx,20251218
delivery,2025-12-19,2025,12,JETBLUE AIRWAYS,N,North America,A220-300,A220,1.0,ods-december-2025-airbus-commercial-aircraft-1712ap.xlsx,20251219
delivery,2025-12-22,2025,12,AIR FRANCE,E,Europe and CIS,A220-300,A220,1.0,ods-december-2025-airbus-commercial-aircraft-1712ap.xlsx,20251222
delivery,2025-12-23,2025,12,BREEZE AIRWAYS,N,North America,A220-300,A220,1.0,ods-december-2025-airbus-commercial-aircraft-1712ap.xlsx,20251223
delivery,2025-12-26,2025,12,AIR FRANCE,E,Europe and CIS,A220-300,A220,1.0,ods-december-2025-airbus-commercial-aircraft-1712ap.xlsx,20251226
delivery,2025-12-29,2025,12,JETBLUE AIRWAYS,N,North America,A220-300,A220,1.0,ods-december-2025-airbus-commercial-aircraft-1712ap.xlsx,20251229
delivery,2025-12-30,2025,12,MACQUARIE FINANCIAL HOLDINGS (AIRBALTIC),A,Asia-Pacific,A220-300,A220,1.0,ods-december-2025-airbus-commercial-aircraft-1712ap.xlsx,20251230
delivery,2025-12-31,2025,12,AVIATION CAPITAL GROUP (ITA AIRWAYS),N,North America,A220-300,A220,1.0,ods-december-2025-airbus-commercial-aircraft-1712ap.xlsx,20251231
delivery,2025-01-14,2025,1,WEST AIR,A,Asia-Pacific,A319neo,A320 Family,1.0,ods-december-2025-airbus-commercial-aircraft-1712ap.xlsx,20250114
delivery,2025-01-23,2025,1,CHINA SOUTHERN AIRLINES,A,Asia-Pacific,A319neo,A320 Family,1.0,ods-december-2025-airbus-commercial-aircraft-1712ap.xlsx,20250123
delivery,2025-02-28,2025,2,TIBET AIRLINES,A,Asia-Pacific,A319neo,A320 Family,1.0,ods-december-2025-airbus-commercial-aircraft-1712ap.xlsx,20250228
delivery,2025-03-28,2025,3,TIBET AIRLINES,A,Asia-Pacific,A319neo,A320 Family,1.0,ods-december-2025-airbus-commercial-aircraft-1712ap.xlsx,20250328
delivery,2025-04-25,2025,4,CHINA SOUTHERN AIRLINES,A,Asia-Pacific,A319neo,A320 Family,1.0,ods-december-2025-airbus-commercial-aircraft-1712ap.xlsx,20250425
delivery,2025-05-30,2025,5,AIR CHINA,A,Asia-Pacific,A319neo,A320 Family,1.0,ods-december-2025-airbus-commercial-aircraft-1712ap.xlsx,20250530
delivery,2025-08-04,2025,8,PRIVATE CUSTOMER (K5-AVIATION),,Unknown,A319neo,A320 Family,1.0,ods-december-2025-airbus-commercial-aircraft-1712ap.xlsx,20250804
delivery,2025-08-14,2025,8,WEST AIR,A,Asia-Pacific,A319neo,A320 Family,1.0,ods-december-2025-airbus-commercial-aircraft-1712ap.xlsx,20250814
delivery,2025-08-22,2025,8,AIR CHINA,A,Asia-Pacific,A319neo,A320 Family,1.0,ods-december-2025-airbus-commercial-aircraft-1712ap.xlsx,20250822
delivery,2025-09-26,2025,9,AIR CHINA,A,Asia-Pacific,A319neo,A320 Family,1.0,ods-december-2025-airbus-commercial-aircraft-1712ap.xlsx,20250926
delivery,2025-10-16,2025,10,AIR CHINA,A,Asia-Pacific,A319neo,A320 Family,1.0,ods-december-2025-airbus-commercial-aircraft-1712ap.xlsx,20251016
delivery,2025-10-27,2025,10,AIR CHINA,A,Asia-Pacific,A319neo,A320 Family,1.0,ods-december-2025-airbus-commercial-aircraft-1712ap.xlsx,20251027
delivery,2025-11-12,2025,11,AIR CHINA,A,Asia-Pacific,A319neo,A320 Family,1.0,ods-december-2025-airbus-commercial-aircraft-1712ap.xlsx,20251112
delivery,2025-12-23,2025,12,TIBET AIRLINES,A,Asia-Pacific,A319neo,A320 Family,2.0,ods-december-2025-airbus-commercial-aircraft-1712ap.xlsx,20251223
delivery,2025-01-14,2025,1,EASYJET,E,Europe and CIS,A320neo,A320 Family,1.0,ods-december-2025-airbus-commercial-aircraft-1712ap.xlsx,20250114
delivery,2025-01-22,2025,1,CHINA EASTERN AIRLINES,A,Asia-Pacific,A320neo,A320 Family,1.0,ods-december-2025-airbus-commercial-aircraft-1712ap.xlsx,20250122
delivery,2025-01-23,2025,1,CHINA SOUTHERN AIRLINES,A,Asia-Pacific,A320neo,A320 Family,1.0,ods-december-2025-airbus-commercial-aircraft-1712ap.xlsx,20250123
delivery,2025-01-24,2025,1,AVOLON (AIR ASTANA),E,Europe and CIS,A320neo,A320 Family,1.0,ods-december-2025-airbus-commercial-aircraft-1712ap.xlsx,20250124
delivery,2025-01-30,2025,1,QANTAS AIRWAYS (JETSTAR AIRWAYS),A,Asia-Pacific,A320neo,A320 Family,1.0,ods-december-2025-airbus-commercial-aircraft-1712ap.xlsx,20250130
delivery,2025-01-31,2025,1,FLYNAS,M,Middle East,A320neo,A320 Family,1.0,ods-december-2025-airbus-commercial-aircraft-1712ap.xlsx,20250131
delivery,2025-01-31,2025,1,MACQUARIE AIRFINANCE HOLDINGS (FLYADEAL),E,Europe and CIS,A320neo,A320 Family,1.0,ods-december-2025-airbus-commercial-aircraft-1712ap.xlsx,20250131
delivery,2025-02-03,2025,2,ACCIPITER (TRANSAVIA FRANCE),E,Europe and CIS,A320neo,A320 Family,1.0,ods-december-2025-airbus-commercial-aircraft-1712ap.xlsx,20250203
delivery,2025-02-03,2025,2,VOLARIS,L,Latin America & Caribbean,A320neo,A320 Family,1.0,ods-december-2025-airbus-commercial-aircraft-1712ap.xlsx,20250203
delivery,2025-02-07,2025,2,ACCIPITER (TRANSAVIA FRANCE),E,Europe and CIS,A320neo,A320 Family,1.0,ods-december-2025-airbus-commercial-aircraft-1712ap.xlsx,20250207
delivery,2025-02-07,2025,2,AEGEAN AIRLINES,E,Europe and CIS,A320neo,A320 Family,1.0,ods-december-2025-airbus-commercial-aircraft-1712ap.xlsx,20250207
delivery,2025-02-12,2025,2,BRITISH AIRWAYS,E,Europe and CIS,A320neo,A320 Family,1.0,ods-december-2025-airbus-commercial-aircraft-1712ap.xlsx,20250212
delivery,2025-02-13,2025,2,CMB FINANCIAL LEASING (HAINAN AIRLINES),A,Asia-Pacific,A320neo,A320 Family,1.0,ods-december-2025-airbus-commercial-aircraft-1712ap.xlsx,20250213
delivery,2025-02-14,2025,2,AERCAP (TRANSAVIA FRANCE),E,Europe and CIS,A320neo,A320 Family,1.0,ods-december-2025-airbus-commercial-aircraft-1712ap.xlsx,20250214
delivery,2025-02-18,2025,2,SWISS,E,Europe and CIS,A320neo,A320 Family,1.0,ods-december-2025-airbus-commercial-aircraft-1712ap.xlsx,20250218
delivery,2025-02-25,2025,2,FLYNAS,M,Middle East,A320neo,A320 Family,1.0,ods-december-2025-airbus-commercial-aircraft-1712ap.xlsx,20250225
delivery,2025-02-26,2025,2,AERCAP (TRANSAVIA FRANCE),E,Europe and CIS,A320neo,A320 Family,1.0,ods-december-2025-airbus-commercial-aircraft-1712ap.xlsx,20250226
delivery,2025-02-27,2025,2,CDB LEASING (COLORFUL GUIZHOU AIRLINES),A,Asia-Pacific,A320neo,A320 Family,1.0,ods-december-2025-airbus-commercial-aircraft-1712ap.xlsx,20250227
delivery,2025-02-28,2025,2,CALC (SICHUAN AIRLINES),A,Asia-Pacific,A320neo,A320 Family,1.0,ods-december-2025-airbus-commercial-aircraft-1712ap.xlsx,20250228
delivery,2025-03-03,2025,3,AVOLON (AIR ASTANA),E,Europe and CIS,A320neo,A320 Family,1.0,ods-december-2025-airbus-commercial-aircraft-1712ap.xlsx,20250303
delivery,2025-03-03,2025,3,BOCOM LEASING (SPRING AIRLINES),A,Asia-Pacific,A320neo,A320 Family,1.0,ods-december-2025-airbus-commercial-aircraft-1712ap.xlsx,20250303
delivery,2025-03-06,2025,3,BOC AVIATION (MY FREIGHTER),A,Asia-Pacific,A320neo,A320 Family,1.0,ods-december-2025-airbus-commercial-aircraft-1712ap.xlsx,20250306
delivery,2025-03-06,2025,3,BOCOM LEASING (SPRING AIRLINES),A,Asia-Pacific,A320neo,A320 Family,1.0,ods-december-2025-airbus-commercial-aircraft-1712ap.xlsx,20250306
delivery,2025-03-06,2025,3,SCOOT,A,Asia-Pacific,A320neo,A320 Family,1.0,ods-december-2025-airbus-commercial-aircraft-1712ap.xlsx,20250306
delivery,2025-03-10,2025,3,AER LINGUS,E,Europe and CIS,A320neo,A320 Family,1.0,ods-december-2025-airbus-commercial-aircraft-1712ap.xlsx,20250310
delivery,2025-03-10,2025,3,AERCAP (SICHUAN AIRLINES),E,Europe and CIS,A320neo,A320 Family,1.0,ods-december-2025-airbus-commercial-aircraft-1712ap.xlsx,20250310
delivery,2025-03-10,2025,3,BOC AVIATION (LATAM AIRLINES GROUP),A,Asia-Pacific,A320neo,A320 Family,1.0,ods-december-2025-airbus-commercial-aircraft-1712ap.xlsx,20250310
delivery,2025-03-11,2025,3,CHINA SOUTHERN AIRLINES,A,Asia-Pacific,A320neo,A320 Family,1.0,ods-december-2025-airbus-commercial-aircraft-1712ap.xlsx,20250311
delivery,2025-03-17,2025,3,CALC (SICHUAN AIRLINES),A,Asia-Pacific,A320neo,A320 Family,1.0,ods-december-2025-airbus-commercial-aircraft-1712ap.xlsx,20250317
delivery,2025-03-18,2025,3,CHINA EXPRESS AIRLINES (HUAXIA AIRLINES),A,Asia-Pacific,A320neo,A320 Family,1.0,ods-december-2025-airbus-commercial-aircraft-1712ap.xlsx,20250318
delivery,2025-03-19,2025,3,SWISS,E,Europe and CIS,A320neo,A320 Family,1.0,ods-december-2025-airbus-commercial-aircraft-1712ap.xlsx,20250319
delivery,2025-03-20,2025,3,CHINA SOUTHERN AIRLINES,A,Asia-Pacific,A320neo,A320 Family,1.0,ods-december-2025-airbus-commercial-aircraft-1712ap.xlsx,20250320
delivery,2025-03-20,2025,3,EASYJET,E,Europe and CIS,A320neo,A320 Family,1.0,ods-december-2025-airbus-commercial-aircraft-1712ap.xlsx,20250320
delivery,2025-03-25,2025,3,LATAM AIRLINES GROUP,L,Latin America & Caribbean,A320neo,A320 Family,1.0,ods-december-2025-airbus-commercial-aircraft-1712ap.xlsx,20250325
delivery,2025-03-26,2025,3,AEGEAN AIRLINES,E,Europe and CIS,A320neo,A320 Family,1.0,ods-december-2025-airbus-commercial-aircraft-1712ap.xlsx,20250326
delivery,2025-03-28,2025,3,BRITISH AIRWAYS,E,Europe and CIS,A320neo,A320 Family,1.0,ods-december-2025-airbus-commercial-aircraft-1712ap.xlsx,20250328
delivery,2025-03-31,2025,3,VOLARIS,L,Latin America & Caribbean,A320neo,A320 Family,1.0,ods-december-2025-airbus-commercial-aircraft-1712ap.xlsx,20250331
delivery,2025-04-02,2025,4,CHINA SOUTHERN AIRLINES,A,Asia-Pacific,A320neo,A320 Family,1.0,ods-december-2025-airbus-commercial-aircraft-1712ap.xlsx,20250402
delivery,2025-04-07,2025,4,BRITISH AIRWAYS,E,Europe and CIS,A320neo,A320 Family,1.0,ods-december-2025-airbus-commercial-aircraft-1712ap.xlsx,20250407
delivery,2025-04-08,2025,4,LUFTHANSA (LUFTHANSA CITYLINE),E,Europe and CIS,A320neo,A320 Family,1.0,ods-december-2025-airbus-commercial-aircraft-1712ap.xlsx,20250408
delivery,2025-04-10,2025,4,EASYJET,E,Europe and CIS,A320neo,A320 Family,1.0,ods-december-2025-airbus-commercial-aircraft-1712ap.xlsx,20250410
delivery,2025-04-11,2025,4,AVOLON (TRANSAVIA FRANCE),E,Europe and CIS,A320neo,A320 Family,1.0,ods-december-2025-airbus-commercial-aircraft-1712ap.xlsx,20250411
delivery,2025-04-14,2025,4,FLYNAS,M,Middle East,A320neo,A320 Family,1.0,ods-december-2025-airbus-commercial-aircraft-1712ap.xlsx,20250414
delivery,2025-04-17,2025,4,BRITISH AIRWAYS,E,Europe and CIS,A320neo,A320 Family,1.0,ods-december-2025-airbus-commercial-aircraft-1712ap.xlsx,20250417
delivery,2025-04-22,2025,4,JETSMART (CHILE),L,Latin America & Caribbean,A320neo,A320 Family,1.0,ods-december-2025-airbus-commercial-aircraft-1712ap.xlsx,20250422
delivery,2025-04-25,2025,4,CHINA SOUTHERN AIRLINES,A,Asia-Pacific,A320neo,A320 Family,1.0,ods-december-2025-airbus-commercial-aircraft-1712ap.xlsx,20250425
delivery,2025-04-28,2025,4,ACCIPITER (TRANSAVIA FRANCE),E,Europe and CIS,A320neo,A320 Family,1.0,ods-december-2025-airbus-commercial-aircraft-1712ap.xlsx,20250428
delivery,2025-04-28,2025,4,AVOLON (ROYAL JORDANIAN),E,Europe and CIS,A320neo,A320 Family,1.0,ods-december-2025-airbus-commercial-aircraft-1712ap.xlsx,20250428
delivery,2025-04-29,2025,4,FLYNAS,M,Middle East,A320neo,A320 Family,1.0,ods-december-2025-airbus-commercial-aircraft-1712ap.xlsx,20250429
delivery,2025-04-29,2025,4,SAS,E,Europe and CIS,A320neo,A320 Family,1.0,ods-december-2025-airbus-commercial-aircraft-1712ap.xlsx,20250429
delivery,2025-04-29,2025,4,SWISS,E,Europe and CIS,A320neo,A320 Family,1.0,ods-december-2025-airbus-commercial-aircraft-1712ap.xlsx,20250429
delivery,2025-04-30,2025,4,CALC (LATAM AIRLINES GROUP),A,Asia-Pacific,A320neo,A320 Family,1.0,ods-december-2025-airbus-commercial-aircraft-1712ap.xlsx,20250430
delivery,2025-05-06,2025,5,LATAM AIRLINES GROUP,L,Latin America & Caribbean,A320neo,A320 Family,1.0,ods-december-2025-airbus-commercial-aircraft-1712ap.xlsx,20250506
delivery,2025-05-15,2025,5,BOC AVIATION (CONDOR),A,Asia-Pacific,A320neo,A320 Family,1.0,ods-december-2025-airbus-commercial-aircraft-1712ap.xlsx,20250515
delivery,2025-05-15,2025,5,CALC (ROYAL JORDANIAN),A,Asia-Pacific,A320neo,A320 Family,1.0,ods-december-2025-airbus-commercial-aircraft-1712ap.xlsx,20250515
delivery,2025-05-15,2025,5,NAS AVIATION SERVICES (TRANSAVIA FRANCE),N,North America,A320neo,A320 Family,1.0,ods-december-2025-airbus-commercial-aircraft-1712ap.xlsx,20250515
delivery,2025-05-27,2025,5,AVOLON (FLYARYSTAN),E,Europe and CIS,A320neo,A320 Family,1.0,ods-december-2025-airbus-commercial-aircraft-1712ap.xlsx,20250527
delivery,2025-05-27,2025,5,AVOLON (ROYAL JORDANIAN),E,Europe and CIS,A320neo,A320 Family,1.0,ods-december-2025-airbus-commercial-aircraft-1712ap.xlsx,20250527
delivery,2025-05-27,2025,5,BOC AVIATION (MY FREIGHTER),A,Asia-Pacific,A320neo,A320 Family,1.0,ods-december-2025-airbus-commercial-aircraft-1712ap.xlsx,20250527
delivery,2025-05-27,2025,5,CHINA EASTERN AIRLINES,A,Asia-Pacific,A320neo,A320 Family,1.0,ods-december-2025-airbus-commercial-aircraft-1712ap.xlsx,20250527
delivery,2025-05-27,2025,5,SAS,E,Europe and CIS,A320neo,A320 Family,1.0,ods-december-2025-airbus-commercial-aircraft-1712ap.xlsx,20250527
delivery,2025-05-28,2025,5,CHENGDU AIRLINES,A,Asia-Pacific,A320neo,A320 Family,1.0,ods-december-2025-airbus-commercial-aircraft-1712ap.xlsx,20250528
delivery,2025-05-29,2025,5,BOCOM LEASING (SPRING AIRLINES),A,Asia-Pacific,A320neo,A320 Family,1.0,ods-december-2025-airbus-commercial-aircraft-1712ap.xlsx,20250529
delivery,2025-06-06,2025,6,CALC (LATAM AIRLINES GROUP),A,Asia-Pacific,A320neo,A320 Family,1.0,ods-december-2025-airbus-commercial-aircraft-1712ap.xlsx,20250606
delivery,2025-06-09,2025,6,CHINA EASTERN AIRLINES,A,Asia-Pacific,A320neo,A320 Family,1.0,ods-december-2025-airbus-commercial-aircraft-1712ap.xlsx,20250609
delivery,2025-06-10,2025,6,FLYNAS,M,Middle East,A320neo,A320 Family,1.0,ods-december-2025-airbus-commercial-aircraft-1712ap.xlsx,20250610
delivery,2025-06-10,2025,6,VOLARIS,L,Latin America & Caribbean,A320neo,A320 Family,1.0,ods-december-2025-airbus-commercial-aircraft-1712ap.xlsx,20250610
delivery,2025-06-12,2025,6,JETSMART (CHILE),L,Latin America & Caribbean,A320neo,A320 Family,2.0,ods-december-2025-airbus-commercial-aircraft-1712ap.xlsx,20250612
delivery,2025-06-13,2025,6,BOCOM LEASING (SPRING AIRLINES),A,Asia-Pacific,A320neo,A320 Family,1.0,ods-december-2025-airbus-commercial-aircraft-1712ap.xlsx,20250613
delivery,2025-06-13,2025,6,LUFTHANSA (LUFTHANSA CITY AIRLINES),E,Europe and CIS,A320neo,A320 Family,1.0,ods-december-2025-airbus-commercial-aircraft-1712ap.xlsx,20250613
delivery,2025-06-13,2025,6,TRANSAVIA FRANCE,E,Europe and CIS,A320neo,A320 Family,1.0,ods-december-2025-airbus-commercial-aircraft-1712ap.xlsx,20250613
delivery,2025-06-16,2025,6,JETSMART (CHILE),L,Latin America & Caribbean,A320neo,A320 Family,1.0,ods-december-2025-airbus-commercial-aircraft-1712ap.xlsx,20250616
delivery,2025-06-17,2025,6,ACCIPITER (LATAM AIRLINES GROUP),E,Europe and CIS,A320neo,A320 Family,1.0,ods-december-2025-airbus-commercial-aircraft-1712ap.xlsx,20250617
delivery,2025-06-18,2025,6,AVOLON (ROYAL JORDANIAN),E,Europe and CIS,A320neo,A320 Family,1.0,ods-december-2025-airbus-commercial-aircraft-1712ap.xlsx,20250618
delivery,2025-06-18,2025,6,ICBC LEASING (TIGERAIR TAIWAN),A,Asia-Pacific,A320neo,A320 Family,1.0,ods-december-2025-airbus-commercial-aircraft-1712ap.xlsx,20250618
delivery,2025-06-19,2025,6,QANTAS AIRWAYS (JETSTAR AIRWAYS),A,Asia-Pacific,A320neo,A320 Family,1.0,ods-december-2025-airbus-commercial-aircraft-1712ap.xlsx,20250619
delivery,2025-06-20,2025,6,MACQUARIE AIRFINANCE HOLDINGS (FLYADEAL),E,Europe and CIS,A320neo,A320 Family,1.0,ods-december-2025-airbus-commercial-aircraft-1712ap.xlsx,20250620
delivery,2025-06-21,2025,6,LATAM AIRLINES GROUP,L,Latin America & Caribbean,A320neo,A320 Family,1.0,ods-december-2025-airbus-commercial-aircraft-1712ap.xlsx,20250621
delivery,2025-06-23,2025,6,CHINA EASTERN AIRLINES,A,Asia-Pacific,A320neo,A320 Family,1.0,ods-december-2025-airbus-commercial-aircraft-1712ap.xlsx,20250623
delivery,2025-06-25,2025,6,NAS AVIATION SERVICES (TRANSAVIA FRANCE),N,North America,A320neo,A320 Family,1.0,ods-december-2025-airbus-commercial-aircraft-1712ap.xlsx,20250625
delivery,2025-06-26,2025,6,SMBC AVIATION CAPITAL (SKY EXPRESS (GREECE)),E,Europe and CIS,A320neo,A320 Family,1.0,ods-december-2025-airbus-commercial-aircraft-1712ap.xlsx,20250626
delivery,2025-06-27,2025,6,MACQUARIE AIRFINANCE HOLDINGS (SAS),E,Europe and CIS,A320neo,A320 Family,1.0,ods-december-2025-airbus-commercial-aircraft-1712ap.xlsx,20250627
delivery,2025-07-03,2025,7,QANTAS AIRWAYS (JETSTAR AIRWAYS),A,Asia-Pacific,A320neo,A320 Family,1.0,ods-december-2025-airbus-commercial-aircraft-1712ap.xlsx,20250703
delivery,2025-07-07,2025,7,VOLARIS,L,Latin America & Caribbean,A320neo,A320 Family,1.0,ods-december-2025-airbus-commercial-aircraft-1712ap.xlsx,20250707
delivery,2025-07-09,2025,7,GULF AIR,M,Middle East,A320neo,A320 Family,1.0,ods-december-2025-airbus-commercial-aircraft-1712ap.xlsx,20250709
delivery,2025-07-10,2025,7,SMBC AVIATION CAPITAL (ROYAL JORDANIAN),E,Europe and CIS,A320neo,A320 Family,1.0,ods-december-2025-airbus-commercial-aircraft-1712ap.xlsx,20250710
delivery,2025-07-10,2025,7,VOLARIS,L,Latin America & Caribbean,A320neo,A320 Family,1.0,ods-december-2025-airbus-commercial-aircraft-1712ap.xlsx,20250710
delivery,2025-07-11,2025,7,AVOLON (ROYAL JORDANIAN),E,Europe and CIS,A320neo,A320 Family,1.0,ods-december-2025-airbus-commercial-aircraft-1712ap.xlsx,20250711
delivery,2025-07-14,2025,7,CHINA EXPRESS AIRLINES (HUAXIA AIRLINES),A,Asia-Pacific,A320neo,A320 Family,1.0,ods-december-2025-airbus-commercial-aircraft-1712ap.xlsx,20250714
delivery,2025-07-14,2025,7,CHINA SOUTHERN AIRLINES,A,Asia-Pacific,A320neo,A320 Family,1.0,ods-december-2025-airbus-commercial-aircraft-1712ap.xlsx,20250714
delivery,2025-07-15,2025,7,CHINA SOUTHERN AIRLINES,A,Asia-Pacific,A320neo,A320 Family,1.0,ods-december-2025-airbus-commercial-aircraft-1712ap.xlsx,20250715
delivery,2025-07-16,2025,7,CHINA SOUTHERN AIRLINES,A,Asia-Pacific,A320neo,A320 Family,1.0,ods-december-2025-airbus-commercial-aircraft-1712ap.xlsx,20250716
delivery,2025-07-16,2025,7,MACQUARIE AIRFINANCE HOLDINGS (FLYADEAL),E,Europe and CIS,A320neo,A320 Family,1.0,ods-december-2025-airbus-commercial-aircraft-1712ap.xlsx,20250716
delivery,2025-07-22,2025,7,ANA HOLDINGS (PEACH),A,Asia-Pacific,A320neo,A320 Family,1.0,ods-december-2025-airbus-commercial-aircraft-1712ap.xlsx,20250722
delivery,2025-07-22,2025,7,SCOOT,A,Asia-Pacific,A320neo,A320 Family,1.0,ods-december-2025-airbus-commercial-aircraft-1712ap.xlsx,20250722
delivery,2025-07-23,2025,7,ICBC LEASING (TIGERAIR TAIWAN),A,Asia-Pacific,A320neo,A320 Family,1.0,ods-december-2025-airbus-commercial-aircraft-1712ap.xlsx,20250723
delivery,2025-07-23,2025,7,SMBC AVIATION CAPITAL (STARFLYER),E,Europe and CIS,A320neo,A320 Family,1.0,ods-december-2025-airbus-commercial-aircraft-1712ap.xlsx,20250723
delivery,2025-07-25,2025,7,SHENZHEN AIRLINES,A,Asia-Pacific,A320neo,A320 Family,1.0,ods-december-2025-airbus-commercial-aircraft-1712ap.xlsx,20250725
delivery,2025-07-29,2025,7,LUFTHANSA (LUFTHANSA CITY AIRLINES),E,Europe and CIS,A320neo,A320 Family,1.0,ods-december-2025-airbus-commercial-aircraft-1712ap.xlsx,20250729
delivery,2025-07-31,2025,7,AER LINGUS,E,Europe and CIS,A320neo,A320 Family,1.0,ods-december-2025-airbus-commercial-aircraft-1712ap.xlsx,20250731
delivery,2025-07-31,2025,7,BOCOM LEASING (SPRING AIRLINES),A,Asia-Pacific,A320neo,A320 Family,1.0,ods-december-2025-airbus-commercial-aircraft-1712ap.xlsx,20250731
delivery,2025-08-01,2025,8,SMBC AVIATION CAPITAL (ROYAL JORDANIAN),E,Europe and CIS,A320neo,A320 Family,1.0,ods-december-2025-airbus-commercial-aircraft-1712ap.xlsx,20250801
delivery,2025-08-07,2025,8,MACQUARIE AIRFINANCE HOLDINGS (SAS),E,Europe and CIS,A320neo,A320 Family,1.0,ods-december-2025-airbus-commercial-aircraft-1712ap.xlsx,20250807
delivery,2025-08-08,2025,8,SCOOT,A,Asia-Pacific,A320neo,A320 Family,1.0,ods-december-2025-airbus-commercial-aircraft-1712ap.xlsx,20250808
delivery,2025-08-13,2025,8,AVOLON (ROYAL JORDANIAN),E,Europe and CIS,A320neo,A320 Family,1.0,ods-december-2025-airbus-commercial-aircraft-1712ap.xlsx,20250813
delivery,2025-08-14,2025,8,CHINA SOUTHERN AIRLINES,A,Asia-Pacific,A320neo,A320 Family,1.0,ods-december-2025-airbus-commercial-aircraft-1712ap.xlsx,20250814
delivery,2025-08-20,2025,8,FLYNAS,M,Middle East,A320neo,A320 Family,1.0,ods-december-2025-airbus-commercial-aircraft-1712ap.xlsx,20250820
delivery,2025-08-22,2025,8,AVOLON (FLYARYSTAN),E,Europe and CIS,A320neo,A320 Family,1.0,ods-december-2025-airbus-commercial-aircraft-1712ap.xlsx,20250822
delivery,2025-08-22,2025,8,SMBC AVIATION CAPITAL (ROYAL JORDANIAN),E,Europe and CIS,A320neo,A320 Family,1.0,ods-december-2025-airbus-commercial-aircraft-1712ap.xlsx,20250822
delivery,2025-08-29,2025,8,CALC (LATAM AIRLINES GROUP),A,Asia-Pacific,A320neo,A320 Family,1.0,ods-december-2025-airbus-commercial-aircraft-1712ap.xlsx,20250829
delivery,2025-08-29,2025,8,CHINA SOUTHERN AIRLINES,A,Asia-Pacific,A320neo,A320 Family,1.0,ods-december-2025-airbus-commercial-aircraft-1712ap.xlsx,20250829
delivery,2025-08-29,2025,8,TRANSAVIA FRANCE,E,Europe and CIS,A320neo,A320 Family,1.0,ods-december-2025-airbus-commercial-aircraft-1712ap.xlsx,20250829
delivery,2025-08-30,2025,8,PEACH,A,Asia-Pacific,A320neo,A320 Family,1.0,ods-december-2025-airbus-commercial-aircraft-1712ap.xlsx,20250830
delivery,2025-09-02,2025,9,SHENZHEN AIRLINES,A,Asia-Pacific,A320neo,A320 Family,1.0,ods-december-2025-airbus-commercial-aircraft-1712ap.xlsx,20250902
delivery,2025-09-09,2025,9,ICBC LEASING (LOONG AIR),A,Asia-Pacific,A320neo,A320 Family,1.0,ods-december-2025-airbus-commercial-aircraft-1712ap.xlsx,20250909
delivery,2025-09-11,2025,9,AVOLON (JETSMART (CHILE)),E,Europe and CIS,A320neo,A320 Family,1.0,ods-december-2025-airbus-commercial-aircraft-1712ap.xlsx,20250911
delivery,2025-09-11,2025,9,CDB LEASING (AZERBAIJAN AIRLINES),A,Asia-Pacific,A320neo,A320 Family,1.0,ods-december-2025-airbus-commercial-aircraft-1712ap.xlsx,20250911
delivery,2025-09-12,2025,9,TAP AIR PORTUGAL,E,Europe and CIS,A320neo,A320 Family,1.0,ods-december-2025-airbus-commercial-aircraft-1712ap.xlsx,20250912
delivery,2025-09-16,2025,9,BRITISH AIRWAYS,E,Europe and CIS,A320neo,A320 Family,1.0,ods-december-2025-airbus-commercial-aircraft-1712ap.xlsx,20250916
delivery,2025-09-18,2025,9,BOC AVIATION (CONDOR),A,Asia-Pacific,A320neo,A320 Family,1.0,ods-december-2025-airbus-commercial-aircraft-1712ap.xlsx,20250918
delivery,2025-09-23,2025,9,SHENZHEN AIRLINES,A,Asia-Pacific,A320neo,A320 Family,1.0,ods-december-2025-airbus-commercial-aircraft-1712ap.xlsx,20250923
delivery,2025-09-24,2025,9,BRITISH AIRWAYS,E,Europe and CIS,A320neo,A320 Family,1.0,ods-december-2025-airbus-commercial-aircraft-1712ap.xlsx,20250924
delivery,2025-09-25,2025,9,AIR ARABIA,M,Middle East,A320neo,A320 Family,1.0,ods-december-2025-airbus-commercial-aircraft-1712ap.xlsx,20250925
delivery,2025-09-25,2025,9,CHINA SOUTHERN AIRLINES,A,Asia-Pacific,A320neo,A320 Family,1.0,ods-december-2025-airbus-commercial-aircraft-1712ap.xlsx,20250925
delivery,2025-09-26,2025,9,BOC AVIATION (GULF AIR),A,Asia-Pacific,A320neo,A320 Family,1.0,ods-december-2025-airbus-commercial-aircraft-1712ap.xlsx,20250926
delivery,2025-09-26,2025,9,CALC (SICHUAN AIRLINES),A,Asia-Pacific,A320neo,A320 Family,1.0,ods-december-2025-airbus-commercial-aircraft-1712ap.xlsx,20250926
delivery,2025-09-26,2025,9,SAUDIA (FLYADEAL),M,Middle East,A320neo,A320 Family,1.0,ods-december-2025-airbus-commercial-aircraft-1712ap.xlsx,20250926
delivery,2025-09-26,2025,9,SMBC AVIATION CAPITAL (SKY EXPRESS (GREECE)),E,Europe and CIS,A320neo,A320 Family,1.0,ods-december-2025-airbus-commercial-aircraft-1712ap.xlsx,20250926
delivery,2025-09-29,2025,9,FLYNAS,M,Middle East,A320neo,A320 Family,1.0,ods-december-2025-airbus-commercial-aircraft-1712ap.xlsx,20250929
delivery,2025-09-30,2025,9,MACQUARIE AIRFINANCE HOLDINGS (SAS),E,Europe and CIS,A320neo,A320 Family,1.0,ods-december-2025-airbus-commercial-aircraft-1712ap.xlsx,20250930
delivery,2025-09-30,2025,9,SAUDIA (FLYADEAL),M,Middle East,A320neo,A320 Family,1.0,ods-december-2025-airbus-commercial-aircraft-1712ap.xlsx,20250930
delivery,2025-10-02,2025,10,AIR ARABIA,M,Middle East,A320neo,A320 Family,1.0,ods-december-2025-airbus-commercial-aircraft-1712ap.xlsx,20251002
delivery,2025-10-03,2025,10,AVOLON (TRANSAVIA FRANCE),E,Europe and CIS,A320neo,A320 Family,1.0,ods-december-2025-airbus-commercial-aircraft-1712ap.xlsx,20251003
delivery,2025-10-03,2025,10,SCOOT,A,Asia-Pacific,A320neo,A320 Family,1.0,ods-december-2025-airbus-commercial-aircraft-1712ap.xlsx,20251003
delivery,2025-10-08,2025,10,CALC (ROYAL JORDANIAN),A,Asia-Pacific,A320neo,A320 Family,1.0,ods-december-2025-airbus-commercial-aircraft-1712ap.xlsx,20251008
delivery,2025-10-09,2025,10,CDB LEASING (AZERBAIJAN AIRLINES),A,Asia-Pacific,A320neo,A320 Family,1.0,ods-december-2025-airbus-commercial-aircraft-1712ap.xlsx,20251009
delivery,2025-10-09,2025,10,LATAM AIRLINES GROUP,L,Latin America & Caribbean,A320neo,A320 Family,1.0,ods-december-2025-airbus-commercial-aircraft-1712ap.xlsx,20251009
delivery,2025-10-14,2025,10,CHINA SOUTHERN AIRLINES,A,Asia-Pacific,A320neo,A320 Family,1.0,ods-december-2025-airbus-commercial-aircraft-1712ap.xlsx,20251014
delivery,2025-10-14,2025,10,INDIGO,A,Asia-Pacific,A320neo,A320 Family,1.0,ods-december-2025-airbus-commercial-aircraft-1712ap.xlsx,20251014
delivery,2025-10-16,2025,10,SCOOT,A,Asia-Pacific,A320neo,A320 Family,1.0,ods-december-2025-airbus-commercial-aircraft-1712ap.xlsx,20251016
delivery,2025-10-20,2025,10,BRITISH AIRWAYS,E,Europe and CIS,A320neo,A320 Family,1.0,ods-december-2025-airbus-commercial-aircraft-1712ap.xlsx,20251020
delivery,2025-10-22,2025,10,FRONTIER AIRLINES,N,North America,A320neo,A320 Family,1.0,ods-december-2025-airbus-commercial-aircraft-1712ap.xlsx,20251022
delivery,2025-10-23,2025,10,INDIGO,A,Asia-Pacific,A320neo,A320 Family,1.0,ods-december-2025-airbus-commercial-aircraft-1712ap.xlsx,20251023
delivery,2025-10-24,2025,10,CALC (SICHUAN AIRLINES),A,Asia-Pacific,A320neo,A320 Family,1.0,ods-december-2025-airbus-commercial-aircraft-1712ap.xlsx,20251024
delivery,2025-10-25,2025,10,AIR ARABIA,M,Middle East,A320neo,A320 Family,1.0,ods-december-2025-airbus-commercial-aircraft-1712ap.xlsx,20251025
delivery,2025-10-27,2025,10,CHINA EASTERN AIRLINES,A,Asia-Pacific,A320neo,A320 Family,1.0,ods-december-2025-airbus-commercial-aircraft-1712ap.xlsx,20251027
delivery,2025-10-27,2025,10,FRONTIER AIRLINES,N,North America,A320neo,A320 Family,1.0,ods-december-2025-airbus-commercial-aircraft-1712ap.xlsx,20251027
delivery,2025-10-27,2025,10,XIAMEN AIRLINES,A,Asia-Pacific,A320neo,A320 Family,1.0,ods-december-2025-airbus-commercial-aircraft-1712ap.xlsx,20251027
delivery,2025-10-28,2025,10,SAUDIA (FLYADEAL),M,Middle East,A320neo,A320 Family,1.0,ods-december-2025-airbus-commercial-aircraft-1712ap.xlsx,20251028
delivery,2025-10-29,2025,10,AVIANCA,L,Latin America & Caribbean,A320neo,A320 Family,1.0,ods-december-2025-airbus-commercial-aircraft-1712ap.xlsx,20251029
delivery,2025-10-29,2025,10,VOLARIS,L,Latin America & Caribbean,A320neo,A320 Family,1.0,ods-december-2025-airbus-commercial-aircraft-1712ap.xlsx,20251029
delivery,2025-10-30,2025,10,FRONTIER AIRLINES,N,North America,A320neo,A320 Family,1.0,ods-december-2025-airbus-commercial-aircraft-1712ap.xlsx,20251030
delivery,2025-10-30,2025,10,LUFTHANSA (LUFTHANSA CITY AIRLINES),E,Europe and CIS,A320neo,A320 Family,1.0,ods-december-2025-airbus-commercial-aircraft-1712ap.xlsx,20251030
delivery,2025-10-31,2025,10,AIR ARABIA,M,Middle East,A320neo,A320 Family,1.0,ods-december-2025-airbus-commercial-aircraft-1712ap.xlsx,20251031
delivery,2025-10-31,2025,10,AVOLON (TRANSAVIA FRANCE),E,Europe and CIS,A320neo,A320 Family,1.0,ods-december-2025-airbus-commercial-aircraft-1712ap.xlsx,20251031
delivery,2025-10-31,2025,10,LUFTHANSA (LUFTHANSA CITY AIRLINES),E,Europe and CIS,A320neo,A320 Family,1.0,ods-december-2025-airbus-commercial-aircraft-1712ap.xlsx,20251031
delivery,2025-11-06,2025,11,CEBU PACIFIC,A,Asia-Pacific,A320neo,A320 Family,1.0,ods-december-2025-airbus-commercial-aircraft-1712ap.xlsx,20251106
delivery,2025-11-06,2025,11,INDIGO,A,Asia-Pacific,A320neo,A320 Family,1.0,ods-december-2025-airbus-commercial-aircraft-1712ap.xlsx,20251106
delivery,2025-11-12,2025,11,FRONTIER AIRLINES,N,North America,A320neo,A320 Family,1.0,ods-december-2025-airbus-commercial-aircraft-1712ap.xlsx,20251112
delivery,2025-11-14,2025,11,BOCOM LEASING (CHINA SOUTHERN AIRLINES),A,Asia-Pacific,A320neo,A320 Family,1.0,ods-december-2025-airbus-commercial-aircraft-1712ap.xlsx,20251114
delivery,2025-11-17,2025,11,ACCIPITER (LATAM AIRLINES GROUP),E,Europe and CIS,A320neo,A320 Family,1.0,ods-december-2025-airbus-commercial-aircraft-1712ap.xlsx,20251117
delivery,2025-11-19,2025,11,AVIANCA,L,Latin America & Caribbean,A320neo,A320 Family,1.0,ods-december-2025-airbus-commercial-aircraft-1712ap.xlsx,20251119
delivery,2025-11-21,2025,11,AIR ARABIA,M,Middle East,A320neo,A320 Family,1.0,ods-december-2025-airbus-commercial-aircraft-1712ap.xlsx,20251121
delivery,2025-11-21,2025,11,CALC (CHINA SOUTHERN AIRLINES),A,Asia-Pacific,A320neo,A320 Family,1.0,ods-december-2025-airbus-commercial-aircraft-1712ap.xlsx,20251121
delivery,2025-11-24,2025,11,AVOLON (HAINAN AIRLINES),E,Europe and CIS,A320neo,A320 Family,1.0,ods-december-2025-airbus-commercial-aircraft-1712ap.xlsx,20251124
delivery,2025-11-24,2025,11,BOCOM LEASING (CHINA SOUTHERN AIRLINES),A,Asia-Pacific,A320neo,A320 Family,1.0,ods-december-2025-airbus-commercial-aircraft-1712ap.xlsx,20251124
delivery,2025-11-24,2025,11,LUFTHANSA (LUFTHANSA CITY AIRLINES),E,Europe and CIS,A320neo,A320 Family,1.0,ods-december-2025-airbus-commercial-aircraft-1712ap.xlsx,20251124
delivery,2025-11-25,2025,11,ALL NIPPON AIRWAYS (PEACH),A,Asia-Pacific,A320neo,A320 Family,1.0,ods-december-2025-airbus-commercial-aircraft-1712ap.xlsx,20251125
delivery,2025-11-25,2025,11,CHINA SOUTHERN AIRLINES,A,Asia-Pacific,A320neo,A320 Family,1.0,ods-december-2025-airbus-commercial-aircraft-1712ap.xlsx,20251125
delivery,2025-11-25,2025,11,FRONTIER AIRLINES,N,North America,A320neo,A320 Family,1.0,ods-december-2025-airbus-commercial-aircraft-1712ap.xlsx,20251125
delivery,2025-11-25,2025,11,VOLARIS,L,Latin America & Caribbean,A320neo,A320 Family,1.0,ods-december-2025-airbus-commercial-aircraft-1712ap.xlsx,20251125
delivery,2025-11-26,2025,11,SHENZHEN AIRLINES,A,Asia-Pacific,A320neo,A320 Family,1.0,ods-december-2025-airbus-commercial-aircraft-1712ap.xlsx,20251126
delivery,2025-11-28,2025,11,ACCIPITER (LATAM AIRLINES GROUP),E,Europe and CIS,A320neo,A320 Family,1.0,ods-december-2025-airbus-commercial-aircraft-1712ap.xlsx,20251128
delivery,2025-11-29,2025,11,XIAMEN AIRLINES,A,Asia-Pacific,A320neo,A320 Family,1.0,ods-december-2025-airbus-commercial-aircraft-1712ap.xlsx,20251129
delivery,2025-12-01,2025,12,CEBU PACIFIC,A,Asia-Pacific,A320neo,A320 Family,1.0,ods-december-2025-airbus-commercial-aircraft-1712ap.xlsx,20251201
delivery,2025-12-01,2025,12,CHINA SOUTHERN AIRLINES,A,Asia-Pacific,A320neo,A320 Family,1.0,ods-december-2025-airbus-commercial-aircraft-1712ap.xlsx,20251201
delivery,2025-12-04,2025,12,INDIGO,A,Asia-Pacific,A320neo,A320 Family,1.0,ods-december-2025-airbus-commercial-aircraft-1712ap.xlsx,20251204
delivery,2025-12-04,2025,12,LUFTHANSA (BRUSSELS AIRLINES),E,Europe and CIS,A320neo,A320 Family,1.0,ods-december-2025-airbus-commercial-aircraft-1712ap.xlsx,20251204
delivery,2025-12-08,2025,12,ALL NIPPON AIRWAYS (PEACH),A,Asia-Pacific,A320neo,A320 Family,1.0,ods-december-2025-airbus-commercial-aircraft-1712ap.xlsx,20251208
delivery,2025-12-09,2025,12,CALC (AIR TRAVEL),A,Asia-Pacific,A320neo,A320 Family,1.0,ods-december-2025-airbus-commercial-aircraft-1712ap.xlsx,20251209
delivery,2025-12-09,2025,12,CALC (CHINA SOUTHERN AIRLINES),A,Asia-Pacific,A320neo,A320 Family,1.0,ods-december-2025-airbus-commercial-aircraft-1712ap.xlsx,20251209
delivery,2025-12-09,2025,12,VOLARIS,L,Latin America & Caribbean,A320neo,A320 Family,1.0,ods-december-2025-airbus-commercial-aircraft-1712ap.xlsx,20251209
delivery,2025-12-12,2025,12,INDIGO,A,Asia-Pacific,A320neo,A320 Family,1.0,ods-december-2025-airbus-commercial-aircraft-1712ap.xlsx,20251212
delivery,2025-12-16,2025,12,WEST AIR,A,Asia-Pacific,A320neo,A320 Family,1.0,ods-december-2025-airbus-commercial-aircraft-1712ap.xlsx,20251216
delivery,2025-12-17,2025,12,AERCAP (SICHUAN AIRLINES),E,Europe and CIS,A320neo,A320 Family,1.0,ods-december-2025-airbus-commercial-aircraft-1712ap.xlsx,20251217
delivery,2025-12-17,2025,12,INDIGO,A,Asia-Pacific,A320neo,A320 Family,1.0,ods-december-2025-airbus-commercial-aircraft-1712ap.xlsx,20251217
delivery,2025-12-17,2025,12,PRIVATE CUSTOMER,,Unknown,A320neo,A320 Family,1.0,ods-december-2025-airbus-commercial-aircraft-1712ap.xlsx,20251217
delivery,2025-12-17,2025,12,SMBC AVIATION CAPITAL (STARFLYER),E,Europe and CIS,A320neo,A320 Family,1.0,ods-december-2025-airbus-commercial-aircraft-1712ap.xlsx,20251217
delivery,2025-12-18,2025,12,ICBC LEASING (LOONG AIR),A,Asia-Pacific,A320neo,A320 Family,1.0,ods-december-2025-airbus-commercial-aircraft-1712ap.xlsx,20251218
delivery,2025-12-19,2025,12,AVIANCA,L,Latin America & Caribbean,A320neo,A320 Family,1.0,ods-december-2025-airbus-commercial-aircraft-1712ap.xlsx,20251219
delivery,2025-12-19,2025,12,AVOLON (TRANSAVIA FRANCE),E,Europe and CIS,A320neo,A320 Family,1.0,ods-december-2025-airbus-commercial-aircraft-1712ap.xlsx,20251219
delivery,2025-12-19,2025,12,AVOLON (CONDOR),E,Europe and CIS,A320neo,A320 Family,1.0,ods-december-2025-airbus-commercial-aircraft-1712ap.xlsx,20251219
delivery,2025-12-19,2025,12,CDB LEASING (COLORFUL GUIZHOU AIRLINES),A,Asia-Pacific,A320neo,A320 Family,1.0,ods-december-2025-airbus-commercial-aircraft-1712ap.xlsx,20251219
delivery,2025-12-22,2025,12,FRONTIER AIRLINES,N,North America,A320neo,A320 Family,2.0,ods-december-2025-airbus-commercial-aircraft-1712ap.xlsx,20251222
delivery,2025-12-22,2025,12,SAUDIA (FLYADEAL),M,Middle East,A320neo,A320 Family,1.0,ods-december-2025-airbus-commercial-aircraft-1712ap.xlsx,20251222
delivery,2025-12-23,2025,12,INDIGO,A,Asia-Pacific,A320neo,A320 Family,1.0,ods-december-2025-airbus-commercial-aircraft-1712ap.xlsx,20251223
delivery,2025-12-26,2025,12,AERCAP (HAINAN AIRLINES),E,Europe and CIS,A320neo,A320 Family,1.0,ods-december-2025-airbus-commercial-aircraft-1712ap.xlsx,20251226
delivery,2025-12-26,2025,12,FLYNAS,M,Middle East,A320neo,A320 Family,1.0,ods-december-2025-airbus-commercial-aircraft-1712ap.xlsx,20251226
delivery,2025-12-29,2025,12,CALC (CHINA SOUTHERN AIRLINES),A,Asia-Pacific,A320neo,A320 Family,1.0,ods-december-2025-airbus-commercial-aircraft-1712ap.xlsx,20251229
delivery,2025-12-29,2025,12,PRIVATE CUSTOMER,,Unknown,A320neo,A320 Family,1.0,ods-december-2025-airbus-commercial-aircraft-1712ap.xlsx,20251229
delivery,2025-12-30,2025,12,AERCAP (LOONG AIR),E,Europe and CIS,A320neo,A320 Family,1.0,ods-december-2025-airbus-commercial-aircraft-1712ap.xlsx,20251230
delivery,2025-12-31,2025,12,INDIGO,A,Asia-Pacific,A320neo,A320 Family,1.0,ods-december-2025-airbus-commercial-aircraft-1712ap.xlsx,20251231
delivery,2025-12-31,2025,12,SCOOT,A,Asia-Pacific,A320neo,A320 Family,1.0,ods-december-2025-airbus-commercial-aircraft-1712ap.xlsx,20251231
delivery,2025-01-02,2025,1,CHINA SOUTHERN AIRLINES,A,Asia-Pacific,A321neo,A320 Family,1.0,ods-december-2025-airbus-commercial-aircraft-1712ap.xlsx,20250102
delivery,2025-01-16,2025,1,CHINA EASTERN AIRLINES,A,Asia-Pacific,A321neo,A320 Family,1.0,ods-december-2025-airbus-commercial-aircraft-1712ap.xlsx,20250116
delivery,2025-01-21,2025,1,CHINA AIRLINES,A,Asia-Pacific,A321neo,A320 Family,1.0,ods-december-2025-airbus-commercial-aircraft-1712ap.xlsx,20250121
delivery,2025-01-22,2025,1,CHINA EASTERN AIRLINES,A,Asia-Pacific,A321neo,A320 Family,1.0,ods-december-2025-airbus-commercial-aircraft-1712ap.xlsx,20250122
delivery,2025-01-22,2025,1,INDIGO,A,Asia-Pacific,A321neo,A320 Family,1.0,ods-december-2025-airbus-commercial-aircraft-1712ap.xlsx,20250122
delivery,2025-01-28,2025,1,INDIGO,A,Asia-Pacific,A321neo,A320 Family,1.0,ods-december-2025-airbus-commercial-aircraft-1712ap.xlsx,20250128
delivery,2025-01-28,2025,1,UNITED AIRLINES,N,North America,A321neo,A320 Family,1.0,ods-december-2025-airbus-commercial-aircraft-1712ap.xlsx,20250128
delivery,2025-01-28,2025,1,WIZZ AIR,E,Europe and CIS,A321neo,A320 Family,1.0,ods-december-2025-airbus-commercial-aircraft-1712ap.xlsx,20250128
delivery,2025-01-30,2025,1,INDIGO,A,Asia-Pacific,A321neo,A320 Family,1.0,ods-december-2025-airbus-commercial-aircraft-1712ap.xlsx,20250130
delivery,2025-01-30,2025,1,NAS AVIATION SERVICES (TURKISH AIRLINES),N,North America,A321neo,A320 Family,1.0,ods-december-2025-airbus-commercial-aircraft-1712ap.xlsx,20250130
delivery,2025-01-30,2025,1,UNITED AIRLINES,N,North America,A321neo,A320 Family,1.0,ods-december-2025-airbus-commercial-aircraft-1712ap.xlsx,20250130
delivery,2025-02-03,2025,2,VOLARIS,L,Latin America & Caribbean,A321neo,A320 Family,1.0,ods-december-2025-airbus-commercial-aircraft-1712ap.xlsx,20250203
delivery,2025-02-04,2025,2,FRONTIER AIRLINES,N,North America,A321neo,A320 Family,1.0,ods-december-2025-airbus-commercial-aircraft-1712ap.xlsx,20250204
delivery,2025-02-11,2025,2,WIZZ AIR,E,Europe and CIS,A321neo,A320 Family,1.0,ods-december-2025-airbus-commercial-aircraft-1712ap.xlsx,20250211
delivery,2025-02-13,2025,2,ICBC LEASING (JET2.COM),A,Asia-Pacific,A321neo,A320 Family,1.0,ods-december-2025-airbus-commercial-aircraft-1712ap.xlsx,20250213
delivery,2025-02-13,2025,2,SPIRIT AIRLINES,N,North America,A321neo,A320 Family,1.0,ods-december-2025-airbus-commercial-aircraft-1712ap.xlsx,20250213
delivery,2025-02-13,2025,2,WIZZ AIR,E,Europe and CIS,A321neo,A320 Family,1.0,ods-december-2025-airbus-commercial-aircraft-1712ap.xlsx,20250213
delivery,2025-02-18,2025,2,ASIANA AIRLINES,A,Asia-Pacific,A321neo,A320 Family,1.0,ods-december-2025-airbus-commercial-aircraft-1712ap.xlsx,20250218
delivery,2025-02-20,2025,2,CHINA EASTERN AIRLINES,A,Asia-Pacific,A321neo,A320 Family,1.0,ods-december-2025-airbus-commercial-aircraft-1712ap.xlsx,20250220
delivery,2025-02-20,2025,2,INDIGO,A,Asia-Pacific,A321neo,A320 Family,1.0,ods-december-2025-airbus-commercial-aircraft-1712ap.xlsx,20250220
delivery,2025-02-25,2025,2,CHINA EASTERN AIRLINES,A,Asia-Pacific,A321neo,A320 Family,1.0,ods-december-2025-airbus-commercial-aircraft-1712ap.xlsx,20250225
delivery,2025-02-26,2025,2,DELTA AIR LINES,N,North America,A321neo,A320 Family,1.0,ods-december-2025-airbus-commercial-aircraft-1712ap.xlsx,20250226
delivery,2025-02-26,2025,2,INDIGO,A,Asia-Pacific,A321neo,A320 Family,1.0,ods-december-2025-airbus-commercial-aircraft-1712ap.xlsx,20250226
delivery,2025-02-27,2025,2,AMERICAN AIRLINES,N,North America,A321neo,A320 Family,1.0,ods-december-2025-airbus-commercial-aircraft-1712ap.xlsx,20250227
delivery,2025-02-27,2025,2,CHINA EASTERN AIRLINES,A,Asia-Pacific,A321neo,A320 Family,1.0,ods-december-2025-airbus-commercial-aircraft-1712ap.xlsx,20250227
delivery,2025-02-27,2025,2,CHINA SOUTHERN AIRLINES,A,Asia-Pacific,A321neo,A320 Family,1.0,ods-december-2025-airbus-commercial-aircraft-1712ap.xlsx,20250227
delivery,2025-02-27,2025,2,DELTA AIR LINES,N,North America,A321neo,A320 Family,1.0,ods-december-2025-airbus-commercial-aircraft-1712ap.xlsx,20250227
delivery,2025-02-27,2025,2,SMBC AVIATION CAPITAL (ICELANDAIR),E,Europe and CIS,A321neo,A320 Family,1.0,ods-december-2025-airbus-commercial-aircraft-1712ap.xlsx,20250227
delivery,2025-02-27,2025,2,SMBC AVIATION CAPITAL (TRANSAVIA),E,Europe and CIS,A321neo,A320 Family,1.0,ods-december-2025-airbus-commercial-aircraft-1712ap.xlsx,20250227
delivery,2025-02-27,2025,2,SPIRIT AIRLINES,N,North America,A321neo,A320 Family,1.0,ods-december-2025-airbus-commercial-aircraft-1712ap.xlsx,20250227
delivery,2025-02-28,2025,2,WIZZ AIR,E,Europe and CIS,A321neo,A320 Family,1.0,ods-december-2025-airbus-commercial-aircraft-1712ap.xlsx,20250228
delivery,2025-03-04,2025,3,CHINA SOUTHERN AIRLINES,A,Asia-Pacific,A321neo,A320 Family,1.0,ods-december-2025-airbus-commercial-aircraft-1712ap.xlsx,20250304
delivery,2025-03-04,2025,3,TURKISH AIRLINES,E,Europe and CIS,A321neo,A320 Family,1.0,ods-december-2025-airbus-commercial-aircraft-1712ap.xlsx,20250304
delivery,2025-03-04,2025,3,WIZZ AIR,E,Europe and CIS,A321neo,A320 Family,1.0,ods-december-2025-airbus-commercial-aircraft-1712ap.xlsx,20250304
delivery,2025-03-06,2025,3,FRONTIER AIRLINES,N,North America,A321neo,A320 Family,1.0,ods-december-2025-airbus-commercial-aircraft-1712ap.xlsx,20250306
delivery,2025-03-10,2025,3,CHINA EASTERN AIRLINES,A,Asia-Pacific,A321neo,A320 Family,1.0,ods-december-2025-airbus-commercial-aircraft-1712ap.xlsx,20250310
delivery,2025-03-10,2025,3,CHINA SOUTHERN AIRLINES,A,Asia-Pacific,A321neo,A320 Family,2.0,ods-december-2025-airbus-commercial-aircraft-1712ap.xlsx,20250310
delivery,2025-03-13,2025,3,CHINA SOUTHERN AIRLINES,A,Asia-Pacific,A321neo,A320 Family,1.0,ods-december-2025-airbus-commercial-aircraft-1712ap.xlsx,20250313
delivery,2025-03-17,2025,3,AERCAP (AIRASIA),E,Europe and CIS,A321neo,A320 Family,1.0,ods-december-2025-airbus-commercial-aircraft-1712ap.xlsx,20250317
delivery,2025-03-17,2025,3,INDIGO,A,Asia-Pacific,A321neo,A320 Family,1.0,ods-december-2025-airbus-commercial-aircraft-1712ap.xlsx,20250317
delivery,2025-03-17,2025,3,PEGASUS AIRLINES,E,Europe and CIS,A321neo,A320 Family,1.0,ods-december-2025-airbus-commercial-aircraft-1712ap.xlsx,20250317
delivery,2025-03-18,2025,3,UNITED AIRLINES,N,North America,A321neo,A320 Family,1.0,ods-december-2025-airbus-commercial-aircraft-1712ap.xlsx,20250318
delivery,2025-03-19,2025,3,INDIGO,A,Asia-Pacific,A321neo,A320 Family,1.0,ods-december-2025-airbus-commercial-aircraft-1712ap.xlsx,20250319
delivery,2025-03-20,2025,3,CHINA EASTERN AIRLINES,A,Asia-Pacific,A321neo,A320 Family,2.0,ods-december-2025-airbus-commercial-aircraft-1712ap.xlsx,20250320
delivery,2025-03-21,2025,3,CALC (UNITED AIRLINES),A,Asia-Pacific,A321neo,A320 Family,1.0,ods-december-2025-airbus-commercial-aircraft-1712ap.xlsx,20250321
delivery,2025-03-24,2025,3,CHINA SOUTHERN AIRLINES,A,Asia-Pacific,A321neo,A320 Family,1.0,ods-december-2025-airbus-commercial-aircraft-1712ap.xlsx,20250324
delivery,2025-03-24,2025,3,WIZZ AIR,E,Europe and CIS,A321neo,A320 Family,1.0,ods-december-2025-airbus-commercial-aircraft-1712ap.xlsx,20250324
delivery,2025-03-26,2025,3,INDIGO,A,Asia-Pacific,A321neo,A320 Family,1.0,ods-december-2025-airbus-commercial-aircraft-1712ap.xlsx,20250326
delivery,2025-03-27,2025,3,ACCIPITER (KLM ROYAL DUTCH AIRLINES),E,Europe and CIS,A321neo,A320 Family,1.0,ods-december-2025-airbus-commercial-aircraft-1712ap.xlsx,20250327
delivery,2025-03-27,2025,3,CHINA SOUTHERN AIRLINES,A,Asia-Pacific,A321neo,A320 Family,1.0,ods-december-2025-airbus-commercial-aircraft-1712ap.xlsx,20250327
delivery,2025-03-27,2025,3,DELTA AIR LINES,N,North America,A321neo,A320 Family,1.0,ods-december-2025-airbus-commercial-aircraft-1712ap.xlsx,20250327
delivery,2025-03-27,2025,3,FRONTIER AIRLINES,N,North America,A321neo,A320 Family,1.0,ods-december-2025-airbus-commercial-aircraft-1712ap.xlsx,20250327
delivery,2025-03-27,2025,3,IBERIA,E,Europe and CIS,A321neo,A320 Family,1.0,ods-december-2025-airbus-commercial-aircraft-1712ap.xlsx,20250327
delivery,2025-03-27,2025,3,WIZZ AIR,E,Europe and CIS,A321neo,A320 Family,1.0,ods-december-2025-airbus-commercial-aircraft-1712ap.xlsx,20250327
delivery,2025-03-28,2025,3,CHINA SOUTHERN AIRLINES,A,Asia-Pacific,A321neo,A320 Family,1.0,ods-december-2025-airbus-commercial-aircraft-1712ap.xlsx,20250328
delivery,2025-03-28,2025,3,DELTA AIR LINES,N,North America,A321neo,A320 Family,1.0,ods-december-2025-airbus-commercial-aircraft-1712ap.xlsx,20250328
delivery,2025-03-28,2025,3,UNITED AIRLINES,N,North America,A321neo,A320 Family,2.0,ods-december-2025-airbus-commercial-aircraft-1712ap.xlsx,20250328
delivery,2025-03-31,2025,3,CHINA EASTERN AIRLINES,A,Asia-Pacific,A321neo,A320 Family,1.0,ods-december-2025-airbus-commercial-aircraft-1712ap.xlsx,20250331
delivery,2025-03-31,2025,3,FRONTIER AIRLINES,N,North America,A321neo,A320 Family,1.0,ods-december-2025-airbus-commercial-aircraft-1712ap.xlsx,20250331
delivery,2025-03-31,2025,3,IBERIA,E,Europe and CIS,A321neo,A320 Family,1.0,ods-december-2025-airbus-commercial-aircraft-1712ap.xlsx,20250331
delivery,2025-03-31,2025,3,SWISS,E,Europe and CIS,A321neo,A320 Family,1.0,ods-december-2025-airbus-commercial-aircraft-1712ap.xlsx,20250331
delivery,2025-03-31,2025,3,VIETJET AIR,A,Asia-Pacific,A321neo,A320 Family,1.0,ods-december-2025-airbus-commercial-aircraft-1712ap.xlsx,20250331
delivery,2025-04-02,2025,4,WIZZ AIR,E,Europe and CIS,A321neo,A320 Family,1.0,ods-december-2025-airbus-commercial-aircraft-1712ap.xlsx,20250402
delivery,2025-04-03,2025,4,INDIGO,A,Asia-Pacific,A321neo,A320 Family,1.0,ods-december-2025-airbus-commercial-aircraft-1712ap.xlsx,20250403
delivery,2025-04-04,2025,4,ACCIPITER (KLM ROYAL DUTCH AIRLINES),E,Europe and CIS,A321neo,A320 Family,1.0,ods-december-2025-airbus-commercial-aircraft-1712ap.xlsx,20250404
delivery,2025-04-04,2025,4,SMBC AVIATION CAPITAL (TRANSAVIA),E,Europe and CIS,A321neo,A320 Family,1.0,ods-december-2025-airbus-commercial-aircraft-1712ap.xlsx,20250404
delivery,2025-04-07,2025,4,CALC (UNITED AIRLINES),A,Asia-Pacific,A321neo,A320 Family,1.0,ods-december-2025-airbus-commercial-aircraft-1712ap.xlsx,20250407
delivery,2025-04-07,2025,4,INDIGO,A,Asia-Pacific,A321neo,A320 Family,1.0,ods-december-2025-airbus-commercial-aircraft-1712ap.xlsx,20250407
delivery,2025-04-09,2025,4,SMBC AVIATION CAPITAL (ICELANDAIR),E,Europe and CIS,A321neo,A320 Family,1.0,ods-december-2025-airbus-commercial-aircraft-1712ap.xlsx,20250409
delivery,2025-04-11,2025,4,CALC (CHINA AIRLINES),A,Asia-Pacific,A321neo,A320 Family,1.0,ods-december-2025-airbus-commercial-aircraft-1712ap.xlsx,20250411
delivery,2025-04-11,2025,4,CHINA SOUTHERN AIRLINES,A,Asia-Pacific,A321neo,A320 Family,1.0,ods-december-2025-airbus-commercial-aircraft-1712ap.xlsx,20250411
delivery,2025-04-11,2025,4,NAS AVIATION SERVICES (AIRASIA),N,North America,A321neo,A320 Family,1.0,ods-december-2025-airbus-commercial-aircraft-1712ap.xlsx,20250411
delivery,2025-04-15,2025,4,KLM ROYAL DUTCH AIRLINES,E,Europe and CIS,A321neo,A320 Family,1.0,ods-december-2025-airbus-commercial-aircraft-1712ap.xlsx,20250415
delivery,2025-04-15,2025,4,WIZZ AIR,E,Europe and CIS,A321neo,A320 Family,1.0,ods-december-2025-airbus-commercial-aircraft-1712ap.xlsx,20250415
delivery,2025-04-16,2025,4,INDIGO,A,Asia-Pacific,A321neo,A320 Family,1.0,ods-december-2025-airbus-commercial-aircraft-1712ap.xlsx,20250416
delivery,2025-04-16,2025,4,KOREAN AIR,A,Asia-Pacific,A321neo,A320 Family,1.0,ods-december-2025-airbus-commercial-aircraft-1712ap.xlsx,20250416
delivery,2025-04-17,2025,4,AIR LEASE CORPORATION (SPIRIT AIRLINES),N,North America,A321neo,A320 Family,1.0,ods-december-2025-airbus-commercial-aircraft-1712ap.xlsx,20250417
delivery,2025-04-17,2025,4,SCOOT,A,Asia-Pacific,A321neo,A320 Family,1.0,ods-december-2025-airbus-commercial-aircraft-1712ap.xlsx,20250417
delivery,2025-04-17,2025,4,VIVA AEROBUS,L,Latin America & Caribbean,A321neo,A320 Family,1.0,ods-december-2025-airbus-commercial-aircraft-1712ap.xlsx,20250417
delivery,2025-04-18,2025,4,PEGASUS AIRLINES,E,Europe and CIS,A321neo,A320 Family,1.0,ods-december-2025-airbus-commercial-aircraft-1712ap.xlsx,20250418
delivery,2025-04-22,2025,4,CHINA SOUTHERN AIRLINES,A,Asia-Pacific,A321neo,A320 Family,1.0,ods-december-2025-airbus-commercial-aircraft-1712ap.xlsx,20250422
delivery,2025-04-22,2025,4,INDIGO,A,Asia-Pacific,A321neo,A320 Family,2.0,ods-december-2025-airbus-commercial-aircraft-1712ap.xlsx,20250422
delivery,2025-04-23,2025,4,VIETJET AIR,A,Asia-Pacific,A321neo,A320 Family,1.0,ods-december-2025-airbus-commercial-aircraft-1712ap.xlsx,20250423
delivery,2025-04-24,2025,4,CHINA SOUTHERN AIRLINES,A,Asia-Pacific,A321neo,A320 Family,1.0,ods-december-2025-airbus-commercial-aircraft-1712ap.xlsx,20250424
delivery,2025-04-24,2025,4,JETSMART (CHILE),L,Latin America & Caribbean,A321neo,A320 Family,1.0,ods-december-2025-airbus-commercial-aircraft-1712ap.xlsx,20250424
delivery,2025-04-25,2025,4,UNITED AIRLINES,N,North America,A321neo,A320 Family,1.0,ods-december-2025-airbus-commercial-aircraft-1712ap.xlsx,20250425
delivery,2025-04-28,2025,4,INDIGO,A,Asia-Pacific,A321neo,A320 Family,1.0,ods-december-2025-airbus-commercial-aircraft-1712ap.xlsx,20250428
delivery,2025-04-29,2025,4,CHINA EASTERN AIRLINES,A,Asia-Pacific,A321neo,A320 Family,1.0,ods-december-2025-airbus-commercial-aircraft-1712ap.xlsx,20250429
delivery,2025-05-02,2025,5,QANTAS AIRWAYS (JETSTAR AIRWAYS),A,Asia-Pacific,A321neo,A320 Family,1.0,ods-december-2025-airbus-commercial-aircraft-1712ap.xlsx,20250502
delivery,2025-05-08,2025,5,FRONTIER AIRLINES,N,North America,A321neo,A320 Family,1.0,ods-december-2025-airbus-commercial-aircraft-1712ap.xlsx,20250508
delivery,2025-05-09,2025,5,BRITISH AIRWAYS,E,Europe and CIS,A321neo,A320 Family,1.0,ods-december-2025-airbus-commercial-aircraft-1712ap.xlsx,20250509
delivery,2025-05-09,2025,5,KUWAIT AIRWAYS,M,Middle East,A321neo,A320 Family,1.0,ods-december-2025-airbus-commercial-aircraft-1712ap.xlsx,20250509
delivery,2025-05-13,2025,5,WIZZ AIR,E,Europe and CIS,A321neo,A320 Family,1.0,ods-december-2025-airbus-commercial-aircraft-1712ap.xlsx,20250513
delivery,2025-05-15,2025,5,CHINA EASTERN AIRLINES,A,Asia-Pacific,A321neo,A320 Family,1.0,ods-december-2025-airbus-commercial-aircraft-1712ap.xlsx,20250515
delivery,2025-05-15,2025,5,DELTA AIR LINES,N,North America,A321neo,A320 Family,1.0,ods-december-2025-airbus-commercial-aircraft-1712ap.xlsx,20250515
delivery,2025-05-15,2025,5,WIZZ AIR,E,Europe and CIS,A321neo,A320 Family,1.0,ods-december-2025-airbus-commercial-aircraft-1712ap.xlsx,20250515
delivery,2025-05-16,2025,5,AER LINGUS,E,Europe and CIS,A321neo,A320 Family,1.0,ods-december-2025-airbus-commercial-aircraft-1712ap.xlsx,20250516
delivery,2025-05-16,2025,5,BRITISH AIRWAYS,E,Europe and CIS,A321neo,A320 Family,1.0,ods-december-2025-airbus-commercial-aircraft-1712ap.xlsx,20250516
delivery,2025-05-19,2025,5,SWISS,E,Europe and CIS,A321neo,A320 Family,1.0,ods-december-2025-airbus-commercial-aircraft-1712ap.xlsx,20250519
delivery,2025-05-19,2025,5,WIZZ AIR,E,Europe and CIS,A321neo,A320 Family,1.0,ods-december-2025-airbus-commercial-aircraft-1712ap.xlsx,20250519
delivery,2025-05-20,2025,5,SPIRIT AIRLINES,N,North America,A321neo,A320 Family,1.0,ods-december-2025-airbus-commercial-aircraft-1712ap.xlsx,20250520
delivery,2025-05-21,2025,5,INDIGO,A,Asia-Pacific,A321neo,A320 Family,1.0,ods-december-2025-airbus-commercial-aircraft-1712ap.xlsx,20250521
delivery,2025-05-22,2025,5,AVOLON (JET2.COM),E,Europe and CIS,A321neo,A320 Family,1.0,ods-december-2025-airbus-commercial-aircraft-1712ap.xlsx,20250522
delivery,2025-05-22,2025,5,VIVA AEROBUS,L,Latin America & Caribbean,A321neo,A320 Family,1.0,ods-december-2025-airbus-commercial-aircraft-1712ap.xlsx,20250522
delivery,2025-05-22,2025,5,WIZZ AIR,E,Europe and CIS,A321neo,A320 Family,1.0,ods-december-2025-airbus-commercial-aircraft-1712ap.xlsx,20250522
delivery,2025-05-26,2025,5,WIZZ AIR,E,Europe and CIS,A321neo,A320 Family,1.0,ods-december-2025-airbus-commercial-aircraft-1712ap.xlsx,20250526
delivery,2025-05-27,2025,5,CDB LEASING (AEGEAN AIRLINES),A,Asia-Pacific,A321neo,A320 Family,1.0,ods-december-2025-airbus-commercial-aircraft-1712ap.xlsx,20250527
delivery,2025-05-28,2025,5,CHINA AIRLINES,A,Asia-Pacific,A321neo,A320 Family,1.0,ods-december-2025-airbus-commercial-aircraft-1712ap.xlsx,20250528
delivery,2025-05-28,2025,5,CHINA EASTERN AIRLINES,A,Asia-Pacific,A321neo,A320 Family,1.0,ods-december-2025-airbus-commercial-aircraft-1712ap.xlsx,20250528
delivery,2025-05-28,2025,5,JETBLUE AIRWAYS,N,North America,A321neo,A320 Family,1.0,ods-december-2025-airbus-commercial-aircraft-1712ap.xlsx,20250528
delivery,2025-05-29,2025,5,CHINA SOUTHERN AIRLINES,A,Asia-Pacific,A321neo,A320 Family,2.0,ods-december-2025-airbus-commercial-aircraft-1712ap.xlsx,20250529
delivery,2025-05-30,2025,5,KLM ROYAL DUTCH AIRLINES,E,Europe and CIS,A321neo,A320 Family,1.0,ods-december-2025-airbus-commercial-aircraft-1712ap.xlsx,20250530
delivery,2025-05-30,2025,5,SMBC AVIATION CAPITAL (AIR NEW ZEALAND),E,Europe and CIS,A321neo,A320 Family,1.0,ods-december-2025-airbus-commercial-aircraft-1712ap.xlsx,20250530
delivery,2025-05-30,2025,5,SMBC AVIATION CAPITAL (ICELANDAIR),E,Europe and CIS,A321neo,A320 Family,1.0,ods-december-2025-airbus-commercial-aircraft-1712ap.xlsx,20250530
delivery,2025-05-30,2025,5,WIZZ AIR,E,Europe and CIS,A321neo,A320 Family,1.0,ods-december-2025-airbus-commercial-aircraft-1712ap.xlsx,20250530
delivery,2025-06-05,2025,6,WIZZ AIR,E,Europe and CIS,A321neo,A320 Family,1.0,ods-december-2025-airbus-commercial-aircraft-1712ap.xlsx,20250605
delivery,2025-06-10,2025,6,WIZZ AIR,E,Europe and CIS,A321neo,A320 Family,1.0,ods-december-2025-airbus-commercial-aircraft-1712ap.xlsx,20250610
delivery,2025-06-12,2025,6,CHINA SOUTHERN AIRLINES,A,Asia-Pacific,A321neo,A320 Family,1.0,ods-december-2025-airbus-commercial-aircraft-1712ap.xlsx,20250612
delivery,2025-06-13,2025,6,BOCOM LEASING (TURKISH AIRLINES),A,Asia-Pacific,A321neo,A320 Family,1.0,ods-december-2025-airbus-commercial-aircraft-1712ap.xlsx,20250613
delivery,2025-06-13,2025,6,CALC (UNITED AIRLINES),A,Asia-Pacific,A321neo,A320 Family,1.0,ods-december-2025-airbus-commercial-aircraft-1712ap.xlsx,20250613
delivery,2025-06-16,2025,6,LATAM AIRLINES GROUP,L,Latin America & Caribbean,A321neo,A320 Family,1.0,ods-december-2025-airbus-commercial-aircraft-1712ap.xlsx,20250616
delivery,2025-06-17,2025,6,CMB FINANCIAL LEASING (HAINAN AIRLINES),A,Asia-Pacific,A321neo,A320 Family,1.0,ods-december-2025-airbus-commercial-aircraft-1712ap.xlsx,20250617
delivery,2025-06-17,2025,6,FRONTIER AIRLINES,N,North America,A321neo,A320 Family,1.0,ods-december-2025-airbus-commercial-aircraft-1712ap.xlsx,20250617
delivery,2025-06-17,2025,6,WIZZ AIR,E,Europe and CIS,A321neo,A320 Family,1.0,ods-december-2025-airbus-commercial-aircraft-1712ap.xlsx,20250617
delivery,2025-06-20,2025,6,JETBLUE AIRWAYS,N,North America,A321neo,A320 Family,1.0,ods-december-2025-airbus-commercial-aircraft-1712ap.xlsx,20250620
delivery,2025-06-23,2025,6,DELTA AIR LINES,N,North America,A321neo,A320 Family,1.0,ods-december-2025-airbus-commercial-aircraft-1712ap.xlsx,20250623
delivery,2025-06-23,2025,6,INDIGO,A,Asia-Pacific,A321neo,A320 Family,1.0,ods-december-2025-airbus-commercial-aircraft-1712ap.xlsx,20250623
delivery,2025-06-25,2025,6,ICBC LEASING (JET2.COM),A,Asia-Pacific,A321neo,A320 Family,1.0,ods-december-2025-airbus-commercial-aircraft-1712ap.xlsx,20250625
delivery,2025-06-25,2025,6,VOLARIS,L,Latin America & Caribbean,A321neo,A320 Family,1.0,ods-december-2025-airbus-commercial-aircraft-1712ap.xlsx,20250625
delivery,2025-06-26,2025,6,DELTA AIR LINES,N,North America,A321neo,A320 Family,1.0,ods-december-2025-airbus-commercial-aircraft-1712ap.xlsx,20250626
delivery,2025-06-26,2025,6,QANTAS AIRWAYS,A,Asia-Pacific,A321neo,A320 Family,1.0,ods-december-2025-airbus-commercial-aircraft-1712ap.xlsx,20250626
delivery,2025-06-26,2025,6,SMBC AVIATION CAPITAL (TRANSAVIA),E,Europe and CIS,A321neo,A320 Family,1.0,ods-december-2025-airbus-commercial-aircraft-1712ap.xlsx,20250626
delivery,2025-06-27,2025,6,BRITISH AIRWAYS,E,Europe and CIS,A321neo,A320 Family,1.0,ods-december-2025-airbus-commercial-aircraft-1712ap.xlsx,20250627
delivery,2025-06-27,2025,6,CHINA EASTERN AIRLINES,A,Asia-Pacific,A321neo,A320 Family,1.0,ods-december-2025-airbus-commercial-aircraft-1712ap.xlsx,20250627
delivery,2025-06-30,2025,6,FRONTIER AIRLINES,N,North America,A321neo,A320 Family,1.0,ods-december-2025-airbus-commercial-aircraft-1712ap.xlsx,20250630
delivery,2025-06-30,2025,6,IBERIA,E,Europe and CIS,A321neo,A320 Family,1.0,ods-december-2025-airbus-commercial-aircraft-1712ap.xlsx,20250630
delivery,2025-06-30,2025,6,PEGASUS AIRLINES,E,Europe and CIS,A321neo,A320 Family,1.0,ods-december-2025-airbus-commercial-aircraft-1712ap.xlsx,20250630
delivery,2025-06-30,2025,6,SAUDIA,M,Middle East,A321neo,A320 Family,1.0,ods-december-2025-airbus-commercial-aircraft-1712ap.xlsx,20250630
delivery,2025-07-01,2025,7,DELTA AIR LINES,N,North America,A321neo,A320 Family,1.0,ods-december-2025-airbus-commercial-aircraft-1712ap.xlsx,20250701
delivery,2025-07-03,2025,7,JET2 (JET2.COM),E,Europe and CIS,A321neo,A320 Family,1.0,ods-december-2025-airbus-commercial-aircraft-1712ap.xlsx,20250703
delivery,2025-07-03,2025,7,KLM ROYAL DUTCH AIRLINES,E,Europe and CIS,A321neo,A320 Family,1.0,ods-december-2025-airbus-commercial-aircraft-1712ap.xlsx,20250703
delivery,2025-07-05,2025,7,CHINA SOUTHERN AIRLINES,A,Asia-Pacific,A321neo,A320 Family,1.0,ods-december-2025-airbus-commercial-aircraft-1712ap.xlsx,20250705
delivery,2025-07-08,2025,7,INDIGO,A,Asia-Pacific,A321neo,A320 Family,1.0,ods-december-2025-airbus-commercial-aircraft-1712ap.xlsx,20250708
delivery,2025-07-11,2025,7,CALC (UNITED AIRLINES),A,Asia-Pacific,A321neo,A320 Family,1.0,ods-december-2025-airbus-commercial-aircraft-1712ap.xlsx,20250711
delivery,2025-07-15,2025,7,SMBC AVIATION CAPITAL (TRANSAVIA),E,Europe and CIS,A321neo,A320 Family,1.0,ods-december-2025-airbus-commercial-aircraft-1712ap.xlsx,20250715
delivery,2025-07-15,2025,7,WIZZ AIR,E,Europe and CIS,A321neo,A320 Family,1.0,ods-december-2025-airbus-commercial-aircraft-1712ap.xlsx,20250715
delivery,2025-07-16,2025,7,KUWAIT AIRWAYS,M,Middle East,A321neo,A320 Family,1.0,ods-december-2025-airbus-commercial-aircraft-1712ap.xlsx,20250716
delivery,2025-07-16,2025,7,SAUDIA,M,Middle East,A321neo,A320 Family,1.0,ods-december-2025-airbus-commercial-aircraft-1712ap.xlsx,20250716
delivery,2025-07-17,2025,7,DELTA AIR LINES,N,North America,A321neo,A320 Family,1.0,ods-december-2025-airbus-commercial-aircraft-1712ap.xlsx,20250717
delivery,2025-07-18,2025,7,CDB LEASING (MY FREIGHTER),A,Asia-Pacific,A321neo,A320 Family,1.0,ods-december-2025-airbus-commercial-aircraft-1712ap.xlsx,20250718
delivery,2025-07-18,2025,7,CHINA SOUTHERN AIRLINES,A,Asia-Pacific,A321neo,A320 Family,1.0,ods-december-2025-airbus-commercial-aircraft-1712ap.xlsx,20250718
delivery,2025-07-18,2025,7,WIZZ AIR,E,Europe and CIS,A321neo,A320 Family,1.0,ods-december-2025-airbus-commercial-aircraft-1712ap.xlsx,20250718
delivery,2025-07-21,2025,7,WIZZ AIR,E,Europe and CIS,A321neo,A320 Family,1.0,ods-december-2025-airbus-commercial-aircraft-1712ap.xlsx,20250721
delivery,2025-07-22,2025,7,AVIATION CAPITAL GROUP (SUNCLASS AIRLINES),N,North America,A321neo,A320 Family,1.0,ods-december-2025-airbus-commercial-aircraft-1712ap.xlsx,20250722
delivery,2025-07-22,2025,7,JET2 (JET2.COM),E,Europe and CIS,A321neo,A320 Family,1.0,ods-december-2025-airbus-commercial-aircraft-1712ap.xlsx,20250722
delivery,2025-07-22,2025,7,PEGASUS AIRLINES,E,Europe and CIS,A321neo,A320 Family,1.0,ods-december-2025-airbus-commercial-aircraft-1712ap.xlsx,20250722
delivery,2025-07-23,2025,7,AVOLON (JET2.COM),E,Europe and CIS,A321neo,A320 Family,1.0,ods-december-2025-airbus-commercial-aircraft-1712ap.xlsx,20250723
delivery,2025-07-23,2025,7,NAS AVIATION SERVICES (ETIHAD AIRWAYS),N,North America,A321neo,A320 Family,1.0,ods-december-2025-airbus-commercial-aircraft-1712ap.xlsx,20250723
delivery,2025-07-24,2025,7,FRONTIER AIRLINES,N,North America,A321neo,A320 Family,1.0,ods-december-2025-airbus-commercial-aircraft-1712ap.xlsx,20250724
delivery,2025-07-24,2025,7,TRANSAVIA,E,Europe and CIS,A321neo,A320 Family,1.0,ods-december-2025-airbus-commercial-aircraft-1712ap.xlsx,20250724
delivery,2025-07-24,2025,7,UNITED AIRLINES,N,North America,A321neo,A320 Family,1.0,ods-december-2025-airbus-commercial-aircraft-1712ap.xlsx,20250724
delivery,2025-07-25,2025,7,AMERICAN AIRLINES,N,North America,A321neo,A320 Family,1.0,ods-december-2025-airbus-commercial-aircraft-1712ap.xlsx,20250725
delivery,2025-07-25,2025,7,NAS AVIATION SERVICES (SUN PHU QUOC AIRWAYS),N,North America,A321neo,A320 Family,1.0,ods-december-2025-airbus-commercial-aircraft-1712ap.xlsx,20250725
delivery,2025-07-25,2025,7,PEGASUS AIRLINES,E,Europe and CIS,A321neo,A320 Family,1.0,ods-december-2025-airbus-commercial-aircraft-1712ap.xlsx,20250725
delivery,2025-07-28,2025,7,SMBC AVIATION CAPITAL (AIR NEW ZEALAND),E,Europe and CIS,A321neo,A320 Family,1.0,ods-december-2025-airbus-commercial-aircraft-1712ap.xlsx,20250728
delivery,2025-07-29,2025,7,CHINA EASTERN AIRLINES,A,Asia-Pacific,A321neo,A320 Family,1.0,ods-december-2025-airbus-commercial-aircraft-1712ap.xlsx,20250729
delivery,2025-07-29,2025,7,INDIGO,A,Asia-Pacific,A321neo,A320 Family,1.0,ods-december-2025-airbus-commercial-aircraft-1712ap.xlsx,20250729
delivery,2025-07-30,2025,7,INDIGO,A,Asia-Pacific,A321neo,A320 Family,1.0,ods-december-2025-airbus-commercial-aircraft-1712ap.xlsx,20250730
delivery,2025-07-30,2025,7,JET2 (JET2.COM),E,Europe and CIS,A321neo,A320 Family,1.0,ods-december-2025-airbus-commercial-aircraft-1712ap.xlsx,20250730
delivery,2025-07-30,2025,7,UNITED AIRLINES,N,North America,A321neo,A320 Family,2.0,ods-december-2025-airbus-commercial-aircraft-1712ap.xlsx,20250730
delivery,2025-07-31,2025,7,PEGASUS AIRLINES,E,Europe and CIS,A321neo,A320 Family,1.0,ods-december-2025-airbus-commercial-aircraft-1712ap.xlsx,20250731
delivery,2025-07-31,2025,7,SMBC AVIATION CAPITAL (SALAM AIR),E,Europe and CIS,A321neo,A320 Family,1.0,ods-december-2025-airbus-commercial-aircraft-1712ap.xlsx,20250731
delivery,2025-08-01,2025,8,PEGASUS AIRLINES,E,Europe and CIS,A321neo,A320 Family,1.0,ods-december-2025-airbus-commercial-aircraft-1712ap.xlsx,20250801
delivery,2025-08-06,2025,8,WIZZ AIR (WIZZ AIR MALTA),E,Europe and CIS,A321neo,A320 Family,1.0,ods-december-2025-airbus-commercial-aircraft-1712ap.xlsx,20250806
delivery,2025-08-11,2025,8,WIZZ AIR (WIZZ AIR MALTA),E,Europe and CIS,A321neo,A320 Family,1.0,ods-december-2025-airbus-commercial-aircraft-1712ap.xlsx,20250811
delivery,2025-08-12,2025,8,AIR LEASE CORPORATION (AMERICAN AIRLINES),N,North America,A321neo,A320 Family,1.0,ods-december-2025-airbus-commercial-aircraft-1712ap.xlsx,20250812
delivery,2025-08-13,2025,8,AIR LEASE CORPORATION (AMERICAN AIRLINES),N,North America,A321neo,A320 Family,1.0,ods-december-2025-airbus-commercial-aircraft-1712ap.xlsx,20250813
delivery,2025-08-13,2025,8,CHINA EASTERN AIRLINES,A,Asia-Pacific,A321neo,A320 Family,1.0,ods-december-2025-airbus-commercial-aircraft-1712ap.xlsx,20250813
delivery,2025-08-13,2025,8,INDIGO,A,Asia-Pacific,A321neo,A320 Family,1.0,ods-december-2025-airbus-commercial-aircraft-1712ap.xlsx,20250813
delivery,2025-08-14,2025,8,CMB FINANCIAL LEASING (HAINAN AIRLINES),A,Asia-Pacific,A321neo,A320 Family,1.0,ods-december-2025-airbus-commercial-aircraft-1712ap.xlsx,20250814
delivery,2025-08-14,2025,8,TRANSAVIA,E,Europe and CIS,A321neo,A320 Family,1.0,ods-december-2025-airbus-commercial-aircraft-1712ap.xlsx,20250814
delivery,2025-08-14,2025,8,UNITED AIRLINES,N,North America,A321neo,A320 Family,1.0,ods-december-2025-airbus-commercial-aircraft-1712ap.xlsx,20250814
delivery,2025-08-15,2025,8,CDB LEASING (CHINA SOUTHERN AIRLINES),A,Asia-Pacific,A321neo,A320 Family,1.0,ods-december-2025-airbus-commercial-aircraft-1712ap.xlsx,20250815
delivery,2025-08-18,2025,8,DELTA AIR LINES,N,North America,A321neo,A320 Family,1.0,ods-december-2025-airbus-commercial-aircraft-1712ap.xlsx,20250818
delivery,2025-08-19,2025,8,AIR CHINA,A,Asia-Pacific,A321neo,A320 Family,1.0,ods-december-2025-airbus-commercial-aircraft-1712ap.xlsx,20250819
delivery,2025-08-20,2025,8,DELTA AIR LINES,N,North America,A321neo,A320 Family,1.0,ods-december-2025-airbus-commercial-aircraft-1712ap.xlsx,20250820
delivery,2025-08-21,2025,8,CDB LEASING (CHINA SOUTHERN AIRLINES),A,Asia-Pacific,A321neo,A320 Family,1.0,ods-december-2025-airbus-commercial-aircraft-1712ap.xlsx,20250821
delivery,2025-08-21,2025,8,INDIGO,A,Asia-Pacific,A321neo,A320 Family,1.0,ods-december-2025-airbus-commercial-aircraft-1712ap.xlsx,20250821
delivery,2025-08-21,2025,8,KLM ROYAL DUTCH AIRLINES,E,Europe and CIS,A321neo,A320 Family,1.0,ods-december-2025-airbus-commercial-aircraft-1712ap.xlsx,20250821
delivery,2025-08-21,2025,8,QANTAS AIRWAYS,A,Asia-Pacific,A321neo,A320 Family,1.0,ods-december-2025-airbus-commercial-aircraft-1712ap.xlsx,20250821
delivery,2025-08-21,2025,8,UNITED AIRLINES,N,North America,A321neo,A320 Family,1.0,ods-december-2025-airbus-commercial-aircraft-1712ap.xlsx,20250821
delivery,2025-08-22,2025,8,AMERICAN AIRLINES,N,North America,A321neo,A320 Family,1.0,ods-december-2025-airbus-commercial-aircraft-1712ap.xlsx,20250822
delivery,2025-08-22,2025,8,BOCOM LEASING (TURKISH AIRLINES),A,Asia-Pacific,A321neo,A320 Family,1.0,ods-december-2025-airbus-commercial-aircraft-1712ap.xlsx,20250822
delivery,2025-08-25,2025,8,INDIGO,A,Asia-Pacific,A321neo,A320 Family,1.0,ods-december-2025-airbus-commercial-aircraft-1712ap.xlsx,20250825
delivery,2025-08-25,2025,8,PEGASUS AIRLINES,E,Europe and CIS,A321neo,A320 Family,1.0,ods-december-2025-airbus-commercial-aircraft-1712ap.xlsx,20250825
delivery,2025-08-26,2025,8,UNITED AIRLINES,N,North America,A321neo,A320 Family,1.0,ods-december-2025-airbus-commercial-aircraft-1712ap.xlsx,20250826
delivery,2025-08-28,2025,8,AERCAP (ETIHAD AIRWAYS),E,Europe and CIS,A321neo,A320 Family,1.0,ods-december-2025-airbus-commercial-aircraft-1712ap.xlsx,20250828
delivery,2025-08-28,2025,8,CALC (UNITED AIRLINES),A,Asia-Pacific,A321neo,A320 Family,1.0,ods-december-2025-airbus-commercial-aircraft-1712ap.xlsx,20250828
delivery,2025-08-28,2025,8,INDIGO,A,Asia-Pacific,A321neo,A320 Family,1.0,ods-december-2025-airbus-commercial-aircraft-1712ap.xlsx,20250828
delivery,2025-08-28,2025,8,KUWAIT AIRWAYS,M,Middle East,A321neo,A320 Family,1.0,ods-december-2025-airbus-commercial-aircraft-1712ap.xlsx,20250828
delivery,2025-08-28,2025,8,WIZZ AIR,E,Europe and CIS,A321neo,A320 Family,1.0,ods-december-2025-airbus-commercial-aircraft-1712ap.xlsx,20250828
delivery,2025-08-29,2025,8,AERCAP (AIR MACAU),E,Europe and CIS,A321neo,A320 Family,1.0,ods-december-2025-airbus-commercial-aircraft-1712ap.xlsx,20250829
delivery,2025-08-29,2025,8,SMBC AVIATION CAPITAL (SALAM AIR),E,Europe and CIS,A321neo,A320 Family,1.0,ods-december-2025-airbus-commercial-aircraft-1712ap.xlsx,20250829
delivery,2025-08-29,2025,8,TAP AIR PORTUGAL,E,Europe and CIS,A321neo,A320 Family,1.0,ods-december-2025-airbus-commercial-aircraft-1712ap.xlsx,20250829
delivery,2025-09-02,2025,9,DELTA AIR LINES,N,North America,A321neo,A320 Family,1.0,ods-december-2025-airbus-commercial-aircraft-1712ap.xlsx,20250902
delivery,2025-09-03,2025,9,INDIGO,A,Asia-Pacific,A321neo,A320 Family,2.0,ods-december-2025-airbus-commercial-aircraft-1712ap.xlsx,20250903
delivery,2025-09-04,2025,9,CHINA SOUTHERN AIRLINES,A,Asia-Pacific,A321neo,A320 Family,1.0,ods-december-2025-airbus-commercial-aircraft-1712ap.xlsx,20250904
delivery,2025-09-04,2025,9,WIZZ AIR,E,Europe and CIS,A321neo,A320 Family,1.0,ods-december-2025-airbus-commercial-aircraft-1712ap.xlsx,20250904
delivery,2025-09-08,2025,9,DELTA AIR LINES,N,North America,A321neo,A320 Family,1.0,ods-december-2025-airbus-commercial-aircraft-1712ap.xlsx,20250908
delivery,2025-09-09,2025,9,INDIGO,A,Asia-Pacific,A321neo,A320 Family,1.0,ods-december-2025-airbus-commercial-aircraft-1712ap.xlsx,20250909
delivery,2025-09-10,2025,9,INDIGO,A,Asia-Pacific,A321neo,A320 Family,1.0,ods-december-2025-airbus-commercial-aircraft-1712ap.xlsx,20250910
delivery,2025-09-11,2025,9,CHINA SOUTHERN AIRLINES,A,Asia-Pacific,A321neo,A320 Family,1.0,ods-december-2025-airbus-commercial-aircraft-1712ap.xlsx,20250911
delivery,2025-09-11,2025,9,VIVA AEROBUS,L,Latin America & Caribbean,A321neo,A320 Family,1.0,ods-december-2025-airbus-commercial-aircraft-1712ap.xlsx,20250911
delivery,2025-09-12,2025,9,AER LINGUS,E,Europe and CIS,A321neo,A320 Family,1.0,ods-december-2025-airbus-commercial-aircraft-1712ap.xlsx,20250912
delivery,2025-09-12,2025,9,JET2 (JET2.COM),E,Europe and CIS,A321neo,A320 Family,1.0,ods-december-2025-airbus-commercial-aircraft-1712ap.xlsx,20250912
delivery,2025-09-16,2025,9,WIZZ AIR,E,Europe and CIS,A321neo,A320 Family,1.0,ods-december-2025-airbus-commercial-aircraft-1712ap.xlsx,20250916
delivery,2025-09-17,2025,9,CHINA EASTERN AIRLINES,A,Asia-Pacific,A321neo,A320 Family,1.0,ods-december-2025-airbus-commercial-aircraft-1712ap.xlsx,20250917
delivery,2025-09-17,2025,9,QANTAS AIRWAYS (JETSTAR AIRWAYS),A,Asia-Pacific,A321neo,A320 Family,1.0,ods-december-2025-airbus-commercial-aircraft-1712ap.xlsx,20250917
delivery,2025-09-18,2025,9,AIR CHINA,A,Asia-Pacific,A321neo,A320 Family,1.0,ods-december-2025-airbus-commercial-aircraft-1712ap.xlsx,20250918
delivery,2025-09-18,2025,9,DELTA AIR LINES,N,North America,A321neo,A320 Family,1.0,ods-december-2025-airbus-commercial-aircraft-1712ap.xlsx,20250918
delivery,2025-09-18,2025,9,PEGASUS AIRLINES,E,Europe and CIS,A321neo,A320 Family,1.0,ods-december-2025-airbus-commercial-aircraft-1712ap.xlsx,20250918
delivery,2025-09-19,2025,9,CHINA EASTERN AIRLINES,A,Asia-Pacific,A321neo,A320 Family,1.0,ods-december-2025-airbus-commercial-aircraft-1712ap.xlsx,20250919
delivery,2025-09-19,2025,9,JET2 (JET2.COM),E,Europe and CIS,A321neo,A320 Family,1.0,ods-december-2025-airbus-commercial-aircraft-1712ap.xlsx,20250919
delivery,2025-09-22,2025,9,AERCAP (ETIHAD AIRWAYS),E,Europe and CIS,A321neo,A320 Family,1.0,ods-december-2025-airbus-commercial-aircraft-1712ap.xlsx,20250922
delivery,2025-09-24,2025,9,CHINA EASTERN AIRLINES,A,Asia-Pacific,A321neo,A320 Family,1.0,ods-december-2025-airbus-commercial-aircraft-1712ap.xlsx,20250924
delivery,2025-09-24,2025,9,INDIGO,A,Asia-Pacific,A321neo,A320 Family,1.0,ods-december-2025-airbus-commercial-aircraft-1712ap.xlsx,20250924
delivery,2025-09-24,2025,9,JET2 (JET2.COM),E,Europe and CIS,A321neo,A320 Family,1.0,ods-december-2025-airbus-commercial-aircraft-1712ap.xlsx,20250924
delivery,2025-09-24,2025,9,NAS AVIATION SERVICES (QATAR AIRWAYS),N,North America,A321neo,A320 Family,1.0,ods-december-2025-airbus-commercial-aircraft-1712ap.xlsx,20250924
delivery,2025-09-25,2025,9,AIR CHINA,A,Asia-Pacific,A321neo,A320 Family,1.0,ods-december-2025-airbus-commercial-aircraft-1712ap.xlsx,20250925
delivery,2025-09-25,2025,9,INDIGO,A,Asia-Pacific,A321neo,A320 Family,1.0,ods-december-2025-airbus-commercial-aircraft-1712ap.xlsx,20250925
delivery,2025-09-25,2025,9,UNITED AIRLINES,N,North America,A321neo,A320 Family,1.0,ods-december-2025-airbus-commercial-aircraft-1712ap.xlsx,20250925
delivery,2025-09-26,2025,9,AEGEAN AIRLINES,E,Europe and CIS,A321neo,A320 Family,1.0,ods-december-2025-airbus-commercial-aircraft-1712ap.xlsx,20250926
delivery,2025-09-26,2025,9,AER LINGUS,E,Europe and CIS,A321neo,A320 Family,1.0,ods-december-2025-airbus-commercial-aircraft-1712ap.xlsx,20250926
delivery,2025-09-26,2025,9,AIRASIA,A,Asia-Pacific,A321neo,A320 Family,1.0,ods-december-2025-airbus-commercial-aircraft-1712ap.xlsx,20250926
delivery,2025-09-26,2025,9,UNITED AIRLINES,N,North America,A321neo,A320 Family,1.0,ods-december-2025-airbus-commercial-aircraft-1712ap.xlsx,20250926
delivery,2025-09-29,2025,9,DELTA AIR LINES,N,North America,A321neo,A320 Family,1.0,ods-december-2025-airbus-commercial-aircraft-1712ap.xlsx,20250929
delivery,2025-09-29,2025,9,INDIGO,A,Asia-Pacific,A321neo,A320 Family,2.0,ods-december-2025-airbus-commercial-aircraft-1712ap.xlsx,20250929
delivery,2025-09-29,2025,9,KOREAN AIR,A,Asia-Pacific,A321neo,A320 Family,1.0,ods-december-2025-airbus-commercial-aircraft-1712ap.xlsx,20250929
delivery,2025-09-29,2025,9,NAS AVIATION SERVICES (QATAR AIRWAYS),N,North America,A321neo,A320 Family,1.0,ods-december-2025-airbus-commercial-aircraft-1712ap.xlsx,20250929
delivery,2025-09-29,2025,9,VOLARIS,L,Latin America & Caribbean,A321neo,A320 Family,1.0,ods-december-2025-airbus-commercial-aircraft-1712ap.xlsx,20250929
delivery,2025-09-30,2025,9,AERCAP (ETIHAD AIRWAYS),E,Europe and CIS,A321neo,A320 Family,1.0,ods-december-2025-airbus-commercial-aircraft-1712ap.xlsx,20250930
delivery,2025-09-30,2025,9,FRONTIER AIRLINES,N,North America,A321neo,A320 Family,1.0,ods-december-2025-airbus-commercial-aircraft-1712ap.xlsx,20250930
delivery,2025-10-02,2025,10,WIZZ AIR,E,Europe and CIS,A321neo,A320 Family,1.0,ods-december-2025-airbus-commercial-aircraft-1712ap.xlsx,20251002
delivery,2025-10-07,2025,10,VOLARIS,L,Latin America & Caribbean,A321neo,A320 Family,1.0,ods-december-2025-airbus-commercial-aircraft-1712ap.xlsx,20251007
delivery,2025-10-08,2025,10,BRITISH AIRWAYS,E,Europe and CIS,A321neo,A320 Family,1.0,ods-december-2025-airbus-commercial-aircraft-1712ap.xlsx,20251008
delivery,2025-10-09,2025,10,BRITISH AIRWAYS,E,Europe and CIS,A321neo,A320 Family,1.0,ods-december-2025-airbus-commercial-aircraft-1712ap.xlsx,20251009
delivery,2025-10-09,2025,10,CALC (UNITED AIRLINES),A,Asia-Pacific,A321neo,A320 Family,1.0,ods-december-2025-airbus-commercial-aircraft-1712ap.xlsx,20251009
delivery,2025-10-09,2025,10,INDIGO,A,Asia-Pacific,A321neo,A320 Family,1.0,ods-december-2025-airbus-commercial-aircraft-1712ap.xlsx,20251009
delivery,2025-10-13,2025,10,BOCOM LEASING (TURKISH AIRLINES),A,Asia-Pacific,A321neo,A320 Family,1.0,ods-december-2025-airbus-commercial-aircraft-1712ap.xlsx,20251013
delivery,2025-10-14,2025,10,INDIGO,A,Asia-Pacific,A321neo,A320 Family,1.0,ods-december-2025-airbus-commercial-aircraft-1712ap.xlsx,20251014
delivery,2025-10-14,2025,10,WIZZ AIR,E,Europe and CIS,A321neo,A320 Family,1.0,ods-december-2025-airbus-commercial-aircraft-1712ap.xlsx,20251014
delivery,2025-10-15,2025,10,AERCAP (ETIHAD AIRWAYS),E,Europe and CIS,A321neo,A320 Family,1.0,ods-december-2025-airbus-commercial-aircraft-1712ap.xlsx,20251015
delivery,2025-10-15,2025,10,ICBC LEASING (AIR ASTANA),A,Asia-Pacific,A321neo,A320 Family,1.0,ods-december-2025-airbus-commercial-aircraft-1712ap.xlsx,20251015
delivery,2025-10-15,2025,10,INDIGO,A,Asia-Pacific,A321neo,A320 Family,1.0,ods-december-2025-airbus-commercial-aircraft-1712ap.xlsx,20251015
delivery,2025-10-15,2025,10,LATAM AIRLINES GROUP,L,Latin America & Caribbean,A321neo,A320 Family,1.0,ods-december-2025-airbus-commercial-aircraft-1712ap.xlsx,20251015
delivery,2025-10-15,2025,10,WIZZ AIR,E,Europe and CIS,A321neo,A320 Family,1.0,ods-december-2025-airbus-commercial-aircraft-1712ap.xlsx,20251015
delivery,2025-10-16,2025,10,CHINA EASTERN AIRLINES,A,Asia-Pacific,A321neo,A320 Family,1.0,ods-december-2025-airbus-commercial-aircraft-1712ap.xlsx,20251016
delivery,2025-10-16,2025,10,WIZZ AIR,E,Europe and CIS,A321neo,A320 Family,1.0,ods-december-2025-airbus-commercial-aircraft-1712ap.xlsx,20251016
delivery,2025-10-20,2025,10,WIZZ AIR,E,Europe and CIS,A321neo,A320 Family,1.0,ods-december-2025-airbus-commercial-aircraft-1712ap.xlsx,20251020
delivery,2025-10-21,2025,10,AMERICAN AIRLINES,N,North America,A321neo,A320 Family,1.0,ods-december-2025-airbus-commercial-aircraft-1712ap.xlsx,20251021
delivery,2025-10-21,2025,10,CHINA EASTERN AIRLINES,A,Asia-Pacific,A321neo,A320 Family,1.0,ods-december-2025-airbus-commercial-aircraft-1712ap.xlsx,20251021
delivery,2025-10-22,2025,10,UNITED AIRLINES,N,North America,A321neo,A320 Family,1.0,ods-december-2025-airbus-commercial-aircraft-1712ap.xlsx,20251022
delivery,2025-10-24,2025,10,CATHAY PACIFIC AIRCRAFT SERVICES (HK EXPRESS),A,Asia-Pacific,A321neo,A320 Family,1.0,ods-december-2025-airbus-commercial-aircraft-1712ap.xlsx,20251024
delivery,2025-10-24,2025,10,FRONTIER AIRLINES,N,North America,A321neo,A320 Family,1.0,ods-december-2025-airbus-commercial-aircraft-1712ap.xlsx,20251024
delivery,2025-10-24,2025,10,VIVA AEROBUS,L,Latin America & Caribbean,A321neo,A320 Family,1.0,ods-december-2025-airbus-commercial-aircraft-1712ap.xlsx,20251024
delivery,2025-10-27,2025,10,LUFTHANSA,E,Europe and CIS,A321neo,A320 Family,1.0,ods-december-2025-airbus-commercial-aircraft-1712ap.xlsx,20251027
delivery,2025-10-28,2025,10,INDIGO,A,Asia-Pacific,A321neo,A320 Family,1.0,ods-december-2025-airbus-commercial-aircraft-1712ap.xlsx,20251028
delivery,2025-10-29,2025,10,AERCAP (ETIHAD AIRWAYS),E,Europe and CIS,A321neo,A320 Family,1.0,ods-december-2025-airbus-commercial-aircraft-1712ap.xlsx,20251029
delivery,2025-10-29,2025,10,AERCAP (QATAR AIRWAYS),E,Europe and CIS,A321neo,A320 Family,1.0,ods-december-2025-airbus-commercial-aircraft-1712ap.xlsx,20251029
delivery,2025-10-29,2025,10,AIR CHINA,A,Asia-Pacific,A321neo,A320 Family,1.0,ods-december-2025-airbus-commercial-aircraft-1712ap.xlsx,20251029
delivery,2025-10-29,2025,10,INDIGO,A,Asia-Pacific,A321neo,A320 Family,1.0,ods-december-2025-airbus-commercial-aircraft-1712ap.xlsx,20251029
delivery,2025-10-29,2025,10,WIZZ AIR,E,Europe and CIS,A321neo,A320 Family,1.0,ods-december-2025-airbus-commercial-aircraft-1712ap.xlsx,20251029
delivery,2025-10-30,2025,10,AEGEAN AIRLINES,E,Europe and CIS,A321neo,A320 Family,1.0,ods-december-2025-airbus-commercial-aircraft-1712ap.xlsx,20251030
delivery,2025-10-30,2025,10,CALC (UNITED AIRLINES),A,Asia-Pacific,A321neo,A320 Family,1.0,ods-december-2025-airbus-commercial-aircraft-1712ap.xlsx,20251030
delivery,2025-10-30,2025,10,CHINA EASTERN AIRLINES,A,Asia-Pacific,A321neo,A320 Family,1.0,ods-december-2025-airbus-commercial-aircraft-1712ap.xlsx,20251030
delivery,2025-10-30,2025,10,DELTA AIR LINES,N,North America,A321neo,A320 Family,1.0,ods-december-2025-airbus-commercial-aircraft-1712ap.xlsx,20251030
delivery,2025-10-30,2025,10,WIZZ AIR,E,Europe and CIS,A321neo,A320 Family,1.0,ods-december-2025-airbus-commercial-aircraft-1712ap.xlsx,20251030
delivery,2025-10-31,2025,10,AIR CHINA,A,Asia-Pacific,A321neo,A320 Family,1.0,ods-december-2025-airbus-commercial-aircraft-1712ap.xlsx,20251031
delivery,2025-10-31,2025,10,SCOOT,A,Asia-Pacific,A321neo,A320 Family,1.0,ods-december-2025-airbus-commercial-aircraft-1712ap.xlsx,20251031
delivery,2025-11-04,2025,11,WIZZ AIR (JETSMART (CHILE)),E,Europe and CIS,A321neo,A320 Family,1.0,ods-december-2025-airbus-commercial-aircraft-1712ap.xlsx,20251104
delivery,2025-11-05,2025,11,KOREAN AIR,A,Asia-Pacific,A321neo,A320 Family,1.0,ods-december-2025-airbus-commercial-aircraft-1712ap.xlsx,20251105
delivery,2025-11-06,2025,11,AIR CHINA,A,Asia-Pacific,A321neo,A320 Family,1.0,ods-december-2025-airbus-commercial-aircraft-1712ap.xlsx,20251106
delivery,2025-11-07,2025,11,AERCAP (QATAR AIRWAYS),E,Europe and CIS,A321neo,A320 Family,1.0,ods-december-2025-airbus-commercial-aircraft-1712ap.xlsx,20251107
delivery,2025-11-07,2025,11,WIZZ AIR (JETSMART (CHILE)),E,Europe and CIS,A321neo,A320 Family,1.0,ods-december-2025-airbus-commercial-aircraft-1712ap.xlsx,20251107
delivery,2025-11-10,2025,11,CHINA EASTERN AIRLINES,A,Asia-Pacific,A321neo,A320 Family,1.0,ods-december-2025-airbus-commercial-aircraft-1712ap.xlsx,20251110
delivery,2025-11-12,2025,11,CHINA EASTERN AIRLINES,A,Asia-Pacific,A321neo,A320 Family,1.0,ods-december-2025-airbus-commercial-aircraft-1712ap.xlsx,20251112
delivery,2025-11-12,2025,11,JETSMART (CHILE),L,Latin America & Caribbean,A321neo,A320 Family,1.0,ods-december-2025-airbus-commercial-aircraft-1712ap.xlsx,20251112
delivery,2025-11-12,2025,11,NAS AVIATION SERVICES (ETIHAD AIRWAYS),N,North America,A321neo,A320 Family,1.0,ods-december-2025-airbus-commercial-aircraft-1712ap.xlsx,20251112
delivery,2025-11-13,2025,11,FRONTIER AIRLINES,N,North America,A321neo,A320 Family,1.0,ods-december-2025-airbus-commercial-aircraft-1712ap.xlsx,20251113
delivery,2025-11-13,2025,11,UNITED AIRLINES,N,North America,A321neo,A320 Family,2.0,ods-december-2025-airbus-commercial-aircraft-1712ap.xlsx,20251113
delivery,2025-11-14,2025,11,IBERIA,E,Europe and CIS,A321neo,A320 Family,1.0,ods-december-2025-airbus-commercial-aircraft-1712ap.xlsx,20251114
delivery,2025-11-14,2025,11,VIETJET AIR,A,Asia-Pacific,A321neo,A320 Family,1.0,ods-december-2025-airbus-commercial-aircraft-1712ap.xlsx,20251114
delivery,2025-11-17,2025,11,SHENZHEN AIRLINES,A,Asia-Pacific,A321neo,A320 Family,1.0,ods-december-2025-airbus-commercial-aircraft-1712ap.xlsx,20251117
delivery,2025-11-18,2025,11,AIR CHINA,A,Asia-Pacific,A321neo,A320 Family,1.0,ods-december-2025-airbus-commercial-aircraft-1712ap.xlsx,20251118
delivery,2025-11-18,2025,11,AIRASIA,A,Asia-Pacific,A321neo,A320 Family,1.0,ods-december-2025-airbus-commercial-aircraft-1712ap.xlsx,20251118
delivery,2025-11-18,2025,11,CALC (UNITED AIRLINES),A,Asia-Pacific,A321neo,A320 Family,1.0,ods-december-2025-airbus-commercial-aircraft-1712ap.xlsx,20251118
delivery,2025-11-18,2025,11,CATHAY PACIFIC AIRCRAFT SERVICES (HK EXPRESS),A,Asia-Pacific,A321neo,A320 Family,1.0,ods-december-2025-airbus-commercial-aircraft-1712ap.xlsx,20251118
delivery,2025-11-19,2025,11,AERCAP (ETIHAD AIRWAYS),E,Europe and CIS,A321neo,A320 Family,1.0,ods-december-2025-airbus-commercial-aircraft-1712ap.xlsx,20251119
delivery,2025-11-19,2025,11,IBERIA,E,Europe and CIS,A321neo,A320 Family,1.0,ods-december-2025-airbus-commercial-aircraft-1712ap.xlsx,20251119
delivery,2025-11-19,2025,11,ICBC LEASING (JET2.COM),A,Asia-Pacific,A321neo,A320 Family,1.0,ods-december-2025-airbus-commercial-aircraft-1712ap.xlsx,20251119
delivery,2025-11-19,2025,11,TURKISH AIRLINES,E,Europe and CIS,A321neo,A320 Family,1.0,ods-december-2025-airbus-commercial-aircraft-1712ap.xlsx,20251119
delivery,2025-11-20,2025,11,BOCOM LEASING (TURKISH AIRLINES),A,Asia-Pacific,A321neo,A320 Family,1.0,ods-december-2025-airbus-commercial-aircraft-1712ap.xlsx,20251120
delivery,2025-11-20,2025,11,WIZZ AIR,E,Europe and CIS,A321neo,A320 Family,1.0,ods-december-2025-airbus-commercial-aircraft-1712ap.xlsx,20251120
delivery,2025-11-21,2025,11,INDIGO,A,Asia-Pacific,A321neo,A320 Family,1.0,ods-december-2025-airbus-commercial-aircraft-1712ap.xlsx,20251121
delivery,2025-11-21,2025,11,NAS AVIATION SERVICES (QATAR AIRWAYS),N,North America,A321neo,A320 Family,1.0,ods-december-2025-airbus-commercial-aircraft-1712ap.xlsx,20251121
delivery,2025-11-21,2025,11,UNITED AIRLINES,N,North America,A321neo,A320 Family,1.0,ods-december-2025-airbus-commercial-aircraft-1712ap.xlsx,20251121
delivery,2025-11-24,2025,11,AERCAP (ETIHAD AIRWAYS),E,Europe and CIS,A321neo,A320 Family,1.0,ods-december-2025-airbus-commercial-aircraft-1712ap.xlsx,20251124
delivery,2025-11-24,2025,11,AERCAP (QATAR AIRWAYS),E,Europe and CIS,A321neo,A320 Family,1.0,ods-december-2025-airbus-commercial-aircraft-1712ap.xlsx,20251124
delivery,2025-11-24,2025,11,SMBC AVIATION CAPITAL (TURKISH AIRLINES),E,Europe and CIS,A321neo,A320 Family,1.0,ods-december-2025-airbus-commercial-aircraft-1712ap.xlsx,20251124
delivery,2025-11-25,2025,11,INDIGO,A,Asia-Pacific,A321neo,A320 Family,1.0,ods-december-2025-airbus-commercial-aircraft-1712ap.xlsx,20251125
delivery,2025-11-25,2025,11,UNITED AIRLINES,N,North America,A321neo,A320 Family,1.0,ods-december-2025-airbus-commercial-aircraft-1712ap.xlsx,20251125
delivery,2025-11-25,2025,11,WIZZ AIR,E,Europe and CIS,A321neo,A320 Family,1.0,ods-december-2025-airbus-commercial-aircraft-1712ap.xlsx,20251125
delivery,2025-11-27,2025,11,KLM ROYAL DUTCH AIRLINES,E,Europe and CIS,A321neo,A320 Family,1.0,ods-december-2025-airbus-commercial-aircraft-1712ap.xlsx,20251127
delivery,2025-12-02,2025,12,CHINA AIRLINES,A,Asia-Pacific,A321neo,A320 Family,1.0,ods-december-2025-airbus-commercial-aircraft-1712ap.xlsx,20251202
delivery,2025-12-02,2025,12,QANTAS AIRWAYS (JETSTAR AIRWAYS),A,Asia-Pacific,A321neo,A320 Family,1.0,ods-december-2025-airbus-commercial-aircraft-1712ap.xlsx,20251202
delivery,2025-12-02,2025,12,WIZZ AIR,E,Europe and CIS,A321neo,A320 Family,1.0,ods-december-2025-airbus-commercial-aircraft-1712ap.xlsx,20251202
delivery,2025-12-03,2025,12,QANTAS AIRWAYS,A,Asia-Pacific,A321neo,A320 Family,1.0,ods-december-2025-airbus-commercial-aircraft-1712ap.xlsx,20251203
delivery,2025-12-03,2025,12,VIETJET AIR,A,Asia-Pacific,A321neo,A320 Family,1.0,ods-december-2025-airbus-commercial-aircraft-1712ap.xlsx,20251203
delivery,2025-12-04,2025,12,SWISS,E,Europe and CIS,A321neo,A320 Family,1.0,ods-december-2025-airbus-commercial-aircraft-1712ap.xlsx,20251204
delivery,2025-12-04,2025,12,VOLARIS,L,Latin America & Caribbean,A321neo,A320 Family,1.0,ods-december-2025-airbus-commercial-aircraft-1712ap.xlsx,20251204
delivery,2025-12-05,2025,12,AIR CHINA,A,Asia-Pacific,A321neo,A320 Family,1.0,ods-december-2025-airbus-commercial-aircraft-1712ap.xlsx,20251205
delivery,2025-12-08,2025,12,DELTA AIR LINES,N,North America,A321neo,A320 Family,1.0,ods-december-2025-airbus-commercial-aircraft-1712ap.xlsx,20251208
delivery,2025-12-08,2025,12,KOREAN AIR,A,Asia-Pacific,A321neo,A320 Family,1.0,ods-december-2025-airbus-commercial-aircraft-1712ap.xlsx,20251208
delivery,2025-12-09,2025,12,CATHAY PACIFIC AIRCRAFT SERVICES (HK EXPRESS),A,Asia-Pacific,A321neo,A320 Family,1.0,ods-december-2025-airbus-commercial-aircraft-1712ap.xlsx,20251209
delivery,2025-12-09,2025,12,NAS AVIATION SERVICES (SUN PHU QUOC AIRWAYS),N,North America,A321neo,A320 Family,1.0,ods-december-2025-airbus-commercial-aircraft-1712ap.xlsx,20251209
delivery,2025-12-10,2025,12,AMERICAN AIRLINES,N,North America,A321neo,A320 Family,1.0,ods-december-2025-airbus-commercial-aircraft-1712ap.xlsx,20251210
delivery,2025-12-10,2025,12,INDIGO,A,Asia-Pacific,A321neo,A320 Family,1.0,ods-december-2025-airbus-commercial-aircraft-1712ap.xlsx,20251210
delivery,2025-12-11,2025,12,ACCIPITER (KLM ROYAL DUTCH AIRLINES),E,Europe and CIS,A321neo,A320 Family,1.0,ods-december-2025-airbus-commercial-aircraft-1712ap.xlsx,20251211
delivery,2025-12-11,2025,12,INDIGO,A,Asia-Pacific,A321neo,A320 Family,1.0,ods-december-2025-airbus-commercial-aircraft-1712ap.xlsx,20251211
delivery,2025-12-15,2025,12,INDIGO,A,Asia-Pacific,A321neo,A320 Family,1.0,ods-december-2025-airbus-commercial-aircraft-1712ap.xlsx,20251215
delivery,2025-12-16,2025,12,AMERICAN AIRLINES,N,North America,A321neo,A320 Family,1.0,ods-december-2025-airbus-commercial-aircraft-1712ap.xlsx,20251216
delivery,2025-12-16,2025,12,VIETJET AIR,A,Asia-Pacific,A321neo,A320 Family,1.0,ods-december-2025-airbus-commercial-aircraft-1712ap.xlsx,20251216
delivery,2025-12-16,2025,12,WIZZ AIR,E,Europe and CIS,A321neo,A320 Family,1.0,ods-december-2025-airbus-commercial-aircraft-1712ap.xlsx,20251216
delivery,2025-12-17,2025,12,AIR CHINA,A,Asia-Pacific,A321neo,A320 Family,3.0,ods-december-2025-airbus-commercial-aircraft-1712ap.xlsx,20251217
delivery,2025-12-17,2025,12,CATHAY PACIFIC AIRCRAFT SERVICES (HK EXPRESS),A,Asia-Pacific,A321neo,A320 Family,1.0,ods-december-2025-airbus-commercial-aircraft-1712ap.xlsx,20251217
delivery,2025-12-17,2025,12,SCOOT,A,Asia-Pacific,A321neo,A320 Family,1.0,ods-december-2025-airbus-commercial-aircraft-1712ap.xlsx,20251217
delivery,2025-12-17,2025,12,WIZZ AIR (JETSMART (CHILE)),E,Europe and CIS,A321neo,A320 Family,1.0,ods-december-2025-airbus-commercial-aircraft-1712ap.xlsx,20251217
delivery,2025-12-18,2025,12,AIR CHINA,A,Asia-Pacific,A321neo,A320 Family,1.0,ods-december-2025-airbus-commercial-aircraft-1712ap.xlsx,20251218
delivery,2025-12-18,2025,12,AIR LEASE CORPORATION (QANOT SHARQ AIRLINES),N,North America,A321neo,A320 Family,1.0,ods-december-2025-airbus-commercial-aircraft-1712ap.xlsx,20251218
delivery,2025-12-18,2025,12,AIRASIA,A,Asia-Pacific,A321neo,A320 Family,1.0,ods-december-2025-airbus-commercial-aircraft-1712ap.xlsx,20251218
delivery,2025-12-18,2025,12,CHINA AIRLINES,A,Asia-Pacific,A321neo,A320 Family,1.0,ods-december-2025-airbus-commercial-aircraft-1712ap.xlsx,20251218
delivery,2025-12-18,2025,12,INDIGO,A,Asia-Pacific,A321neo,A320 Family,2.0,ods-december-2025-airbus-commercial-aircraft-1712ap.xlsx,20251218
delivery,2025-12-18,2025,12,WIZZ AIR,E,Europe and CIS,A321neo,A320 Family,3.0,ods-december-2025-airbus-commercial-aircraft-1712ap.xlsx,20251218
delivery,2025-12-19,2025,12,AIR CHINA,A,Asia-Pacific,A321neo,A320 Family,1.0,ods-december-2025-airbus-commercial-aircraft-1712ap.xlsx,20251219
delivery,2025-12-19,2025,12,AIR LEASE CORPORATION (TRANSAVIA),N,North America,A321neo,A320 Family,1.0,ods-december-2025-airbus-commercial-aircraft-1712ap.xlsx,20251219
delivery,2025-12-19,2025,12,CEBU PACIFIC,A,Asia-Pacific,A321neo,A320 Family,1.0,ods-december-2025-airbus-commercial-aircraft-1712ap.xlsx,20251219
delivery,2025-12-19,2025,12,UNITED AIRLINES,N,North America,A321neo,A320 Family,1.0,ods-december-2025-airbus-commercial-aircraft-1712ap.xlsx,20251219
delivery,2025-12-19,2025,12,WIZZ AIR,E,Europe and CIS,A321neo,A320 Family,1.0,ods-december-2025-airbus-commercial-aircraft-1712ap.xlsx,20251219
delivery,2025-12-22,2025,12,DELTA AIR LINES,N,North America,A321neo,A320 Family,1.0,ods-december-2025-airbus-commercial-aircraft-1712ap.xlsx,20251222
delivery,2025-12-22,2025,12,FRONTIER AIRLINES,N,North America,A321neo,A320 Family,1.0,ods-december-2025-airbus-commercial-aircraft-1712ap.xlsx,20251222
delivery,2025-12-22,2025,12,INDIGO,A,Asia-Pacific,A321neo,A320 Family,1.0,ods-december-2025-airbus-commercial-aircraft-1712ap.xlsx,20251222
delivery,2025-12-22,2025,12,LATAM AIRLINES GROUP,L,Latin America & Caribbean,A321neo,A320 Family,1.0,ods-december-2025-airbus-commercial-aircraft-1712ap.xlsx,20251222
delivery,2025-12-22,2025,12,UNITED AIRLINES,N,North America,A321neo,A320 Family,2.0,ods-december-2025-airbus-commercial-aircraft-1712ap.xlsx,20251222
delivery,2025-12-23,2025,12,AERCAP (THAI AIRWAYS),E,Europe and CIS,A321neo,A320 Family,1.0,ods-december-2025-airbus-commercial-aircraft-1712ap.xlsx,20251223
delivery,2025-12-23,2025,12,CHINA SOUTHERN AIRLINES,A,Asia-Pacific,A321neo,A320 Family,1.0,ods-december-2025-airbus-commercial-aircraft-1712ap.xlsx,20251223
delivery,2025-12-23,2025,12,JETBLUE AIRWAYS,N,North America,A321neo,A320 Family,1.0,ods-december-2025-airbus-commercial-aircraft-1712ap.xlsx,20251223
delivery,2025-12-27,2025,12,INDIGO,A,Asia-Pacific,A321neo,A320 Family,1.0,ods-december-2025-airbus-commercial-aircraft-1712ap.xlsx,20251227
delivery,2025-12-29,2025,12,CHINA SOUTHERN AIRLINES,A,Asia-Pacific,A321neo,A320 Family,2.0,ods-december-2025-airbus-commercial-aircraft-1712ap.xlsx,20251229
delivery,2025-12-29,2025,12,INDIGO,A,Asia-Pacific,A321neo,A320 Family,1.0,ods-december-2025-airbus-commercial-aircraft-1712ap.xlsx,20251229
delivery,2025-12-29,2025,12,QINGDAO AIRLINES,A,Asia-Pacific,A321neo,A320 Family,1.0,ods-december-2025-airbus-commercial-aircraft-1712ap.xlsx,20251229
delivery,2025-12-29,2025,12,SMBC AVIATION CAPITAL (TURKISH AIRLINES),E,Europe and CIS,A321neo,A320 Family,1.0,ods-december-2025-airbus-commercial-aircraft-1712ap.xlsx,20251229
delivery,2025-12-29,2025,12,VIETJET AIR,A,Asia-Pacific,A321neo,A320 Family,1.0,ods-december-2025-airbus-commercial-aircraft-1712ap.xlsx,20251229
delivery,2025-12-30,2025,12,AERCAP (ETIHAD AIRWAYS),E,Europe and CIS,A321neo,A320 Family,1.0,ods-december-2025-airbus-commercial-aircraft-1712ap.xlsx,20251230
delivery,2025-12-30,2025,12,AIRASIA,A,Asia-Pacific,A321neo,A320 Family,1.0,ods-december-2025-airbus-commercial-aircraft-1712ap.xlsx,20251230
delivery,2025-12-30,2025,12,EASYJET,E,Europe and CIS,A321neo,A320 Family,2.0,ods-december-2025-airbus-commercial-aircraft-1712ap.xlsx,20251230
delivery,2025-12-30,2025,12,IBERIA,E,Europe and CIS,A321neo,A320 Family,1.0,ods-december-2025-airbus-commercial-aircraft-1712ap.xlsx,20251230
delivery,2025-12-30,2025,12,VIETJET AIR,A,Asia-Pacific,A321neo,A320 Family,1.0,ods-december-2025-airbus-commercial-aircraft-1712ap.xlsx,20251230
delivery,2025-12-30,2025,12,WIZZ AIR,E,Europe and CIS,A321neo,A320 Family,1.0,ods-december-2025-airbus-commercial-aircraft-1712ap.xlsx,20251230
delivery,2025-12-31,2025,12,INDIGO,A,Asia-Pacific,A321neo,A320 Family,1.0,ods-december-2025-airbus-commercial-aircraft-1712ap.xlsx,20251231
delivery,2025-12-31,2025,12,VIETJET AIR,A,Asia-Pacific,A321neo,A320 Family,1.0,ods-december-2025-airbus-commercial-aircraft-1712ap.xlsx,20251231
delivery,2025-06-30,2025,6,AIRBUS DEFENCE AND SPACE (CANADIAN ARMED FORCES),E,Europe and CIS,A330-200,A330,1.0,ods-december-2025-airbus-commercial-aircraft-1712ap.xlsx,20250630
delivery,2025-12-29,2025,12,AIRBUS DEFENCE AND SPACE (ROYAL SAUDI AIR FORCE),E,Europe and CIS,A330-200,A330,1.0,ods-december-2025-airbus-commercial-aircraft-1712ap.xlsx,20251229
delivery,2025-11-28,2025,11,PRIVATE CUSTOMER (THE SULTAN'S FLIGHT),,Unknown,A330-800,A330,1.0,ods-december-2025-airbus-commercial-aircraft-1712ap.xlsx,20251128
delivery,2025-02-17,2025,2,CIT LEASING (MALAYSIA AIRLINES),E,Europe and CIS,A330-900,A330,1.0,ods-december-2025-airbus-commercial-aircraft-1712ap.xlsx,20250217
delivery,2025-02-20,2025,2,DELTA AIR LINES,N,North America,A330-900,A330,1.0,ods-december-2025-airbus-commercial-aircraft-1712ap.xlsx,20250220
delivery,2025-03-26,2025,3,CEBU PACIFIC,A,Asia-Pacific,A330-900,A330,1.0,ods-december-2025-airbus-commercial-aircraft-1712ap.xlsx,20250326
delivery,2025-03-26,2025,3,CIT LEASING,E,Europe and CIS,A330-900,A330,1.0,ods-december-2025-airbus-commercial-aircraft-1712ap.xlsx,20250326
delivery,2025-04-17,2025,4,CIT LEASING (MALAYSIA AIRLINES),E,Europe and CIS,A330-900,A330,1.0,ods-december-2025-airbus-commercial-aircraft-1712ap.xlsx,20250417
delivery,2025-04-23,2025,4,KUWAIT AIRWAYS,M,Middle East,A330-900,A330,1.0,ods-december-2025-airbus-commercial-aircraft-1712ap.xlsx,20250423
delivery,2025-05-08,2025,5,DELTA AIR LINES,N,North America,A330-900,A330,1.0,ods-december-2025-airbus-commercial-aircraft-1712ap.xlsx,20250508
delivery,2025-05-19,2025,5,DELTA AIR LINES,N,North America,A330-900,A330,1.0,ods-december-2025-airbus-commercial-aircraft-1712ap.xlsx,20250519
delivery,2025-05-28,2025,5,DELTA AIR LINES,N,North America,A330-900,A330,1.0,ods-december-2025-airbus-commercial-aircraft-1712ap.xlsx,20250528
delivery,2025-06-12,2025,6,KUWAIT AIRWAYS,M,Middle East,A330-900,A330,1.0,ods-december-2025-airbus-commercial-aircraft-1712ap.xlsx,20250612
delivery,2025-06-16,2025,6,CIT LEASING (MALAYSIA AIRLINES),E,Europe and CIS,A330-900,A330,1.0,ods-december-2025-airbus-commercial-aircraft-1712ap.xlsx,20250616
delivery,2025-07-16,2025,7,CEBU PACIFIC,A,Asia-Pacific,A330-900,A330,1.0,ods-december-2025-airbus-commercial-aircraft-1712ap.xlsx,20250716
delivery,2025-07-31,2025,7,DELTA AIR LINES,N,North America,A330-900,A330,1.0,ods-december-2025-airbus-commercial-aircraft-1712ap.xlsx,20250731
delivery,2025-08-01,2025,8,CIT LEASING (MALAYSIA AIRLINES),E,Europe and CIS,A330-900,A330,1.0,ods-december-2025-airbus-commercial-aircraft-1712ap.xlsx,20250801
delivery,2025-08-29,2025,8,AVOLON (MALAYSIA AIRLINES),E,Europe and CIS,A330-900,A330,1.0,ods-december-2025-airbus-commercial-aircraft-1712ap.xlsx,20250829
delivery,2025-09-03,2025,9,AIR COTE D'IVOIRE,F,Africa,A330-900,A330,1.0,ods-december-2025-airbus-commercial-aircraft-1712ap.xlsx,20250903
delivery,2025-09-18,2025,9,DELTA AIR LINES,N,North America,A330-900,A330,1.0,ods-december-2025-airbus-commercial-aircraft-1712ap.xlsx,20250918
delivery,2025-09-23,2025,9,DELTA AIR LINES,N,North America,A330-900,A330,1.0,ods-december-2025-airbus-commercial-aircraft-1712ap.xlsx,20250923
delivery,2025-09-26,2025,9,CIT LEASING (MALAYSIA AIRLINES),E,Europe and CIS,A330-900,A330,1.0,ods-december-2025-airbus-commercial-aircraft-1712ap.xlsx,20250926
delivery,2025-10-15,2025,10,KUWAIT AIRWAYS,M,Middle East,A330-900,A330,1.0,ods-december-2025-airbus-commercial-aircraft-1712ap.xlsx,20251015
delivery,2025-10-29,2025,10,HAINAN AIRLINES,A,Asia-Pacific,A330-900,A330,1.0,ods-december-2025-airbus-commercial-aircraft-1712ap.xlsx,20251029
delivery,2025-10-31,2025,10,CEBU PACIFIC,A,Asia-Pacific,A330-900,A330,1.0,ods-december-2025-airbus-commercial-aircraft-1712ap.xlsx,20251031
delivery,2025-11-12,2025,11,AIR ALGERIE,F,Africa,A330-900,A330,1.0,ods-december-2025-airbus-commercial-aircraft-1712ap.xlsx,20251112
delivery,2025-11-14,2025,11,AVOLON (MALAYSIA AIRLINES),E,Europe and CIS,A330-900,A330,1.0,ods-december-2025-airbus-commercial-aircraft-1712ap.xlsx,20251114
delivery,2025-11-26,2025,11,ITA AIRWAYS,E,Europe and CIS,A330-900,A330,1.0,ods-december-2025-airbus-commercial-aircraft-1712ap.xlsx,20251126
delivery,2025-12-08,2025,12,KUWAIT AIRWAYS,M,Middle East,A330-900,A330,1.0,ods-december-2025-airbus-commercial-aircraft-1712ap.xlsx,20251208
delivery,2025-12-11,2025,12,CEBU PACIFIC,A,Asia-Pacific,A330-900,A330,1.0,ods-december-2025-airbus-commercial-aircraft-1712ap.xlsx,20251211
delivery,2025-12-17,2025,12,AVOLON (STARLUX AIRLINES),E,Europe and CIS,A330-900,A330,1.0,ods-december-2025-airbus-commercial-aircraft-1712ap.xlsx,20251217
delivery,2025-12-20,2025,12,CIT LEASING (MALAYSIA AIRLINES),E,Europe and CIS,A330-900,A330,1.0,ods-december-2025-airbus-commercial-aircraft-1712ap.xlsx,20251220
delivery,2025-12-22,2025,12,AIR COTE D'IVOIRE,F,Africa,A330-900,A330,1.0,ods-december-2025-airbus-commercial-aircraft-1712ap.xlsx,20251222
delivery,2025-12-29,2025,12,ITA AIRWAYS,E,Europe and CIS,A330-900,A330,1.0,ods-december-2025-airbus-commercial-aircraft-1712ap.xlsx,20251229
delivery,2025-12-30,2025,12,AIR ALGERIE,F,Africa,A330-900,A330,1.0,ods-december-2025-airbus-commercial-aircraft-1712ap.xlsx,20251230
delivery,2025-12-31,2025,12,ITA AIRWAYS,E,Europe and CIS,A330-900,A330,1.0,ods-december-2025-airbus-commercial-aircraft-1712ap.xlsx,20251231
delivery,2025-01-21,2025,1,EMIRATES,M,Middle East,A350-900,A350,1.0,ods-december-2025-airbus-commercial-aircraft-1712ap.xlsx,20250121
delivery,2025-02-27,2025,2,AIR FRANCE,E,Europe and CIS,A350-900,A350,1.0,ods-december-2025-airbus-commercial-aircraft-1712ap.xlsx,20250227
delivery,2025-03-18,2025,3,AIR FRANCE,E,Europe and CIS,A350-900,A350,1.0,ods-december-2025-airbus-commercial-aircraft-1712ap.xlsx,20250318
delivery,2025-03-20,2025,3,EMIRATES,M,Middle East,A350-900,A350,1.0,ods-december-2025-airbus-commercial-aircraft-1712ap.xlsx,20250320
delivery,2025-03-21,2025,3,TURKISH AIRLINES,E,Europe and CIS,A350-900,A350,1.0,ods-december-2025-airbus-commercial-aircraft-1712ap.xlsx,20250321
delivery,2025-03-25,2025,3,DELTA AIR LINES,N,North America,A350-900,A350,1.0,ods-december-2025-airbus-commercial-aircraft-1712ap.xlsx,20250325
delivery,2025-03-26,2025,3,TURKISH AIRLINES,E,Europe and CIS,A350-900,A350,1.0,ods-december-2025-airbus-commercial-aircraft-1712ap.xlsx,20250326
delivery,2025-03-27,2025,3,STARLUX AIRLINES,A,Asia-Pacific,A350-900,A350,1.0,ods-december-2025-airbus-commercial-aircraft-1712ap.xlsx,20250327
delivery,2025-04-11,2025,4,STARLUX AIRLINES,A,Asia-Pacific,A350-900,A350,1.0,ods-december-2025-airbus-commercial-aircraft-1712ap.xlsx,20250411
delivery,2025-04-17,2025,4,TURKISH AIRLINES,E,Europe and CIS,A350-900,A350,1.0,ods-december-2025-airbus-commercial-aircraft-1712ap.xlsx,20250417
delivery,2025-04-30,2025,4,DELTA AIR LINES,N,North America,A350-900,A350,1.0,ods-december-2025-airbus-commercial-aircraft-1712ap.xlsx,20250430
delivery,2025-05-15,2025,5,EMIRATES,M,Middle East,A350-900,A350,1.0,ods-december-2025-airbus-commercial-aircraft-1712ap.xlsx,20250515
delivery,2025-05-21,2025,5,TURKISH AIRLINES,E,Europe and CIS,A350-900,A350,1.0,ods-december-2025-airbus-commercial-aircraft-1712ap.xlsx,20250521
delivery,2025-05-30,2025,5,EMIRATES,M,Middle East,A350-900,A350,1.0,ods-december-2025-airbus-commercial-aircraft-1712ap.xlsx,20250530
delivery,2025-06-12,2025,6,EMIRATES,M,Middle East,A350-900,A350,1.0,ods-december-2025-airbus-commercial-aircraft-1712ap.xlsx,20250612
delivery,2025-06-16,2025,6,AIR FRANCE,E,Europe and CIS,A350-900,A350,1.0,ods-december-2025-airbus-commercial-aircraft-1712ap.xlsx,20250616
delivery,2025-06-20,2025,6,LUFTHANSA,E,Europe and CIS,A350-900,A350,1.0,ods-december-2025-airbus-commercial-aircraft-1712ap.xlsx,20250620
delivery,2025-06-24,2025,6,DELTA AIR LINES,N,North America,A350-900,A350,1.0,ods-december-2025-airbus-commercial-aircraft-1712ap.xlsx,20250624
delivery,2025-06-25,2025,6,SICHUAN AIRLINES,A,Asia-Pacific,A350-900,A350,1.0,ods-december-2025-airbus-commercial-aircraft-1712ap.xlsx,20250625
delivery,2025-07-03,2025,7,EMIRATES,M,Middle East,A350-900,A350,1.0,ods-december-2025-airbus-commercial-aircraft-1712ap.xlsx,20250703
delivery,2025-07-11,2025,7,AIR FRANCE,E,Europe and CIS,A350-900,A350,1.0,ods-december-2025-airbus-commercial-aircraft-1712ap.xlsx,20250711
delivery,2025-07-18,2025,7,TURKISH AIRLINES,E,Europe and CIS,A350-900,A350,1.0,ods-december-2025-airbus-commercial-aircraft-1712ap.xlsx,20250718
delivery,2025-07-28,2025,7,IBERIA,E,Europe and CIS,A350-900,A350,1.0,ods-december-2025-airbus-commercial-aircraft-1712ap.xlsx,20250728
delivery,2025-08-14,2025,8,JAPAN AIRLINES,A,Asia-Pacific,A350-900,A350,1.0,ods-december-2025-airbus-commercial-aircraft-1712ap.xlsx,20250814
delivery,2025-08-22,2025,8,EMIRATES,M,Middle East,A350-900,A350,1.0,ods-december-2025-airbus-commercial-aircraft-1712ap.xlsx,20250822
delivery,2025-09-17,2025,9,TURKISH AIRLINES,E,Europe and CIS,A350-900,A350,1.0,ods-december-2025-airbus-commercial-aircraft-1712ap.xlsx,20250917
delivery,2025-10-07,2025,10,LUFTHANSA (SWISS),E,Europe and CIS,A350-900,A350,1.0,ods-december-2025-airbus-commercial-aircraft-1712ap.xlsx,20251007
delivery,2025-10-09,2025,10,EMIRATES,M,Middle East,A350-900,A350,1.0,ods-december-2025-airbus-commercial-aircraft-1712ap.xlsx,20251009
delivery,2025-10-21,2025,10,EMIRATES,M,Middle East,A350-900,A350,1.0,ods-december-2025-airbus-commercial-aircraft-1712ap.xlsx,20251021
delivery,2025-10-27,2025,10,EMIRATES,M,Middle East,A350-900,A350,1.0,ods-december-2025-airbus-commercial-aircraft-1712ap.xlsx,20251027
delivery,2025-10-31,2025,10,EMIRATES,M,Middle East,A350-900,A350,1.0,ods-december-2025-airbus-commercial-aircraft-1712ap.xlsx,20251031
delivery,2025-11-13,2025,11,DELTA AIR LINES,N,North America,A350-900,A350,1.0,ods-december-2025-airbus-commercial-aircraft-1712ap.xlsx,20251113
delivery,2025-11-24,2025,11,AIR FRANCE,E,Europe and CIS,A350-900,A350,1.0,ods-december-2025-airbus-commercial-aircraft-1712ap.xlsx,20251124
delivery,2025-12-15,2025,12,DELTA AIR LINES,N,North America,A350-900,A350,1.0,ods-december-2025-airbus-commercial-aircraft-1712ap.xlsx,20251215
delivery,2025-12-15,2025,12,TURKISH AIRLINES,E,Europe and CIS,A350-900,A350,1.0,ods-december-2025-airbus-commercial-aircraft-1712ap.xlsx,20251215
delivery,2025-12-18,2025,12,SAS,E,Europe and CIS,A350-900,A350,1.0,ods-december-2025-airbus-commercial-aircraft-1712ap.xlsx,20251218
delivery,2025-12-19,2025,12,EMIRATES,M,Middle East,A350-900,A350,1.0,ods-december-2025-airbus-commercial-aircraft-1712ap.xlsx,20251219
delivery,2025-12-23,2025,12,AIR FRANCE,E,Europe and CIS,A350-900,A350,1.0,ods-december-2025-airbus-commercial-aircraft-1712ap.xlsx,20251223
delivery,2025-12-23,2025,12,EMIRATES,M,Middle East,A350-900,A350,1.0,ods-december-2025-airbus-commercial-aircraft-1712ap.xlsx,20251223
delivery,2025-12-24,2025,12,TURKISH AIRLINES,E,Europe and CIS,A350-900,A350,1.0,ods-december-2025-airbus-commercial-aircraft-1712ap.xlsx,20251224
delivery,2025-12-29,2025,12,EMIRATES,M,Middle East,A350-900,A350,1.0,ods-december-2025-airbus-commercial-aircraft-1712ap.xlsx,20251229
delivery,2025-12-30,2025,12,TURKISH AIRLINES,E,Europe and CIS,A350-900,A350,1.0,ods-december-2025-airbus-commercial-aircraft-1712ap.xlsx,20251230
delivery,2025-01-27,2025,1,JAPAN AIRLINES,A,Asia-Pacific,A350-1000,A350,1.0,ods-december-2025-airbus-commercial-aircraft-1712ap.xlsx,20250127
delivery,2025-04-11,2025,4,ETIHAD AIRWAYS,M,Middle East,A350-1000,A350,1.0,ods-december-2025-airbus-commercial-aircraft-1712ap.xlsx,20250411
delivery,2025-07-15,2025,7,JAPAN AIRLINES,A,Asia-Pacific,A350-1000,A350,1.0,ods-december-2025-airbus-commercial-aircraft-1712ap.xlsx,20250715
delivery,2025-07-17,2025,7,ETIHAD AIRWAYS,M,Middle East,A350-1000,A350,1.0,ods-december-2025-airbus-commercial-aircraft-1712ap.xlsx,20250717
delivery,2025-08-01,2025,8,ETHIOPIAN AIRLINES,F,Africa,A350-1000,A350,1.0,ods-december-2025-airbus-commercial-aircraft-1712ap.xlsx,20250801
delivery,2025-08-13,2025,8,QATAR AIRWAYS,M,Middle East,A350-1000,A350,1.0,ods-december-2025-airbus-commercial-aircraft-1712ap.xlsx,20250813
delivery,2025-08-30,2025,8,ETIHAD AIRWAYS,M,Middle East,A350-1000,A350,1.0,ods-december-2025-airbus-commercial-aircraft-1712ap.xlsx,20250830
delivery,2025-10-16,2025,10,ETIHAD AIRWAYS,M,Middle East,A350-1000,A350,1.0,ods-december-2025-airbus-commercial-aircraft-1712ap.xlsx,20251016
delivery,2025-10-16,2025,10,QATAR AIRWAYS,M,Middle East,A350-1000,A350,1.0,ods-december-2025-airbus-commercial-aircraft-1712ap.xlsx,20251016
delivery,2025-11-12,2025,11,QATAR AIRWAYS,M,Middle East,A350-1000,A350,1.0,ods-december-2025-airbus-commercial-aircraft-1712ap.xlsx,20251112
delivery,2025-11-29,2025,11,QATAR AIRWAYS,M,Middle East,A350-1000,A350,1.0,ods-december-2025-airbus-commercial-aircraft-1712ap.xlsx,20251129
delivery,2025-12-18,2025,12,PHILIPPINE AIRLINES,A,Asia-Pacific,A350-1000,A350,1.0,ods-december-2025-airbus-commercial-aircraft-1712ap.xlsx,20251218
delivery,2025-12-19,2025,12,ETIHAD AIRWAYS,M,Middle East,A350-1000,A350,1.0,ods-december-2025-airbus-commercial-aircraft-1712ap.xlsx,20251219
delivery,2025-12-24,2025,12,AIR INDIA,A,Asia-Pacific,A350-1000,A350,1.0,ods-december-2025-airbus-commercial-aircraft-1712ap.xlsx,20251224
delivery,2025-12-31,2025,12,STARLUX AIRLINES,A,Asia-Pacific,A350-1000,A350,1.0,ods-december-2025-airbus-commercial-aircraft-1712ap.xlsx,20251231
order,2026-03-24,2026,3,BERMUDAIR,,Unknown,A220-300,A220,10.0,orders-and-deliveries-july-2026.xlsx,20260324
order,2026-03-31,2026,3,UNDISCLOSED,,Unknown,A220-300,A220,10.0,orders-and-deliveries-july-2026.xlsx,20260331
order,2026-04-30,2026,4,UNDISCLOSED,,Unknown,A220-300,A220,2.0,orders-and-deliveries-july-2026.xlsx,20260430
order,2026-05-04,2026,5,AZORRA,,Unknown,A220-300,A220,6.0,orders-and-deliveries-july-2026.xlsx,20260504
order,2026-05-28,2026,5,AIRASIA,,Unknown,A220-300,A220,150.0,orders-and-deliveries-july-2026.xlsx,20260528
order,2026-07-31,2026,7,UNDISCLOSED,,Unknown,A319neo,A320 Family,1.0,orders-and-deliveries-july-2026.xlsx,20260731
order,2026-01-02,2026,1,SPRING AIRLINES,,Unknown,A320neo,A320 Family,24.0,orders-and-deliveries-july-2026.xlsx,20260102
order,2026-01-23,2026,1,INTERNATIONAL AIRLINES GROUP (IAG),,Unknown,A320neo,A320 Family,8.0,orders-and-deliveries-july-2026.xlsx,20260123
order,2026-02-25,2026,2,UNDISCLOSED,,Unknown,A320neo,A320 Family,1.0,orders-and-deliveries-july-2026.xlsx,20260225
order,2026-02-26,2026,2,AIR ASTANA,,Unknown,A320neo,A320 Family,5.0,orders-and-deliveries-july-2026.xlsx,20260226
order,2026-03-12,2026,3,NAS AVIATION SERVICES,,Unknown,A320neo,A320 Family,23.0,orders-and-deliveries-july-2026.xlsx,20260312
order,2026-03-27,2026,3,JUNEYAO AIR,,Unknown,A320neo,A320 Family,13.0,orders-and-deliveries-july-2026.xlsx,20260327
order,2026-03-30,2026,3,CHINA EASTERN AIRLINES,,Unknown,A320neo,A320 Family,18.0,orders-and-deliveries-july-2026.xlsx,20260330
order,2026-04-16,2026,4,SCOOT,,Unknown,A320neo,A320 Family,4.0,orders-and-deliveries-july-2026.xlsx,20260416
order,2026-05-13,2026,5,UNDISCLOSED,,Unknown,A320neo,A320 Family,20.0,orders-and-deliveries-july-2026.xlsx,20260513
order,2026-05-18,2026,5,CHINA SOUTHERN AIRLINES,,Unknown,A320neo,A320 Family,23.0,orders-and-deliveries-july-2026.xlsx,20260518
order,2026-06-10,2026,6,SCOOT,,Unknown,A320neo,A320 Family,2.0,orders-and-deliveries-july-2026.xlsx,20260610
order,2026-06-18,2026,6,SHOHIN AIRLINES,,Unknown,A320neo,A320 Family,2.0,orders-and-deliveries-july-2026.xlsx,20260618
order,2026-06-24,2026,6,UNDISCLOSED,,Unknown,A320neo,A320 Family,1.0,orders-and-deliveries-july-2026.xlsx,20260624
order,2026-06-30,2026,6,UNDISCLOSED,,Unknown,A320neo,A320 Family,16.0,orders-and-deliveries-july-2026.xlsx,20260630
order,2026-07-24,2026,7,HAINAN AIRLINES,,Unknown,A320neo,A320 Family,27.0,orders-and-deliveries-july-2026.xlsx,20260724
order,2026-07-24,2026,7,SMBC AVIATION CAPITAL,,Unknown,A320neo,A320 Family,35.0,orders-and-deliveries-july-2026.xlsx,20260724
order,2026-07-31,2026,7,UNDISCLOSED,,Unknown,A320neo,A320 Family,1.0,orders-and-deliveries-july-2026.xlsx,20260731
order,2026-01-02,2026,1,SPRING AIRLINES,,Unknown,A321neo,A320 Family,6.0,orders-and-deliveries-july-2026.xlsx,20260102
order,2026-01-02,2026,1,UNDISCLOSED,,Unknown,A321neo,A320 Family,6.0,orders-and-deliveries-july-2026.xlsx,20260102
order,2026-01-23,2026,1,INTERNATIONAL AIRLINES GROUP (IAG),,Unknown,A321neo,A320 Family,2.0,orders-and-deliveries-july-2026.xlsx,20260123
order,2026-01-30,2026,1,UNDISCLOSED,,Unknown,A321neo,A320 Family,2.0,orders-and-deliveries-july-2026.xlsx,20260130
order,2026-02-11,2026,2,TIGERAIR TAIWAN,,Unknown,A321neo,A320 Family,2.0,orders-and-deliveries-july-2026.xlsx,20260211
order,2026-02-26,2026,2,AIR ASTANA,,Unknown,A321neo,A320 Family,20.0,orders-and-deliveries-july-2026.xlsx,20260226
order,2026-03-03,2026,3,DELTA AIR LINES,,Unknown,A321neo,A320 Family,34.0,orders-and-deliveries-july-2026.xlsx,20260303
order,2026-03-12,2026,3,NAS AVIATION SERVICES,,Unknown,A321neo,A320 Family,77.0,orders-and-deliveries-july-2026.xlsx,20260312
order,2026-03-27,2026,3,JUNEYAO AIR,,Unknown,A321neo,A320 Family,12.0,orders-and-deliveries-july-2026.xlsx,20260327
order,2026-03-30,2026,3,CHINA EASTERN AIRLINES,,Unknown,A321neo,A320 Family,83.0,orders-and-deliveries-july-2026.xlsx,20260330
order,2026-04-01,2026,4,UNDISCLOSED,,Unknown,A321neo,A320 Family,6.0,orders-and-deliveries-july-2026.xlsx,20260401
order,2026-04-16,2026,4,SCOOT,,Unknown,A321neo,A320 Family,1.0,orders-and-deliveries-july-2026.xlsx,20260416
order,2026-05-13,2026,5,UNDISCLOSED,,Unknown,A321neo,A320 Family,50.0,orders-and-deliveries-july-2026.xlsx,20260513
order,2026-05-18,2026,5,CHINA SOUTHERN AIRLINES,,Unknown,A321neo,A320 Family,79.0,orders-and-deliveries-july-2026.xlsx,20260518
order,2026-05-28,2026,5,XIAMEN AIRLINES,,Unknown,A321neo,A320 Family,35.0,orders-and-deliveries-july-2026.xlsx,20260528
order,2026-06-10,2026,6,SCOOT,,Unknown,A321neo,A320 Family,4.0,orders-and-deliveries-july-2026.xlsx,20260610
order,2026-06-18,2026,6,SHOHIN AIRLINES,,Unknown,A321neo,A320 Family,2.0,orders-and-deliveries-july-2026.xlsx,20260618
order,2026-06-30,2026,6,UNDISCLOSED,,Unknown,A321neo,A320 Family,24.0,orders-and-deliveries-july-2026.xlsx,20260630
order,2026-07-01,2026,7,UNDISCLOSED,,Unknown,A321neo,A320 Family,6.0,orders-and-deliveries-july-2026.xlsx,20260701
order,2026-07-22,2026,7,FLYNAS,,Unknown,A321neo,A320 Family,20.0,orders-and-deliveries-july-2026.xlsx,20260722
order,2026-07-24,2026,7,HAINAN AIRLINES,,Unknown,A321neo,A320 Family,13.0,orders-and-deliveries-july-2026.xlsx,20260724
order,2026-07-24,2026,7,SMBC AVIATION CAPITAL,,Unknown,A321neo,A320 Family,65.0,orders-and-deliveries-july-2026.xlsx,20260724
order,2026-06-16,2026,6,AIRBUS DEFENCE AND SPACE,,Unknown,A330-800,A330,1.0,orders-and-deliveries-july-2026.xlsx,20260616
order,2026-01-14,2026,1,AIR ALGERIE,,Unknown,A330-900,A330,1.0,orders-and-deliveries-july-2026.xlsx,20260114
order,2026-03-30,2026,3,DELTA AIR LINES,,Unknown,A330-900,A330,16.0,orders-and-deliveries-july-2026.xlsx,20260330
order,2026-06-01,2026,6,AIR ALGERIE,,Unknown,A330-900,A330,1.0,orders-and-deliveries-july-2026.xlsx,20260601
order,2026-06-30,2026,6,SAS,,Unknown,A330-900,A330,18.0,orders-and-deliveries-july-2026.xlsx,20260630
order,2026-07-22,2026,7,FLYNAS,,Unknown,A330-900,A330,5.0,orders-and-deliveries-july-2026.xlsx,20260722
order,2026-07-23,2026,7,CHINA EASTERN AIRLINES,,Unknown,A330-900,A330,25.0,orders-and-deliveries-july-2026.xlsx,20260723
order,2026-03-16,2026,3,ATLAS AIR,,Unknown,A350F,A350,20.0,orders-and-deliveries-july-2026.xlsx,20260316
order,2026-05-14,2026,5,CATHAY PACIFIC AIRCRAFT SERVICES,,Unknown,A350F,A350,2.0,orders-and-deliveries-july-2026.xlsx,20260514
order,2026-05-26,2026,5,AIR CHINA CARGO,,Unknown,A350F,A350,4.0,orders-and-deliveries-july-2026.xlsx,20260526
order,2026-03-30,2026,3,DELTA AIR LINES,,Unknown,A350-900,A350,15.0,orders-and-deliveries-july-2026.xlsx,20260330
order,2026-04-06,2026,4,UNDISCLOSED,,Unknown,A350-900,A350,15.0,orders-and-deliveries-july-2026.xlsx,20260406
order,2026-05-19,2026,5,LUFTHANSA,,Unknown,A350-900,A350,10.0,orders-and-deliveries-july-2026.xlsx,20260519
order,2026-07-15,2026,7,RIYADH AIR,,Unknown,A350-1000,A350,6.0,orders-and-deliveries-july-2026.xlsx,20260715
delivery,2026-03-12,2026,3,SUMISHO AIR LEASE (CROATIA AIRLINES),N,North America,A220-100,A220,1.0,orders-and-deliveries-july-2026.xlsx,20260312
delivery,2026-01-15,2026,1,AIR FRANCE,E,Europe and CIS,A220-300,A220,1.0,orders-and-deliveries-july-2026.xlsx,20260115
delivery,2026-01-16,2026,1,AIR CANADA,N,North America,A220-300,A220,1.0,orders-and-deliveries-july-2026.xlsx,20260116
delivery,2026-01-30,2026,1,BREEZE AIRWAYS,N,North America,A220-300,A220,1.0,orders-and-deliveries-july-2026.xlsx,20260130
delivery,2026-02-04,2026,2,BREEZE AIRWAYS,N,North America,A220-300,A220,1.0,orders-and-deliveries-july-2026.xlsx,20260204
delivery,2026-02-09,2026,2,AZORRA (AIRBALTIC),N,North America,A220-300,A220,1.0,orders-and-deliveries-july-2026.xlsx,20260209
delivery,2026-02-10,2026,2,DAE CIDRON (TAAG ANGOLA AIRLINES),E,Europe and CIS,A220-300,A220,1.0,orders-and-deliveries-july-2026.xlsx,20260210
delivery,2026-02-11,2026,2,DELTA AIR LINES,N,North America,A220-300,A220,1.0,orders-and-deliveries-july-2026.xlsx,20260211
delivery,2026-02-13,2026,2,AIR FRANCE,E,Europe and CIS,A220-300,A220,1.0,orders-and-deliveries-july-2026.xlsx,20260213
delivery,2026-02-13,2026,2,JETBLUE AIRWAYS,N,North America,A220-300,A220,1.0,orders-and-deliveries-july-2026.xlsx,20260213
delivery,2026-02-14,2026,2,AZORRA (AIRBALTIC),N,North America,A220-300,A220,1.0,orders-and-deliveries-july-2026.xlsx,20260214
delivery,2026-02-19,2026,2,BREEZE AIRWAYS,N,North America,A220-300,A220,1.0,orders-and-deliveries-july-2026.xlsx,20260219
delivery,2026-03-04,2026,3,DELTA AIR LINES,N,North America,A220-300,A220,1.0,orders-and-deliveries-july-2026.xlsx,20260304
delivery,2026-03-04,2026,3,AVIATION CAPITAL GROUP (ITA AIRWAYS),N,North America,A220-300,A220,1.0,orders-and-deliveries-july-2026.xlsx,20260304
delivery,2026-03-04,2026,3,SUMISHO AIR LEASE (ANIMAWINGS),N,North America,A220-300,A220,1.0,orders-and-deliveries-july-2026.xlsx,20260304
delivery,2026-03-12,2026,3,DAE CIDRON (TAAG ANGOLA AIRLINES),E,Europe and CIS,A220-300,A220,1.0,orders-and-deliveries-july-2026.xlsx,20260312
delivery,2026-03-12,2026,3,JETBLUE AIRWAYS,N,North America,A220-300,A220,1.0,orders-and-deliveries-july-2026.xlsx,20260312
delivery,2026-03-23,2026,3,AIR FRANCE,E,Europe and CIS,A220-300,A220,1.0,orders-and-deliveries-july-2026.xlsx,20260323
delivery,2026-03-31,2026,3,MACQUARIE FINANCIAL HOLDINGS (AIRBALTIC),A,Asia-Pacific,A220-300,A220,1.0,orders-and-deliveries-july-2026.xlsx,20260331
delivery,2026-04-02,2026,4,MACQUARIE AIRFINANCE HOLDINGS (AIRBALTIC),E,Europe and CIS,A220-300,A220,1.0,orders-and-deliveries-july-2026.xlsx,20260402
delivery,2026-04-09,2026,4,AIR FRANCE,E,Europe and CIS,A220-300,A220,1.0,orders-and-deliveries-july-2026.xlsx,20260409
delivery,2026-04-14,2026,4,JETBLUE AIRWAYS,N,North America,A220-300,A220,1.0,orders-and-deliveries-july-2026.xlsx,20260414
delivery,2026-04-24,2026,4,SMBC AVIATION CAPITAL (ANIMAWINGS),E,Europe and CIS,A220-300,A220,1.0,orders-and-deliveries-july-2026.xlsx,20260424
delivery,2026-04-30,2026,4,DELTA AIR LINES,N,North America,A220-300,A220,1.0,orders-and-deliveries-july-2026.xlsx,20260430
delivery,2026-05-07,2026,5,BREEZE AIRWAYS,N,North America,A220-300,A220,1.0,orders-and-deliveries-july-2026.xlsx,20260507
delivery,2026-05-08,2026,5,JETBLUE AIRWAYS,N,North America,A220-300,A220,1.0,orders-and-deliveries-july-2026.xlsx,20260508
delivery,2026-05-13,2026,5,DELTA AIR LINES,N,North America,A220-300,A220,1.0,orders-and-deliveries-july-2026.xlsx,20260513
delivery,2026-05-19,2026,5,BREEZE AIRWAYS,N,North America,A220-300,A220,1.0,orders-and-deliveries-july-2026.xlsx,20260519
delivery,2026-05-20,2026,5,JETBLUE AIRWAYS,N,North America,A220-300,A220,1.0,orders-and-deliveries-july-2026.xlsx,20260520
delivery,2026-05-21,2026,5,BREEZE AIRWAYS,N,North America,A220-300,A220,1.0,orders-and-deliveries-july-2026.xlsx,20260521
delivery,2026-05-23,2026,5,QANTAS AIRWAYS,A,Asia-Pacific,A220-300,A220,1.0,orders-and-deliveries-july-2026.xlsx,20260523
delivery,2026-05-28,2026,5,JETBLUE AIRWAYS,N,North America,A220-300,A220,1.0,orders-and-deliveries-july-2026.xlsx,20260528
delivery,2026-05-29,2026,5,AIR CANADA,N,North America,A220-300,A220,2.0,orders-and-deliveries-july-2026.xlsx,20260529
delivery,2026-05-30,2026,5,AZORRA (ANIMAWINGS),N,North America,A220-300,A220,1.0,orders-and-deliveries-july-2026.xlsx,20260530
delivery,2026-06-02,2026,6,DELTA AIR LINES,N,North America,A220-300,A220,1.0,orders-and-deliveries-july-2026.xlsx,20260602
delivery,2026-06-09,2026,6,AIR FRANCE,E,Europe and CIS,A220-300,A220,1.0,orders-and-deliveries-july-2026.xlsx,20260609
delivery,2026-06-09,2026,6,BREEZE AIRWAYS,N,North America,A220-300,A220,1.0,orders-and-deliveries-july-2026.xlsx,20260609
delivery,2026-06-15,2026,6,AZORRA (CROATIA AIRLINES),N,North America,A220-300,A220,1.0,orders-and-deliveries-july-2026.xlsx,20260615
delivery,2026-06-22,2026,6,AIR CANADA,N,North America,A220-300,A220,1.0,orders-and-deliveries-july-2026.xlsx,20260622
delivery,2026-06-29,2026,6,AIR CANADA,N,North America,A220-300,A220,1.0,orders-and-deliveries-july-2026.xlsx,20260629
delivery,2026-06-29,2026,6,BREEZE AIRWAYS,N,North America,A220-300,A220,1.0,orders-and-deliveries-july-2026.xlsx,20260629
delivery,2026-06-29,2026,6,DELTA AIR LINES,N,North America,A220-300,A220,1.0,orders-and-deliveries-july-2026.xlsx,20260629
delivery,2026-06-30,2026,6,MACQUARIE AIRFINANCE HOLDINGS (AIRBALTIC),E,Europe and CIS,A220-300,A220,1.0,orders-and-deliveries-july-2026.xlsx,20260630
delivery,2026-07-15,2026,7,AIR CANADA,N,North America,A220-300,A220,1.0,orders-and-deliveries-july-2026.xlsx,20260715
delivery,2026-07-16,2026,7,DELTA AIR LINES,N,North America,A220-300,A220,1.0,orders-and-deliveries-july-2026.xlsx,20260716
delivery,2026-07-23,2026,7,AIR FRANCE,E,Europe and CIS,A220-300,A220,1.0,orders-and-deliveries-july-2026.xlsx,20260723
delivery,2026-07-24,2026,7,QANTAS AIRWAYS,A,Asia-Pacific,A220-300,A220,1.0,orders-and-deliveries-july-2026.xlsx,20260724
delivery,2026-07-27,2026,7,GGAM BORROWER (CROATIA AIRLINES),E,Europe and CIS,A220-300,A220,1.0,orders-and-deliveries-july-2026.xlsx,20260727
delivery,2026-07-29,2026,7,GGAM BORROWER (CROATIA AIRLINES),E,Europe and CIS,A220-300,A220,1.0,orders-and-deliveries-july-2026.xlsx,20260729
delivery,2026-04-23,2026,4,AIR CHINA,A,Asia-Pacific,A319neo,A320 Family,1.0,orders-and-deliveries-july-2026.xlsx,20260423
delivery,2026-05-19,2026,5,AIR CHINA,A,Asia-Pacific,A319neo,A320 Family,1.0,orders-and-deliveries-july-2026.xlsx,20260519
delivery,2026-01-15,2026,1,FRONTIER AIRLINES,N,North America,A320neo,A320 Family,1.0,orders-and-deliveries-july-2026.xlsx,20260115
delivery,2026-01-19,2026,1,AVOLON (ROYAL JORDANIAN),E,Europe and CIS,A320neo,A320 Family,1.0,orders-and-deliveries-july-2026.xlsx,20260119
delivery,2026-01-26,2026,1,AVOLON (HAINAN AIRLINES),E,Europe and CIS,A320neo,A320 Family,1.0,orders-and-deliveries-july-2026.xlsx,20260126
delivery,2026-01-29,2026,1,INDIGO,A,Asia-Pacific,A320neo,A320 Family,1.0,orders-and-deliveries-july-2026.xlsx,20260129
delivery,2026-01-29,2026,1,AVOLON (CONDOR),E,Europe and CIS,A320neo,A320 Family,1.0,orders-and-deliveries-july-2026.xlsx,20260129
delivery,2026-02-02,2026,2,SAUDIA,M,Middle East,A320neo,A320 Family,1.0,orders-and-deliveries-july-2026.xlsx,20260202
delivery,2026-02-09,2026,2,FRONTIER AIRLINES,N,North America,A320neo,A320 Family,1.0,orders-and-deliveries-july-2026.xlsx,20260209
delivery,2026-02-26,2026,2,FRONTIER AIRLINES,N,North America,A320neo,A320 Family,1.0,orders-and-deliveries-july-2026.xlsx,20260226
delivery,2026-02-27,2026,2,LATAM AIRLINES GROUP,L,Latin America & Caribbean,A320neo,A320 Family,1.0,orders-and-deliveries-july-2026.xlsx,20260227
delivery,2026-03-04,2026,3,CEBU PACIFIC,A,Asia-Pacific,A320neo,A320 Family,1.0,orders-and-deliveries-july-2026.xlsx,20260304
delivery,2026-03-05,2026,3,SAS,E,Europe and CIS,A320neo,A320 Family,1.0,orders-and-deliveries-july-2026.xlsx,20260305
delivery,2026-03-11,2026,3,FRONTIER AIRLINES,N,North America,A320neo,A320 Family,1.0,orders-and-deliveries-july-2026.xlsx,20260311
delivery,2026-03-12,2026,3,INDIGO,A,Asia-Pacific,A320neo,A320 Family,1.0,orders-and-deliveries-july-2026.xlsx,20260312
delivery,2026-03-12,2026,3,SAS,E,Europe and CIS,A320neo,A320 Family,1.0,orders-and-deliveries-july-2026.xlsx,20260312
delivery,2026-03-13,2026,3,AVOLON (HAINAN AIRLINES),E,Europe and CIS,A320neo,A320 Family,1.0,orders-and-deliveries-july-2026.xlsx,20260313
delivery,2026-03-16,2026,3,LUFTHANSA,E,Europe and CIS,A320neo,A320 Family,1.0,orders-and-deliveries-july-2026.xlsx,20260316
delivery,2026-03-19,2026,3,AVOLON (HAINAN AIRLINES),E,Europe and CIS,A320neo,A320 Family,1.0,orders-and-deliveries-july-2026.xlsx,20260319
delivery,2026-03-20,2026,3,TAP AIR PORTUGAL,E,Europe and CIS,A320neo,A320 Family,1.0,orders-and-deliveries-july-2026.xlsx,20260320
delivery,2026-03-23,2026,3,ANA HOLDINGS,A,Asia-Pacific,A320neo,A320 Family,1.0,orders-and-deliveries-july-2026.xlsx,20260323
delivery,2026-03-23,2026,3,FRONTIER AIRLINES,N,North America,A320neo,A320 Family,1.0,orders-and-deliveries-july-2026.xlsx,20260323
delivery,2026-03-26,2026,3,CALC (CONDOR),A,Asia-Pacific,A320neo,A320 Family,1.0,orders-and-deliveries-july-2026.xlsx,20260326
delivery,2026-03-31,2026,3,CALC (SICHUAN AIRLINES),A,Asia-Pacific,A320neo,A320 Family,1.0,orders-and-deliveries-july-2026.xlsx,20260331
delivery,2026-03-31,2026,3,CDB LEASING (CHINA SOUTHERN AIRLINES),A,Asia-Pacific,A320neo,A320 Family,1.0,orders-and-deliveries-july-2026.xlsx,20260331
delivery,2026-03-31,2026,3,CMB FINANCIAL LEASING (HAINAN AIRLINES),A,Asia-Pacific,A320neo,A320 Family,1.0,orders-and-deliveries-july-2026.xlsx,20260331
delivery,2026-03-31,2026,3,ICBC LEASING (LOONG AIR),A,Asia-Pacific,A320neo,A320 Family,1.0,orders-and-deliveries-july-2026.xlsx,20260331
delivery,2026-03-31,2026,3,UNDISCLOSED,M,Middle East,A320neo,A320 Family,1.0,orders-and-deliveries-july-2026.xlsx,20260331
delivery,2026-04-01,2026,4,ICBC LEASING (FLYADEAL),A,Asia-Pacific,A320neo,A320 Family,1.0,orders-and-deliveries-july-2026.xlsx,20260401
delivery,2026-04-02,2026,4,INDIGO,A,Asia-Pacific,A320neo,A320 Family,1.0,orders-and-deliveries-july-2026.xlsx,20260402
delivery,2026-04-03,2026,4,UNDISCLOSED,M,Middle East,A320neo,A320 Family,1.0,orders-and-deliveries-july-2026.xlsx,20260403
delivery,2026-04-08,2026,4,SWISS,E,Europe and CIS,A320neo,A320 Family,1.0,orders-and-deliveries-july-2026.xlsx,20260408
delivery,2026-04-09,2026,4,LATAM AIRLINES GROUP,L,Latin America & Caribbean,A320neo,A320 Family,1.0,orders-and-deliveries-july-2026.xlsx,20260409
delivery,2026-04-14,2026,4,VOLARIS,L,Latin America & Caribbean,A320neo,A320 Family,1.0,orders-and-deliveries-july-2026.xlsx,20260414
delivery,2026-04-15,2026,4,SAS,E,Europe and CIS,A320neo,A320 Family,1.0,orders-and-deliveries-july-2026.xlsx,20260415
delivery,2026-04-17,2026,4,CMB FINANCIAL LEASING (TRANSAVIA FRANCE),A,Asia-Pacific,A320neo,A320 Family,1.0,orders-and-deliveries-july-2026.xlsx,20260417
delivery,2026-04-17,2026,4,TAP AIR PORTUGAL,E,Europe and CIS,A320neo,A320 Family,1.0,orders-and-deliveries-july-2026.xlsx,20260417
delivery,2026-04-21,2026,4,CALC (HAINAN AIRLINES),A,Asia-Pacific,A320neo,A320 Family,1.0,orders-and-deliveries-july-2026.xlsx,20260421
delivery,2026-04-21,2026,4,TRANSAVIA FRANCE,E,Europe and CIS,A320neo,A320 Family,1.0,orders-and-deliveries-july-2026.xlsx,20260421
delivery,2026-04-21,2026,4,LATAM AIRLINES GROUP,L,Latin America & Caribbean,A320neo,A320 Family,1.0,orders-and-deliveries-july-2026.xlsx,20260421
delivery,2026-04-21,2026,4,FRONTIER AIRLINES,N,North America,A320neo,A320 Family,1.0,orders-and-deliveries-july-2026.xlsx,20260421
delivery,2026-04-22,2026,4,SHENZHEN AIRLINES,A,Asia-Pacific,A320neo,A320 Family,2.0,orders-and-deliveries-july-2026.xlsx,20260422
delivery,2026-04-23,2026,4,SMBC AVIATION CAPITAL (NOUVELAIR TUNISIE),E,Europe and CIS,A320neo,A320 Family,1.0,orders-and-deliveries-july-2026.xlsx,20260423
delivery,2026-04-23,2026,4,AIR ARABIA,M,Middle East,A320neo,A320 Family,1.0,orders-and-deliveries-july-2026.xlsx,20260423
delivery,2026-04-24,2026,4,CHINA SOUTHERN AIRLINES,A,Asia-Pacific,A320neo,A320 Family,1.0,orders-and-deliveries-july-2026.xlsx,20260424
delivery,2026-04-24,2026,4,SMBC AVIATION CAPITAL (AZERBAIJAN AIRLINES),E,Europe and CIS,A320neo,A320 Family,1.0,orders-and-deliveries-july-2026.xlsx,20260424
delivery,2026-04-28,2026,4,TRANSAVIA FRANCE,E,Europe and CIS,A320neo,A320 Family,1.0,orders-and-deliveries-july-2026.xlsx,20260428
delivery,2026-04-28,2026,4,NAS AVIATION SERVICES (LOONG AIR),N,North America,A320neo,A320 Family,1.0,orders-and-deliveries-july-2026.xlsx,20260428
delivery,2026-04-30,2026,4,FRONTIER AIRLINES,N,North America,A320neo,A320 Family,1.0,orders-and-deliveries-july-2026.xlsx,20260430
delivery,2026-05-08,2026,5,AIR ARABIA,M,Middle East,A320neo,A320 Family,1.0,orders-and-deliveries-july-2026.xlsx,20260508
delivery,2026-05-11,2026,5,BRITISH AIRWAYS,E,Europe and CIS,A320neo,A320 Family,1.0,orders-and-deliveries-july-2026.xlsx,20260511
delivery,2026-05-12,2026,5,ANA HOLDINGS,A,Asia-Pacific,A320neo,A320 Family,1.0,orders-and-deliveries-july-2026.xlsx,20260512
delivery,2026-05-12,2026,5,SAS,E,Europe and CIS,A320neo,A320 Family,1.0,orders-and-deliveries-july-2026.xlsx,20260512
delivery,2026-05-13,2026,5,SHENZHEN AIRLINES,A,Asia-Pacific,A320neo,A320 Family,1.0,orders-and-deliveries-july-2026.xlsx,20260513
delivery,2026-05-13,2026,5,EASYJET,E,Europe and CIS,A320neo,A320 Family,1.0,orders-and-deliveries-july-2026.xlsx,20260513
delivery,2026-05-13,2026,5,NAS AVIATION SERVICES (HAINAN AIRLINES),N,North America,A320neo,A320 Family,1.0,orders-and-deliveries-july-2026.xlsx,20260513
delivery,2026-05-15,2026,5,CHINA EASTERN AIRLINES,A,Asia-Pacific,A320neo,A320 Family,1.0,orders-and-deliveries-july-2026.xlsx,20260515
delivery,2026-05-18,2026,5,SHENZHEN AIRLINES,A,Asia-Pacific,A320neo,A320 Family,1.0,orders-and-deliveries-july-2026.xlsx,20260518
delivery,2026-05-20,2026,5,LUFTHANSA,E,Europe and CIS,A320neo,A320 Family,1.0,orders-and-deliveries-july-2026.xlsx,20260520
delivery,2026-05-20,2026,5,GULF AIR,M,Middle East,A320neo,A320 Family,1.0,orders-and-deliveries-july-2026.xlsx,20260520
delivery,2026-05-22,2026,5,CEBU PACIFIC,A,Asia-Pacific,A320neo,A320 Family,1.0,orders-and-deliveries-july-2026.xlsx,20260522
delivery,2026-05-22,2026,5,TRANSAVIA FRANCE,E,Europe and CIS,A320neo,A320 Family,1.0,orders-and-deliveries-july-2026.xlsx,20260522
delivery,2026-05-25,2026,5,ACCIPITER (ROYAL JORDANIAN),E,Europe and CIS,A320neo,A320 Family,1.0,orders-and-deliveries-july-2026.xlsx,20260525
delivery,2026-05-26,2026,5,CHINA EASTERN AIRLINES,A,Asia-Pacific,A320neo,A320 Family,1.0,orders-and-deliveries-july-2026.xlsx,20260526
delivery,2026-05-26,2026,5,XIAMEN AIRLINES,A,Asia-Pacific,A320neo,A320 Family,1.0,orders-and-deliveries-july-2026.xlsx,20260526
delivery,2026-05-29,2026,5,SPRING AIRLINES,A,Asia-Pacific,A320neo,A320 Family,1.0,orders-and-deliveries-july-2026.xlsx,20260529
delivery,2026-05-29,2026,5,AERCAP (SICHUAN AIRLINES),E,Europe and CIS,A320neo,A320 Family,1.0,orders-and-deliveries-july-2026.xlsx,20260529
delivery,2026-05-29,2026,5,AVOLON (COLORFUL GUIZHOU AIRLINES),E,Europe and CIS,A320neo,A320 Family,1.0,orders-and-deliveries-july-2026.xlsx,20260529
delivery,2026-05-30,2026,5,CMB FINANCIAL LEASING (LATAM AIRLINES GROUP),A,Asia-Pacific,A320neo,A320 Family,1.0,orders-and-deliveries-july-2026.xlsx,20260530
delivery,2026-06-01,2026,6,AVOLON (SPRING AIRLINES),E,Europe and CIS,A320neo,A320 Family,1.0,orders-and-deliveries-july-2026.xlsx,20260601
delivery,2026-06-02,2026,6,TRANSAVIA FRANCE,E,Europe and CIS,A320neo,A320 Family,1.0,orders-and-deliveries-july-2026.xlsx,20260602
delivery,2026-06-03,2026,6,AVOLON (SPRING AIRLINES),E,Europe and CIS,A320neo,A320 Family,1.0,orders-and-deliveries-july-2026.xlsx,20260603
delivery,2026-06-04,2026,6,SPRING AIRLINES,A,Asia-Pacific,A320neo,A320 Family,1.0,orders-and-deliveries-july-2026.xlsx,20260604
delivery,2026-06-05,2026,6,BOCOM LEASING (TURKISH AIRLINES),A,Asia-Pacific,A320neo,A320 Family,1.0,orders-and-deliveries-july-2026.xlsx,20260605
delivery,2026-06-09,2026,6,CHINA EASTERN AIRLINES,A,Asia-Pacific,A320neo,A320 Family,1.0,orders-and-deliveries-july-2026.xlsx,20260609
delivery,2026-06-10,2026,6,LUFTHANSA,E,Europe and CIS,A320neo,A320 Family,1.0,orders-and-deliveries-july-2026.xlsx,20260610
delivery,2026-06-11,2026,6,ANA HOLDINGS,A,Asia-Pacific,A320neo,A320 Family,1.0,orders-and-deliveries-july-2026.xlsx,20260611
delivery,2026-06-11,2026,6,XIAMEN AIRLINES,A,Asia-Pacific,A320neo,A320 Family,1.0,orders-and-deliveries-july-2026.xlsx,20260611
delivery,2026-06-11,2026,6,AVOLON (COLORFUL GUIZHOU AIRLINES),E,Europe and CIS,A320neo,A320 Family,1.0,orders-and-deliveries-july-2026.xlsx,20260611
delivery,2026-06-11,2026,6,LATAM AIRLINES GROUP,L,Latin America & Caribbean,A320neo,A320 Family,1.0,orders-and-deliveries-july-2026.xlsx,20260611
delivery,2026-06-11,2026,6,AIR ARABIA,M,Middle East,A320neo,A320 Family,1.0,orders-and-deliveries-july-2026.xlsx,20260611
delivery,2026-06-12,2026,6,AVOLON (HAINAN AIRLINES),E,Europe and CIS,A320neo,A320 Family,1.0,orders-and-deliveries-july-2026.xlsx,20260612
delivery,2026-06-15,2026,6,CHINA EASTERN AIRLINES,A,Asia-Pacific,A320neo,A320 Family,1.0,orders-and-deliveries-july-2026.xlsx,20260615
delivery,2026-06-17,2026,6,EASYJET,E,Europe and CIS,A320neo,A320 Family,1.0,orders-and-deliveries-july-2026.xlsx,20260617
delivery,2026-06-18,2026,6,CHENGDU AIRLINES,A,Asia-Pacific,A320neo,A320 Family,1.0,orders-and-deliveries-july-2026.xlsx,20260618
delivery,2026-06-18,2026,6,AERCAP (AZERBAIJAN AIRLINES),E,Europe and CIS,A320neo,A320 Family,1.0,orders-and-deliveries-july-2026.xlsx,20260618
delivery,2026-06-19,2026,6,TAP AIR PORTUGAL,E,Europe and CIS,A320neo,A320 Family,1.0,orders-and-deliveries-july-2026.xlsx,20260619
delivery,2026-06-19,2026,6,AIR ARABIA,M,Middle East,A320neo,A320 Family,1.0,orders-and-deliveries-july-2026.xlsx,20260619
delivery,2026-06-22,2026,6,SPRING AIRLINES,A,Asia-Pacific,A320neo,A320 Family,1.0,orders-and-deliveries-july-2026.xlsx,20260622
delivery,2026-06-23,2026,6,CMB FINANCIAL LEASING (TRANSAVIA FRANCE),A,Asia-Pacific,A320neo,A320 Family,1.0,orders-and-deliveries-july-2026.xlsx,20260623
delivery,2026-06-26,2026,6,XIAMEN AIRLINES,A,Asia-Pacific,A320neo,A320 Family,1.0,orders-and-deliveries-july-2026.xlsx,20260626
delivery,2026-06-26,2026,6,VOLARIS,L,Latin America & Caribbean,A320neo,A320 Family,1.0,orders-and-deliveries-july-2026.xlsx,20260626
delivery,2026-06-26,2026,6,AIR ARABIA,M,Middle East,A320neo,A320 Family,1.0,orders-and-deliveries-july-2026.xlsx,20260626
delivery,2026-06-29,2026,6,CHINA EASTERN AIRLINES,A,Asia-Pacific,A320neo,A320 Family,1.0,orders-and-deliveries-july-2026.xlsx,20260629
delivery,2026-06-29,2026,6,TRANSAVIA FRANCE,E,Europe and CIS,A320neo,A320 Family,1.0,orders-and-deliveries-july-2026.xlsx,20260629
delivery,2026-06-30,2026,6,CHENGDU AIRLINES,A,Asia-Pacific,A320neo,A320 Family,1.0,orders-and-deliveries-july-2026.xlsx,20260630
delivery,2026-06-30,2026,6,COLORFUL GUIZHOU AIRLINES,A,Asia-Pacific,A320neo,A320 Family,1.0,orders-and-deliveries-july-2026.xlsx,20260630
delivery,2026-06-30,2026,6,SCOOT,A,Asia-Pacific,A320neo,A320 Family,1.0,orders-and-deliveries-july-2026.xlsx,20260630
delivery,2026-06-30,2026,6,WEST AIR,A,Asia-Pacific,A320neo,A320 Family,1.0,orders-and-deliveries-july-2026.xlsx,20260630
delivery,2026-06-30,2026,6,ICBC LEASING (FLYADEAL),A,Asia-Pacific,A320neo,A320 Family,1.0,orders-and-deliveries-july-2026.xlsx,20260630
delivery,2026-06-30,2026,6,AVIANCA,L,Latin America & Caribbean,A320neo,A320 Family,1.0,orders-and-deliveries-july-2026.xlsx,20260630
delivery,2026-06-30,2026,6,LATAM AIRLINES GROUP,L,Latin America & Caribbean,A320neo,A320 Family,1.0,orders-and-deliveries-july-2026.xlsx,20260630
delivery,2026-06-30,2026,6,JETSMART (CHILE),L,Latin America & Caribbean,A320neo,A320 Family,1.0,orders-and-deliveries-july-2026.xlsx,20260630
delivery,2026-07-07,2026,7,TIGERAIR TAIWAN,A,Asia-Pacific,A320neo,A320 Family,1.0,orders-and-deliveries-july-2026.xlsx,20260707
delivery,2026-07-08,2026,7,INDIGO,A,Asia-Pacific,A320neo,A320 Family,1.0,orders-and-deliveries-july-2026.xlsx,20260708
delivery,2026-07-09,2026,7,CHINA EASTERN AIRLINES,A,Asia-Pacific,A320neo,A320 Family,1.0,orders-and-deliveries-july-2026.xlsx,20260709
delivery,2026-07-09,2026,7,BRITISH AIRWAYS,E,Europe and CIS,A320neo,A320 Family,1.0,orders-and-deliveries-july-2026.xlsx,20260709
delivery,2026-07-10,2026,7,INDIGO,A,Asia-Pacific,A320neo,A320 Family,1.0,orders-and-deliveries-july-2026.xlsx,20260710
delivery,2026-07-11,2026,7,AIR ARABIA,M,Middle East,A320neo,A320 Family,1.0,orders-and-deliveries-july-2026.xlsx,20260711
delivery,2026-07-13,2026,7,TRANSAVIA FRANCE,E,Europe and CIS,A320neo,A320 Family,1.0,orders-and-deliveries-july-2026.xlsx,20260713
delivery,2026-07-13,2026,7,SMBC AVIATION CAPITAL (SALAM AIR S.A.O.C),E,Europe and CIS,A320neo,A320 Family,1.0,orders-and-deliveries-july-2026.xlsx,20260713
delivery,2026-07-15,2026,7,INDIGO,A,Asia-Pacific,A320neo,A320 Family,1.0,orders-and-deliveries-july-2026.xlsx,20260715
delivery,2026-07-15,2026,7,UNDISCLOSED,M,Middle East,A320neo,A320 Family,1.0,orders-and-deliveries-july-2026.xlsx,20260715
delivery,2026-07-16,2026,7,AERCAP (AZERBAIJAN AIRLINES),E,Europe and CIS,A320neo,A320 Family,1.0,orders-and-deliveries-july-2026.xlsx,20260716
delivery,2026-07-22,2026,7,BOCOM LEASING (CHINA SOUTHERN AIRLINES),A,Asia-Pacific,A320neo,A320 Family,1.0,orders-and-deliveries-july-2026.xlsx,20260722
delivery,2026-07-24,2026,7,AIR ARABIA,M,Middle East,A320neo,A320 Family,1.0,orders-and-deliveries-july-2026.xlsx,20260724
delivery,2026-07-27,2026,7,XIAMEN AIRLINES,A,Asia-Pacific,A320neo,A320 Family,1.0,orders-and-deliveries-july-2026.xlsx,20260727
delivery,2026-07-27,2026,7,FLYNAS,M,Middle East,A320neo,A320 Family,1.0,orders-and-deliveries-july-2026.xlsx,20260727
delivery,2026-07-28,2026,7,FLYNAS,M,Middle East,A320neo,A320 Family,1.0,orders-and-deliveries-july-2026.xlsx,20260728
delivery,2026-07-31,2026,7,INDIGO,A,Asia-Pacific,A320neo,A320 Family,1.0,orders-and-deliveries-july-2026.xlsx,20260731
delivery,2026-07-31,2026,7,FRONTIER AIRLINES,N,North America,A320neo,A320 Family,1.0,orders-and-deliveries-july-2026.xlsx,20260731
delivery,2026-01-07,2026,1,QANTAS AIRWAYS,A,Asia-Pacific,A321neo,A320 Family,1.0,orders-and-deliveries-july-2026.xlsx,20260107
delivery,2026-01-16,2026,1,SMBC AVIATION CAPITAL (TURKISH AIRLINES),E,Europe and CIS,A321neo,A320 Family,1.0,orders-and-deliveries-july-2026.xlsx,20260116
delivery,2026-01-19,2026,1,WIZZ AIR,E,Europe and CIS,A321neo,A320 Family,1.0,orders-and-deliveries-july-2026.xlsx,20260119
delivery,2026-01-22,2026,1,WIZZ AIR,E,Europe and CIS,A321neo,A320 Family,1.0,orders-and-deliveries-july-2026.xlsx,20260122
delivery,2026-01-27,2026,1,UNITED AIRLINES,N,North America,A321neo,A320 Family,2.0,orders-and-deliveries-july-2026.xlsx,20260127
delivery,2026-01-30,2026,1,VIETJET AIR,A,Asia-Pacific,A321neo,A320 Family,1.0,orders-and-deliveries-july-2026.xlsx,20260130
delivery,2026-01-30,2026,1,CALC (UNITED AIRLINES),A,Asia-Pacific,A321neo,A320 Family,1.0,orders-and-deliveries-july-2026.xlsx,20260130
delivery,2026-01-30,2026,1,TURKISH AIRLINES,E,Europe and CIS,A321neo,A320 Family,1.0,orders-and-deliveries-july-2026.xlsx,20260130
delivery,2026-01-30,2026,1,AER LINGUS,E,Europe and CIS,A321neo,A320 Family,1.0,orders-and-deliveries-july-2026.xlsx,20260130
delivery,2026-02-02,2026,2,WIZZ AIR,E,Europe and CIS,A321neo,A320 Family,1.0,orders-and-deliveries-july-2026.xlsx,20260202
delivery,2026-02-03,2026,2,WIZZ AIR,E,Europe and CIS,A321neo,A320 Family,1.0,orders-and-deliveries-july-2026.xlsx,20260203
delivery,2026-02-04,2026,2,DELTA AIR LINES,N,North America,A321neo,A320 Family,1.0,orders-and-deliveries-july-2026.xlsx,20260204
delivery,2026-02-05,2026,2,WIZZ AIR,E,Europe and CIS,A321neo,A320 Family,1.0,orders-and-deliveries-july-2026.xlsx,20260205
delivery,2026-02-10,2026,2,SMBC AVIATION CAPITAL (TURKISH AIRLINES),E,Europe and CIS,A321neo,A320 Family,1.0,orders-and-deliveries-july-2026.xlsx,20260210
delivery,2026-02-11,2026,2,SUMISHO AIR LEASE (TRANSAVIA),N,North America,A321neo,A320 Family,1.0,orders-and-deliveries-july-2026.xlsx,20260211
delivery,2026-02-17,2026,2,FRONTIER AIRLINES,N,North America,A321neo,A320 Family,1.0,orders-and-deliveries-july-2026.xlsx,20260217
delivery,2026-02-18,2026,2,NAS AVIATION SERVICES (THAI AIRWAYS),N,North America,A321neo,A320 Family,1.0,orders-and-deliveries-july-2026.xlsx,20260218
delivery,2026-02-19,2026,2,DELTA AIR LINES,N,North America,A321neo,A320 Family,1.0,orders-and-deliveries-july-2026.xlsx,20260219
delivery,2026-02-20,2026,2,QANTAS AIRWAYS,A,Asia-Pacific,A321neo,A320 Family,1.0,orders-and-deliveries-july-2026.xlsx,20260220
delivery,2026-02-20,2026,2,PEGASUS AIRLINES,E,Europe and CIS,A321neo,A320 Family,1.0,orders-and-deliveries-july-2026.xlsx,20260220
delivery,2026-02-23,2026,2,DELTA AIR LINES,N,North America,A321neo,A320 Family,1.0,orders-and-deliveries-july-2026.xlsx,20260223
delivery,2026-02-24,2026,2,INDIGO,A,Asia-Pacific,A321neo,A320 Family,1.0,orders-and-deliveries-july-2026.xlsx,20260224
delivery,2026-02-24,2026,2,DELTA AIR LINES,N,North America,A321neo,A320 Family,1.0,orders-and-deliveries-july-2026.xlsx,20260224
delivery,2026-02-25,2026,2,LATAM AIRLINES GROUP,L,Latin America & Caribbean,A321neo,A320 Family,1.0,orders-and-deliveries-july-2026.xlsx,20260225
delivery,2026-02-25,2026,2,NAS AVIATION SERVICES (ETIHAD AIRWAYS),N,North America,A321neo,A320 Family,1.0,orders-and-deliveries-july-2026.xlsx,20260225
delivery,2026-02-26,2026,2,DELTA AIR LINES,N,North America,A321neo,A320 Family,1.0,orders-and-deliveries-july-2026.xlsx,20260226
delivery,2026-02-26,2026,2,UNITED AIRLINES,N,North America,A321neo,A320 Family,1.0,orders-and-deliveries-july-2026.xlsx,20260226
delivery,2026-02-27,2026,2,CALC (UNITED AIRLINES),A,Asia-Pacific,A321neo,A320 Family,1.0,orders-and-deliveries-july-2026.xlsx,20260227
delivery,2026-02-27,2026,2,KLM ROYAL DUTCH AIRLINES,E,Europe and CIS,A321neo,A320 Family,1.0,orders-and-deliveries-july-2026.xlsx,20260227
delivery,2026-02-27,2026,2,SMBC AVIATION CAPITAL (TURKISH AIRLINES),E,Europe and CIS,A321neo,A320 Family,1.0,orders-and-deliveries-july-2026.xlsx,20260227
delivery,2026-03-03,2026,3,WIZZ AIR,E,Europe and CIS,A321neo,A320 Family,1.0,orders-and-deliveries-july-2026.xlsx,20260303
delivery,2026-03-06,2026,3,KLM ROYAL DUTCH AIRLINES,E,Europe and CIS,A321neo,A320 Family,1.0,orders-and-deliveries-july-2026.xlsx,20260306
delivery,2026-03-06,2026,3,UNITED AIRLINES,N,North America,A321neo,A320 Family,1.0,orders-and-deliveries-july-2026.xlsx,20260306
delivery,2026-03-09,2026,3,SMBC AVIATION CAPITAL (ICELANDAIR),E,Europe and CIS,A321neo,A320 Family,1.0,orders-and-deliveries-july-2026.xlsx,20260309
delivery,2026-03-12,2026,3,WIZZ AIR,E,Europe and CIS,A321neo,A320 Family,1.0,orders-and-deliveries-july-2026.xlsx,20260312
delivery,2026-03-12,2026,3,FRONTIER AIRLINES,N,North America,A321neo,A320 Family,1.0,orders-and-deliveries-july-2026.xlsx,20260312
delivery,2026-03-12,2026,3,SUMISHO AIR LEASE (CONDOR),N,North America,A321neo,A320 Family,1.0,orders-and-deliveries-july-2026.xlsx,20260312
delivery,2026-03-16,2026,3,LUFTHANSA,E,Europe and CIS,A321neo,A320 Family,1.0,orders-and-deliveries-july-2026.xlsx,20260316
delivery,2026-03-17,2026,3,SMBC AVIATION CAPITAL (DELTA AIR LINES),E,Europe and CIS,A321neo,A320 Family,1.0,orders-and-deliveries-july-2026.xlsx,20260317
delivery,2026-03-18,2026,3,EASYJET,E,Europe and CIS,A321neo,A320 Family,1.0,orders-and-deliveries-july-2026.xlsx,20260318
delivery,2026-03-23,2026,3,AERCAP (ETIHAD AIRWAYS),E,Europe and CIS,A321neo,A320 Family,1.0,orders-and-deliveries-july-2026.xlsx,20260323
delivery,2026-03-23,2026,3,DELTA AIR LINES,N,North America,A321neo,A320 Family,1.0,orders-and-deliveries-july-2026.xlsx,20260323
delivery,2026-03-26,2026,3,CDB LEASING (CHINA SOUTHERN AIRLINES),A,Asia-Pacific,A321neo,A320 Family,1.0,orders-and-deliveries-july-2026.xlsx,20260326
delivery,2026-03-26,2026,3,AEGEAN AIRLINES,E,Europe and CIS,A321neo,A320 Family,1.0,orders-and-deliveries-july-2026.xlsx,20260326
delivery,2026-03-26,2026,3,VIVA,L,Latin America & Caribbean,A321neo,A320 Family,1.0,orders-and-deliveries-july-2026.xlsx,20260326
delivery,2026-03-27,2026,3,INDIGO,A,Asia-Pacific,A321neo,A320 Family,1.0,orders-and-deliveries-july-2026.xlsx,20260327
delivery,2026-03-27,2026,3,CDB LEASING (ICELANDAIR),A,Asia-Pacific,A321neo,A320 Family,1.0,orders-and-deliveries-july-2026.xlsx,20260327
delivery,2026-03-27,2026,3,KLM ROYAL DUTCH AIRLINES,E,Europe and CIS,A321neo,A320 Family,1.0,orders-and-deliveries-july-2026.xlsx,20260327
delivery,2026-03-27,2026,3,UNITED AIRLINES,N,North America,A321neo,A320 Family,1.0,orders-and-deliveries-july-2026.xlsx,20260327
delivery,2026-03-30,2026,3,AEGEAN AIRLINES,E,Europe and CIS,A321neo,A320 Family,1.0,orders-and-deliveries-july-2026.xlsx,20260330
delivery,2026-03-30,2026,3,PEGASUS AIRLINES,E,Europe and CIS,A321neo,A320 Family,1.0,orders-and-deliveries-july-2026.xlsx,20260330
delivery,2026-03-31,2026,3,WIZZ AIR,E,Europe and CIS,A321neo,A320 Family,1.0,orders-and-deliveries-july-2026.xlsx,20260331
delivery,2026-03-31,2026,3,AVOLON (AIR ASTANA),E,Europe and CIS,A321neo,A320 Family,1.0,orders-and-deliveries-july-2026.xlsx,20260331
delivery,2026-03-31,2026,3,LATAM AIRLINES GROUP,L,Latin America & Caribbean,A321neo,A320 Family,1.0,orders-and-deliveries-july-2026.xlsx,20260331
delivery,2026-04-01,2026,4,EASYJET,E,Europe and CIS,A321neo,A320 Family,1.0,orders-and-deliveries-july-2026.xlsx,20260401
delivery,2026-04-01,2026,4,SMBC AVIATION CAPITAL (ROYAL JORDANIAN),E,Europe and CIS,A321neo,A320 Family,1.0,orders-and-deliveries-july-2026.xlsx,20260401
delivery,2026-04-02,2026,4,KOREAN AIR,A,Asia-Pacific,A321neo,A320 Family,1.0,orders-and-deliveries-july-2026.xlsx,20260402
delivery,2026-04-07,2026,4,INDIGO,A,Asia-Pacific,A321neo,A320 Family,1.0,orders-and-deliveries-july-2026.xlsx,20260407
delivery,2026-04-13,2026,4,INDIGO,A,Asia-Pacific,A321neo,A320 Family,1.0,orders-and-deliveries-july-2026.xlsx,20260413
delivery,2026-04-14,2026,4,QANTAS AIRWAYS,A,Asia-Pacific,A321neo,A320 Family,1.0,orders-and-deliveries-july-2026.xlsx,20260414
delivery,2026-04-16,2026,4,EASYJET,E,Europe and CIS,A321neo,A320 Family,1.0,orders-and-deliveries-july-2026.xlsx,20260416
delivery,2026-04-16,2026,4,SMBC AVIATION CAPITAL (CONDOR),E,Europe and CIS,A321neo,A320 Family,1.0,orders-and-deliveries-july-2026.xlsx,20260416
delivery,2026-04-17,2026,4,FRONTIER AIRLINES,N,North America,A321neo,A320 Family,1.0,orders-and-deliveries-july-2026.xlsx,20260417
delivery,2026-04-20,2026,4,VIETJET AIR,A,Asia-Pacific,A321neo,A320 Family,1.0,orders-and-deliveries-july-2026.xlsx,20260420
delivery,2026-04-21,2026,4,AEGEAN AIRLINES,E,Europe and CIS,A321neo,A320 Family,1.0,orders-and-deliveries-july-2026.xlsx,20260421
delivery,2026-04-21,2026,4,DELTA AIR LINES,N,North America,A321neo,A320 Family,1.0,orders-and-deliveries-july-2026.xlsx,20260421
delivery,2026-04-22,2026,4,AIR CHINA,A,Asia-Pacific,A321neo,A320 Family,1.0,orders-and-deliveries-july-2026.xlsx,20260422
delivery,2026-04-22,2026,4,CDB LEASING (JET2.COM),A,Asia-Pacific,A321neo,A320 Family,1.0,orders-and-deliveries-july-2026.xlsx,20260422
delivery,2026-04-22,2026,4,SMBC AVIATION CAPITAL (THAI AIRWAYS),E,Europe and CIS,A321neo,A320 Family,1.0,orders-and-deliveries-july-2026.xlsx,20260422
delivery,2026-04-22,2026,4,SMBC AVIATION CAPITAL (AIR CANADA),E,Europe and CIS,A321neo,A320 Family,1.0,orders-and-deliveries-july-2026.xlsx,20260422
delivery,2026-04-23,2026,4,QANTAS AIRWAYS,A,Asia-Pacific,A321neo,A320 Family,1.0,orders-and-deliveries-july-2026.xlsx,20260423
delivery,2026-04-24,2026,4,CHINA EASTERN AIRLINES,A,Asia-Pacific,A321neo,A320 Family,1.0,orders-and-deliveries-july-2026.xlsx,20260424
delivery,2026-04-27,2026,4,SMBC AVIATION CAPITAL (ROYAL JORDANIAN),E,Europe and CIS,A321neo,A320 Family,1.0,orders-and-deliveries-july-2026.xlsx,20260427
delivery,2026-04-28,2026,4,INDIGO,A,Asia-Pacific,A321neo,A320 Family,1.0,orders-and-deliveries-july-2026.xlsx,20260428
delivery,2026-04-28,2026,4,QANTAS AIRWAYS,A,Asia-Pacific,A321neo,A320 Family,1.0,orders-and-deliveries-july-2026.xlsx,20260428
delivery,2026-04-28,2026,4,WIZZ AIR,E,Europe and CIS,A321neo,A320 Family,1.0,orders-and-deliveries-july-2026.xlsx,20260428
delivery,2026-04-28,2026,4,IBERIA,E,Europe and CIS,A321neo,A320 Family,1.0,orders-and-deliveries-july-2026.xlsx,20260428
delivery,2026-04-28,2026,4,FRONTIER AIRLINES,N,North America,A321neo,A320 Family,1.0,orders-and-deliveries-july-2026.xlsx,20260428
delivery,2026-04-28,2026,4,NAS AVIATION SERVICES (THAI AIRWAYS),N,North America,A321neo,A320 Family,1.0,orders-and-deliveries-july-2026.xlsx,20260428
delivery,2026-04-29,2026,4,INDIGO,A,Asia-Pacific,A321neo,A320 Family,1.0,orders-and-deliveries-july-2026.xlsx,20260429
delivery,2026-04-30,2026,4,AIRASIA,A,Asia-Pacific,A321neo,A320 Family,1.0,orders-and-deliveries-july-2026.xlsx,20260430
delivery,2026-04-30,2026,4,PEGASUS AIRLINES,E,Europe and CIS,A321neo,A320 Family,1.0,orders-and-deliveries-july-2026.xlsx,20260430
delivery,2026-04-30,2026,4,TURKISH AIRLINES,E,Europe and CIS,A321neo,A320 Family,1.0,orders-and-deliveries-july-2026.xlsx,20260430
delivery,2026-04-30,2026,4,WIZZ AIR,E,Europe and CIS,A321neo,A320 Family,1.0,orders-and-deliveries-july-2026.xlsx,20260430
delivery,2026-04-30,2026,4,VOLARIS,L,Latin America & Caribbean,A321neo,A320 Family,1.0,orders-and-deliveries-july-2026.xlsx,20260430
delivery,2026-04-30,2026,4,DELTA AIR LINES,N,North America,A321neo,A320 Family,1.0,orders-and-deliveries-july-2026.xlsx,20260430
delivery,2026-05-06,2026,5,SMBC AVIATION CAPITAL (TRANSAVIA),E,Europe and CIS,A321neo,A320 Family,1.0,orders-and-deliveries-july-2026.xlsx,20260506
delivery,2026-05-07,2026,5,INDIGO,A,Asia-Pacific,A321neo,A320 Family,1.0,orders-and-deliveries-july-2026.xlsx,20260507
delivery,2026-05-07,2026,5,SHENZHEN AIRLINES,A,Asia-Pacific,A321neo,A320 Family,1.0,orders-and-deliveries-july-2026.xlsx,20260507
delivery,2026-05-11,2026,5,WIZZ AIR,E,Europe and CIS,A321neo,A320 Family,2.0,orders-and-deliveries-july-2026.xlsx,20260511
delivery,2026-05-11,2026,5,DELTA AIR LINES,N,North America,A321neo,A320 Family,1.0,orders-and-deliveries-july-2026.xlsx,20260511
delivery,2026-05-12,2026,5,INDIGO,A,Asia-Pacific,A321neo,A320 Family,1.0,orders-and-deliveries-july-2026.xlsx,20260512
delivery,2026-05-12,2026,5,SMBC AVIATION CAPITAL (ITA AIRWAYS),E,Europe and CIS,A321neo,A320 Family,1.0,orders-and-deliveries-july-2026.xlsx,20260512
delivery,2026-05-13,2026,5,JET2,E,Europe and CIS,A321neo,A320 Family,1.0,orders-and-deliveries-july-2026.xlsx,20260513
delivery,2026-05-13,2026,5,WIZZ AIR,E,Europe and CIS,A321neo,A320 Family,1.0,orders-and-deliveries-july-2026.xlsx,20260513
delivery,2026-05-13,2026,5,SMBC AVIATION CAPITAL (THAI AIRWAYS),E,Europe and CIS,A321neo,A320 Family,1.0,orders-and-deliveries-july-2026.xlsx,20260513
delivery,2026-05-15,2026,5,CHINA SOUTHERN AIRLINES,A,Asia-Pacific,A321neo,A320 Family,1.0,orders-and-deliveries-july-2026.xlsx,20260515
delivery,2026-05-15,2026,5,TURKISH AIRLINES,E,Europe and CIS,A321neo,A320 Family,1.0,orders-and-deliveries-july-2026.xlsx,20260515
delivery,2026-05-18,2026,5,DELTA AIR LINES,N,North America,A321neo,A320 Family,1.0,orders-and-deliveries-july-2026.xlsx,20260518
delivery,2026-05-19,2026,5,VOLARIS,L,Latin America & Caribbean,A321neo,A320 Family,1.0,orders-and-deliveries-july-2026.xlsx,20260519
delivery,2026-05-19,2026,5,SAUDIA,M,Middle East,A321neo,A320 Family,1.0,orders-and-deliveries-july-2026.xlsx,20260519
delivery,2026-05-20,2026,5,AIR CHINA,A,Asia-Pacific,A321neo,A320 Family,1.0,orders-and-deliveries-july-2026.xlsx,20260520
delivery,2026-05-21,2026,5,INDIGO,A,Asia-Pacific,A321neo,A320 Family,1.0,orders-and-deliveries-july-2026.xlsx,20260521
delivery,2026-05-21,2026,5,CALC (CONDOR),A,Asia-Pacific,A321neo,A320 Family,1.0,orders-and-deliveries-july-2026.xlsx,20260521
delivery,2026-05-21,2026,5,FRONTIER AIRLINES,N,North America,A321neo,A320 Family,1.0,orders-and-deliveries-july-2026.xlsx,20260521
delivery,2026-05-22,2026,5,EASYJET,E,Europe and CIS,A321neo,A320 Family,1.0,orders-and-deliveries-july-2026.xlsx,20260522
delivery,2026-05-22,2026,5,KLM ROYAL DUTCH AIRLINES,E,Europe and CIS,A321neo,A320 Family,1.0,orders-and-deliveries-july-2026.xlsx,20260522
delivery,2026-05-26,2026,5,AERCAP (HAINAN AIRLINES),E,Europe and CIS,A321neo,A320 Family,1.0,orders-and-deliveries-july-2026.xlsx,20260526
delivery,2026-05-27,2026,5,AIR CHINA,A,Asia-Pacific,A321neo,A320 Family,1.0,orders-and-deliveries-july-2026.xlsx,20260527
delivery,2026-05-27,2026,5,QANTAS AIRWAYS,A,Asia-Pacific,A321neo,A320 Family,1.0,orders-and-deliveries-july-2026.xlsx,20260527
delivery,2026-05-27,2026,5,ICBC LEASING (CHINA EASTERN AIRLINES),A,Asia-Pacific,A321neo,A320 Family,1.0,orders-and-deliveries-july-2026.xlsx,20260527
delivery,2026-05-27,2026,5,AEGEAN AIRLINES,E,Europe and CIS,A321neo,A320 Family,1.0,orders-and-deliveries-july-2026.xlsx,20260527
delivery,2026-05-27,2026,5,EASYJET,E,Europe and CIS,A321neo,A320 Family,1.0,orders-and-deliveries-july-2026.xlsx,20260527
delivery,2026-05-27,2026,5,DELTA AIR LINES,N,North America,A321neo,A320 Family,1.0,orders-and-deliveries-july-2026.xlsx,20260527
delivery,2026-05-27,2026,5,UNITED AIRLINES,N,North America,A321neo,A320 Family,1.0,orders-and-deliveries-july-2026.xlsx,20260527
delivery,2026-05-28,2026,5,CHINA EASTERN AIRLINES,A,Asia-Pacific,A321neo,A320 Family,1.0,orders-and-deliveries-july-2026.xlsx,20260528
delivery,2026-05-28,2026,5,SAUDIA,M,Middle East,A321neo,A320 Family,1.0,orders-and-deliveries-july-2026.xlsx,20260528
delivery,2026-05-28,2026,5,FRONTIER AIRLINES,N,North America,A321neo,A320 Family,1.0,orders-and-deliveries-july-2026.xlsx,20260528
delivery,2026-05-28,2026,5,UNITED AIRLINES,N,North America,A321neo,A320 Family,2.0,orders-and-deliveries-july-2026.xlsx,20260528
delivery,2026-05-29,2026,5,INDIGO,A,Asia-Pacific,A321neo,A320 Family,1.0,orders-and-deliveries-july-2026.xlsx,20260529
delivery,2026-05-29,2026,5,JET2,E,Europe and CIS,A321neo,A320 Family,1.0,orders-and-deliveries-july-2026.xlsx,20260529
delivery,2026-05-29,2026,5,TRANSAVIA,E,Europe and CIS,A321neo,A320 Family,1.0,orders-and-deliveries-july-2026.xlsx,20260529
delivery,2026-05-29,2026,5,WIZZ AIR,E,Europe and CIS,A321neo,A320 Family,1.0,orders-and-deliveries-july-2026.xlsx,20260529
delivery,2026-05-29,2026,5,SMBC AVIATION CAPITAL (AIR CANADA),E,Europe and CIS,A321neo,A320 Family,1.0,orders-and-deliveries-july-2026.xlsx,20260529
delivery,2026-05-29,2026,5,VIVA,L,Latin America & Caribbean,A321neo,A320 Family,1.0,orders-and-deliveries-july-2026.xlsx,20260529
delivery,2026-06-04,2026,6,INDIGO,A,Asia-Pacific,A321neo,A320 Family,1.0,orders-and-deliveries-july-2026.xlsx,20260604
delivery,2026-06-05,2026,6,INDIGO,A,Asia-Pacific,A321neo,A320 Family,1.0,orders-and-deliveries-july-2026.xlsx,20260605
delivery,2026-06-05,2026,6,AEGEAN AIRLINES,E,Europe and CIS,A321neo,A320 Family,1.0,orders-and-deliveries-july-2026.xlsx,20260605
delivery,2026-06-09,2026,6,WIZZ AIR,E,Europe and CIS,A321neo,A320 Family,1.0,orders-and-deliveries-july-2026.xlsx,20260609
delivery,2026-06-10,2026,6,AIR CHINA,A,Asia-Pacific,A321neo,A320 Family,1.0,orders-and-deliveries-july-2026.xlsx,20260610
delivery,2026-06-10,2026,6,QANTAS AIRWAYS,A,Asia-Pacific,A321neo,A320 Family,1.0,orders-and-deliveries-july-2026.xlsx,20260610
delivery,2026-06-11,2026,6,INDIGO,A,Asia-Pacific,A321neo,A320 Family,1.0,orders-and-deliveries-july-2026.xlsx,20260611
delivery,2026-06-11,2026,6,WIZZ AIR,E,Europe and CIS,A321neo,A320 Family,1.0,orders-and-deliveries-july-2026.xlsx,20260611
delivery,2026-06-12,2026,6,EASYJET,E,Europe and CIS,A321neo,A320 Family,1.0,orders-and-deliveries-july-2026.xlsx,20260612
delivery,2026-06-12,2026,6,WIZZ AIR,E,Europe and CIS,A321neo,A320 Family,1.0,orders-and-deliveries-july-2026.xlsx,20260612
delivery,2026-06-15,2026,6,CHINA SOUTHERN AIRLINES,A,Asia-Pacific,A321neo,A320 Family,1.0,orders-and-deliveries-july-2026.xlsx,20260615
delivery,2026-06-16,2026,6,VIETJET AIR,A,Asia-Pacific,A321neo,A320 Family,1.0,orders-and-deliveries-july-2026.xlsx,20260616
delivery,2026-06-16,2026,6,PEGASUS AIRLINES,E,Europe and CIS,A321neo,A320 Family,1.0,orders-and-deliveries-july-2026.xlsx,20260616
delivery,2026-06-16,2026,6,GULF AIR,M,Middle East,A321neo,A320 Family,1.0,orders-and-deliveries-july-2026.xlsx,20260616
delivery,2026-06-17,2026,6,AIRASIA,A,Asia-Pacific,A321neo,A320 Family,1.0,orders-and-deliveries-july-2026.xlsx,20260617
delivery,2026-06-17,2026,6,CHINA EASTERN AIRLINES,A,Asia-Pacific,A321neo,A320 Family,1.0,orders-and-deliveries-july-2026.xlsx,20260617
delivery,2026-06-17,2026,6,JET2,E,Europe and CIS,A321neo,A320 Family,1.0,orders-and-deliveries-july-2026.xlsx,20260617
delivery,2026-06-18,2026,6,AERCAP (THAI AIRWAYS),E,Europe and CIS,A321neo,A320 Family,1.0,orders-and-deliveries-july-2026.xlsx,20260618
delivery,2026-06-22,2026,6,DELTA AIR LINES,N,North America,A321neo,A320 Family,1.0,orders-and-deliveries-july-2026.xlsx,20260622
delivery,2026-06-23,2026,6,EASYJET,E,Europe and CIS,A321neo,A320 Family,1.0,orders-and-deliveries-july-2026.xlsx,20260623
delivery,2026-06-23,2026,6,AERCAP (AZERBAIJAN AIRLINES),E,Europe and CIS,A321neo,A320 Family,1.0,orders-and-deliveries-july-2026.xlsx,20260623
delivery,2026-06-24,2026,6,CHINA SOUTHERN AIRLINES,A,Asia-Pacific,A321neo,A320 Family,1.0,orders-and-deliveries-july-2026.xlsx,20260624
delivery,2026-06-24,2026,6,WIZZ AIR,E,Europe and CIS,A321neo,A320 Family,1.0,orders-and-deliveries-july-2026.xlsx,20260624
delivery,2026-06-26,2026,6,CHINA AIRLINES,A,Asia-Pacific,A321neo,A320 Family,1.0,orders-and-deliveries-july-2026.xlsx,20260626
delivery,2026-06-26,2026,6,CHINA EASTERN AIRLINES,A,Asia-Pacific,A321neo,A320 Family,1.0,orders-and-deliveries-july-2026.xlsx,20260626
delivery,2026-06-26,2026,6,VIETJET AIR,A,Asia-Pacific,A321neo,A320 Family,1.0,orders-and-deliveries-july-2026.xlsx,20260626
delivery,2026-06-26,2026,6,ICBC LEASING (CHINA EASTERN AIRLINES),A,Asia-Pacific,A321neo,A320 Family,1.0,orders-and-deliveries-july-2026.xlsx,20260626
delivery,2026-06-26,2026,6,EASYJET,E,Europe and CIS,A321neo,A320 Family,1.0,orders-and-deliveries-july-2026.xlsx,20260626
delivery,2026-06-26,2026,6,JET2,E,Europe and CIS,A321neo,A320 Family,1.0,orders-and-deliveries-july-2026.xlsx,20260626
delivery,2026-06-29,2026,6,INDIGO,A,Asia-Pacific,A321neo,A320 Family,1.0,orders-and-deliveries-july-2026.xlsx,20260629
delivery,2026-06-29,2026,6,SAUDIA,M,Middle East,A321neo,A320 Family,1.0,orders-and-deliveries-july-2026.xlsx,20260629
delivery,2026-06-30,2026,6,CHINA EASTERN AIRLINES,A,Asia-Pacific,A321neo,A320 Family,1.0,orders-and-deliveries-july-2026.xlsx,20260630
delivery,2026-06-30,2026,6,VIETJET AIR,A,Asia-Pacific,A321neo,A320 Family,1.0,orders-and-deliveries-july-2026.xlsx,20260630
delivery,2026-06-30,2026,6,CALC (UNITED AIRLINES),A,Asia-Pacific,A321neo,A320 Family,1.0,orders-and-deliveries-july-2026.xlsx,20260630
delivery,2026-06-30,2026,6,EASYJET,E,Europe and CIS,A321neo,A320 Family,1.0,orders-and-deliveries-july-2026.xlsx,20260630
delivery,2026-06-30,2026,6,TRANSAVIA,E,Europe and CIS,A321neo,A320 Family,1.0,orders-and-deliveries-july-2026.xlsx,20260630
delivery,2026-06-30,2026,6,JETSMART (CHILE),L,Latin America & Caribbean,A321neo,A320 Family,1.0,orders-and-deliveries-july-2026.xlsx,20260630
delivery,2026-06-30,2026,6,SAUDIA,M,Middle East,A321neo,A320 Family,1.0,orders-and-deliveries-july-2026.xlsx,20260630
delivery,2026-06-30,2026,6,UNITED AIRLINES,N,North America,A321neo,A320 Family,1.0,orders-and-deliveries-july-2026.xlsx,20260630
delivery,2026-07-03,2026,7,TURKISH AIRLINES,E,Europe and CIS,A321neo,A320 Family,1.0,orders-and-deliveries-july-2026.xlsx,20260703
delivery,2026-07-07,2026,7,WIZZ AIR,E,Europe and CIS,A321neo,A320 Family,1.0,orders-and-deliveries-july-2026.xlsx,20260707
delivery,2026-07-09,2026,7,AIRASIA,A,Asia-Pacific,A321neo,A320 Family,1.0,orders-and-deliveries-july-2026.xlsx,20260709
delivery,2026-07-09,2026,7,AMERICAN AIRLINES,N,North America,A321neo,A320 Family,1.0,orders-and-deliveries-july-2026.xlsx,20260709
delivery,2026-07-10,2026,7,INDIGO,A,Asia-Pacific,A321neo,A320 Family,1.0,orders-and-deliveries-july-2026.xlsx,20260710
delivery,2026-07-13,2026,7,AIRASIA,A,Asia-Pacific,A321neo,A320 Family,1.0,orders-and-deliveries-july-2026.xlsx,20260713
delivery,2026-07-13,2026,7,CHINA SOUTHERN AIRLINES,A,Asia-Pacific,A321neo,A320 Family,1.0,orders-and-deliveries-july-2026.xlsx,20260713
delivery,2026-07-14,2026,7,CDB LEASING (JUNEYAO AIR),A,Asia-Pacific,A321neo,A320 Family,1.0,orders-and-deliveries-july-2026.xlsx,20260714
delivery,2026-07-14,2026,7,NAS AVIATION SERVICES (THAI AIRWAYS),N,North America,A321neo,A320 Family,1.0,orders-and-deliveries-july-2026.xlsx,20260714
delivery,2026-07-15,2026,7,LUFTHANSA,E,Europe and CIS,A321neo,A320 Family,1.0,orders-and-deliveries-july-2026.xlsx,20260715
delivery,2026-07-15,2026,7,AERCAP (THAI AIRWAYS),E,Europe and CIS,A321neo,A320 Family,1.0,orders-and-deliveries-july-2026.xlsx,20260715
delivery,2026-07-16,2026,7,AMERICAN AIRLINES,N,North America,A321neo,A320 Family,1.0,orders-and-deliveries-july-2026.xlsx,20260716
delivery,2026-07-16,2026,7,UNITED AIRLINES,N,North America,A321neo,A320 Family,1.0,orders-and-deliveries-july-2026.xlsx,20260716
delivery,2026-07-17,2026,7,INDIGO,A,Asia-Pacific,A321neo,A320 Family,1.0,orders-and-deliveries-july-2026.xlsx,20260717
delivery,2026-07-17,2026,7,SMBC AVIATION CAPITAL (KLM ROYAL DUTCH AIRLINES),E,Europe and CIS,A321neo,A320 Family,1.0,orders-and-deliveries-july-2026.xlsx,20260717
delivery,2026-07-20,2026,7,INDIGO,A,Asia-Pacific,A321neo,A320 Family,1.0,orders-and-deliveries-july-2026.xlsx,20260720
delivery,2026-07-20,2026,7,GULF AIR,M,Middle East,A321neo,A320 Family,1.0,orders-and-deliveries-july-2026.xlsx,20260720
delivery,2026-07-21,2026,7,WIZZ AIR,E,Europe and CIS,A321neo,A320 Family,1.0,orders-and-deliveries-july-2026.xlsx,20260721
delivery,2026-07-22,2026,7,JET2,E,Europe and CIS,A321neo,A320 Family,1.0,orders-and-deliveries-july-2026.xlsx,20260722
delivery,2026-07-23,2026,7,SMBC AVIATION CAPITAL (CONDOR),E,Europe and CIS,A321neo,A320 Family,1.0,orders-and-deliveries-july-2026.xlsx,20260723
delivery,2026-07-23,2026,7,DELTA AIR LINES,N,North America,A321neo,A320 Family,1.0,orders-and-deliveries-july-2026.xlsx,20260723
delivery,2026-07-23,2026,7,FRONTIER AIRLINES,N,North America,A321neo,A320 Family,1.0,orders-and-deliveries-july-2026.xlsx,20260723
delivery,2026-07-24,2026,7,CALC (THAI AIRWAYS),A,Asia-Pacific,A321neo,A320 Family,1.0,orders-and-deliveries-july-2026.xlsx,20260724
delivery,2026-07-24,2026,7,TAP AIR PORTUGAL,E,Europe and CIS,A321neo,A320 Family,1.0,orders-and-deliveries-july-2026.xlsx,20260724
delivery,2026-07-24,2026,7,VIVA,L,Latin America & Caribbean,A321neo,A320 Family,1.0,orders-and-deliveries-july-2026.xlsx,20260724
delivery,2026-07-27,2026,7,SCOOT,A,Asia-Pacific,A321neo,A320 Family,1.0,orders-and-deliveries-july-2026.xlsx,20260727
delivery,2026-07-28,2026,7,CHINA SOUTHERN AIRLINES,A,Asia-Pacific,A321neo,A320 Family,1.0,orders-and-deliveries-july-2026.xlsx,20260728
delivery,2026-07-28,2026,7,AERCAP (HAINAN AIRLINES),E,Europe and CIS,A321neo,A320 Family,1.0,orders-and-deliveries-july-2026.xlsx,20260728
delivery,2026-07-29,2026,7,CHINA SOUTHERN AIRLINES,A,Asia-Pacific,A321neo,A320 Family,1.0,orders-and-deliveries-july-2026.xlsx,20260729
delivery,2026-07-30,2026,7,PEGASUS AIRLINES,E,Europe and CIS,A321neo,A320 Family,1.0,orders-and-deliveries-july-2026.xlsx,20260730
delivery,2026-07-30,2026,7,TAP AIR PORTUGAL,E,Europe and CIS,A321neo,A320 Family,1.0,orders-and-deliveries-july-2026.xlsx,20260730
delivery,2026-07-30,2026,7,DELTA AIR LINES,N,North America,A321neo,A320 Family,1.0,orders-and-deliveries-july-2026.xlsx,20260730
delivery,2026-07-30,2026,7,AMERICAN AIRLINES,N,North America,A321neo,A320 Family,1.0,orders-and-deliveries-july-2026.xlsx,20260730
delivery,2026-07-30,2026,7,JETBLUE AIRWAYS,N,North America,A321neo,A320 Family,1.0,orders-and-deliveries-july-2026.xlsx,20260730
delivery,2026-07-31,2026,7,EASYJET,E,Europe and CIS,A321neo,A320 Family,1.0,orders-and-deliveries-july-2026.xlsx,20260731
delivery,2026-07-31,2026,7,FRONTIER AIRLINES,N,North America,A321neo,A320 Family,1.0,orders-and-deliveries-july-2026.xlsx,20260731
delivery,2026-07-31,2026,7,UNITED AIRLINES,N,North America,A321neo,A320 Family,1.0,orders-and-deliveries-july-2026.xlsx,20260731
delivery,2026-04-28,2026,4,AIRBUS DEFENCE AND SPACE,E,Europe and CIS,A330-200,A330,1.0,orders-and-deliveries-july-2026.xlsx,20260428
delivery,2026-03-02,2026,3,ITA AIRWAYS,E,Europe and CIS,A330-900,A330,1.0,orders-and-deliveries-july-2026.xlsx,20260302
delivery,2026-03-02,2026,3,CIT LEASING (MALAYSIA AIRLINES),E,Europe and CIS,A330-900,A330,1.0,orders-and-deliveries-july-2026.xlsx,20260302
delivery,2026-03-30,2026,3,AIR ALGERIE,F,Africa,A330-900,A330,1.0,orders-and-deliveries-july-2026.xlsx,20260330
delivery,2026-04-08,2026,4,ITA AIRWAYS,E,Europe and CIS,A330-900,A330,1.0,orders-and-deliveries-july-2026.xlsx,20260408
delivery,2026-04-14,2026,4,CIT LEASING (STARLUX AIRLINES),E,Europe and CIS,A330-900,A330,1.0,orders-and-deliveries-july-2026.xlsx,20260414
delivery,2026-05-13,2026,5,SMBC AVIATION CAPITAL (SUNCLASS AIRLINES),E,Europe and CIS,A330-900,A330,1.0,orders-and-deliveries-july-2026.xlsx,20260513
delivery,2026-05-15,2026,5,CIT LEASING (STARLUX AIRLINES),E,Europe and CIS,A330-900,A330,1.0,orders-and-deliveries-july-2026.xlsx,20260515
delivery,2026-05-27,2026,5,HAINAN AIRLINES,A,Asia-Pacific,A330-900,A330,1.0,orders-and-deliveries-july-2026.xlsx,20260527
delivery,2026-05-28,2026,5,AZUL FINANCE LLC (AZUL),L,Latin America & Caribbean,A330-900,A330,1.0,orders-and-deliveries-july-2026.xlsx,20260528
delivery,2026-01-30,2026,1,LUFTHANSA,E,Europe and CIS,A350-900,A350,1.0,orders-and-deliveries-july-2026.xlsx,20260130
delivery,2026-02-06,2026,2,EGYPTAIR,F,Africa,A350-900,A350,1.0,orders-and-deliveries-july-2026.xlsx,20260206
delivery,2026-03-04,2026,3,JAPAN AIRLINES,A,Asia-Pacific,A350-900,A350,1.0,orders-and-deliveries-july-2026.xlsx,20260304
delivery,2026-03-05,2026,3,KOREAN AIR,A,Asia-Pacific,A350-900,A350,1.0,orders-and-deliveries-july-2026.xlsx,20260305
delivery,2026-03-06,2026,3,EMIRATES,M,Middle East,A350-900,A350,1.0,orders-and-deliveries-july-2026.xlsx,20260306
delivery,2026-03-18,2026,3,EGYPTAIR,F,Africa,A350-900,A350,1.0,orders-and-deliveries-july-2026.xlsx,20260318
delivery,2026-03-30,2026,3,EMIRATES,M,Middle East,A350-900,A350,1.0,orders-and-deliveries-july-2026.xlsx,20260330
delivery,2026-03-31,2026,3,EMIRATES,M,Middle East,A350-900,A350,1.0,orders-and-deliveries-july-2026.xlsx,20260331
delivery,2026-04-28,2026,4,TURKISH AIRLINES,E,Europe and CIS,A350-900,A350,1.0,orders-and-deliveries-july-2026.xlsx,20260428
delivery,2026-04-29,2026,4,SAS,E,Europe and CIS,A350-900,A350,1.0,orders-and-deliveries-july-2026.xlsx,20260429
delivery,2026-04-30,2026,4,EGYPTAIR,F,Africa,A350-900,A350,1.0,orders-and-deliveries-july-2026.xlsx,20260430
delivery,2026-05-14,2026,5,DELTA AIR LINES,N,North America,A350-900,A350,1.0,orders-and-deliveries-july-2026.xlsx,20260514
delivery,2026-05-22,2026,5,EMIRATES,M,Middle East,A350-900,A350,2.0,orders-and-deliveries-july-2026.xlsx,20260522
delivery,2026-06-03,2026,6,EMIRATES,M,Middle East,A350-900,A350,1.0,orders-and-deliveries-july-2026.xlsx,20260603
delivery,2026-06-16,2026,6,EMIRATES,M,Middle East,A350-900,A350,1.0,orders-and-deliveries-july-2026.xlsx,20260616
delivery,2026-06-18,2026,6,AIR FRANCE,E,Europe and CIS,A350-900,A350,1.0,orders-and-deliveries-july-2026.xlsx,20260618
delivery,2026-06-24,2026,6,EGYPTAIR,F,Africa,A350-900,A350,1.0,orders-and-deliveries-july-2026.xlsx,20260624
delivery,2026-06-26,2026,6,EMIRATES,M,Middle East,A350-900,A350,1.0,orders-and-deliveries-july-2026.xlsx,20260626
delivery,2026-06-30,2026,6,TURKISH AIRLINES,E,Europe and CIS,A350-900,A350,1.0,orders-and-deliveries-july-2026.xlsx,20260630
delivery,2026-07-07,2026,7,AIR FRANCE,E,Europe and CIS,A350-900,A350,1.0,orders-and-deliveries-july-2026.xlsx,20260707
delivery,2026-07-16,2026,7,EMIRATES,M,Middle East,A350-900,A350,1.0,orders-and-deliveries-july-2026.xlsx,20260716
delivery,2026-07-30,2026,7,EMIRATES,M,Middle East,A350-900,A350,1.0,orders-and-deliveries-july-2026.xlsx,20260730
delivery,2026-07-31,2026,7,EMIRATES,M,Middle East,A350-900,A350,1.0,orders-and-deliveries-july-2026.xlsx,20260731
delivery,2026-02-25,2026,2,JAPAN AIRLINES,A,Asia-Pacific,A350-1000,A350,1.0,orders-and-deliveries-july-2026.xlsx,20260225
delivery,2026-03-17,2026,3,STARLUX AIRLINES,A,Asia-Pacific,A350-1000,A350,1.0,orders-and-deliveries-july-2026.xlsx,20260317
delivery,2026-03-17,2026,3,ETIHAD AIRWAYS,M,Middle East,A350-1000,A350,1.0,orders-and-deliveries-july-2026.xlsx,20260317
delivery,2026-04-22,2026,4,ETIHAD AIRWAYS,M,Middle East,A350-1000,A350,1.0,orders-and-deliveries-july-2026.xlsx,20260422
delivery,2026-05-27,2026,5,PHILIPPINE AIRLINES,A,Asia-Pacific,A350-1000,A350,1.0,orders-and-deliveries-july-2026.xlsx,20260527
delivery,2026-06-30,2026,6,QATAR AIRWAYS,M,Middle East,A350-1000,A350,1.0,orders-and-deliveries-july-2026.xlsx,20260630
delivery,2026-07-02,2026,7,STARLUX AIRLINES,A,Asia-Pacific,A350-1000,A350,1.0,orders-and-deliveries-july-2026.xlsx,20260702
delivery,2026-07-27,2026,7,PHILIPPINE AIRLINES,A,Asia-Pacific,A350-1000,A350,1.0,orders-and-deliveries-july-2026.xlsx,20260727
