customer,country,region_code,region,aircraft_type,family,metric,units,source_file
"GOVERNMENTS, EXECUTIVE AND PRIVATE JETS",,,Unknown,A220-100,A220,Ord,8,orders-and-deliveries-july-2026.xlsx
"GOVERNMENTS, EXECUTIVE AND PRIVATE JETS",,,Unknown,A220-100,A220,Del,5,orders-and-deliveries-july-2026.xlsx
"GOVERNMENTS, EXECUTIVE AND PRIVATE JETS",,,Unknown,A220-100,A220,Opr,5,orders-and-deliveries-july-2026.xlsx
"GOVERNMENTS, EXECUTIVE AND PRIVATE JETS",,,Unknown,A220-300,A220,Ord,2,orders-and-deliveries-july-2026.xlsx
"GOVERNMENTS, EXECUTIVE AND PRIVATE JETS",,,Unknown,A318,A320 Family,Ord,20,orders-and-deliveries-july-2026.xlsx
"GOVERNMENTS, EXECUTIVE AND PRIVATE JETS",,,Unknown,A318,A320 Family,Del,20,orders-and-deliveries-july-2026.xlsx
"GOVERNMENTS, EXECUTIVE AND PRIVATE JETS",,,Unknown,A318,A320 Family,Opr,13,orders-and-deliveries-july-2026.xlsx
"GOVERNMENTS, EXECUTIVE AND PRIVATE JETS",,,Unknown,A319ceo,A320 Family,Ord,77,orders-and-deliveries-july-2026.xlsx
"GOVERNMENTS, EXECUTIVE AND PRIVATE JETS",,,Unknown,A319ceo,A320 Family,Del,77,orders-and-deliveries-july-2026.xlsx
"GOVERNMENTS, EXECUTIVE AND PRIVATE JETS",,,Unknown,A319ceo,A320 Family,Opr,76,orders-and-deliveries-july-2026.xlsx
"GOVERNMENTS, EXECUTIVE AND PRIVATE JETS",,,Unknown,A319neo,A320 Family,Ord,11,orders-and-deliveries-july-2026.xlsx
"GOVERNMENTS, EXECUTIVE AND PRIVATE JETS",,,Unknown,A319neo,A320 Family,Del,9,orders-and-deliveries-july-2026.xlsx
"GOVERNMENTS, EXECUTIVE AND PRIVATE JETS",,,Unknown,A319neo,A320 Family,Opr,7,orders-and-deliveries-july-2026.xlsx
"GOVERNMENTS, EXECUTIVE AND PRIVATE JETS",,,Unknown,A320ceo,A320 Family,Ord,20,orders-and-deliveries-july-2026.xlsx
"GOVERNMENTS, EXECUTIVE AND PRIVATE JETS",,,Unknown,A320ceo,A320 Family,Del,20,orders-and-deliveries-july-2026.xlsx
"GOVERNMENTS, EXECUTIVE AND PRIVATE JETS",,,Unknown,A320ceo,A320 Family,Opr,27,orders-and-deliveries-july-2026.xlsx
"GOVERNMENTS, EXECUTIVE AND PRIVATE JETS",,,Unknown,A320neo,A320 Family,Ord,24,orders-and-deliveries-july-2026.xlsx
"GOVERNMENTS, EXECUTIVE AND PRIVATE JETS",,,Unknown,A320neo,A320 Family,Del,15,orders-and-deliveries-july-2026.xlsx
"GOVERNMENTS, EXECUTIVE AND PRIVATE JETS",,,Unknown,A320neo,A320 Family,Opr,14,orders-and-deliveries-july-2026.xlsx
"GOVERNMENTS, EXECUTIVE AND PRIVATE JETS",,,Unknown,A321ceo,A320 Family,Ord,1,orders-and-deliveries-july-2026.xlsx
"GOVERNMENTS, EXECUTIVE AND PRIVATE JETS",,,Unknown,A321ceo,A320 Family,Del,1,orders-and-deliveries-july-2026.xlsx
"GOVERNMENTS, EXECUTIVE AND PRIVATE JETS",,,Unknown,A321ceo,A320 Family,Opr,2,orders-and-deliveries-july-2026.xlsx
"GOVERNMENTS, EXECUTIVE AND PRIVATE JETS",,,Unknown,A321neo,A320 Family,Ord,2,orders-and-deliveries-july-2026.xlsx
"GOVERNMENTS, EXECUTIVE AND PRIVATE JETS",,,Unknown,A321neo,A320 Family,Del,2,orders-and-deliveries-july-2026.xlsx
"GOVERNMENTS, EXECUTIVE AND PRIVATE JETS",,,Unknown,A321neo,A320 Family,Opr,3,orders-and-deliveries-july-2026.xlsx
"GOVERNMENTS, EXECUTIVE AND PRIVATE JETS",,,Unknown,A300,A300/A310,Ord,3,orders-and-deliveries-july-2026.xlsx
"GOVERNMENTS, EXECUTIVE AND PRIVATE JETS",,,Unknown,A300,A300/A310,Del,3,orders-and-deliveries-july-2026.xlsx
"GOVERNMENTS, EXECUTIVE AND PRIVATE JETS",,,Unknown,A300,A300/A310,Opr,2,orders-and-deliveries-july-2026.xlsx
"GOVERNMENTS, EXECUTIVE AND PRIVATE JETS",,,Unknown,A310,A300/A310,Ord,3,orders-and-deliveries-july-2026.xlsx
"GOVERNMENTS, EXECUTIVE AND PRIVATE JETS",,,Unknown,A310,A300/A310,Del,3,orders-and-deliveries-july-2026.xlsx
"GOVERNMENTS, EXECUTIVE AND PRIVATE JETS",,,Unknown,A310,A300/A310,Opr,7,orders-and-deliveries-july-2026.xlsx
"GOVERNMENTS, EXECUTIVE AND PRIVATE JETS",,,Unknown,A330-200,A330,Ord,82,orders-and-deliveries-july-2026.xlsx
"GOVERNMENTS, EXECUTIVE AND PRIVATE JETS",,,Unknown,A330-200,A330,Del,76,orders-and-deliveries-july-2026.xlsx
"GOVERNMENTS, EXECUTIVE AND PRIVATE JETS",,,Unknown,A330-200,A330,Opr,88,orders-and-deliveries-july-2026.xlsx
"GOVERNMENTS, EXECUTIVE AND PRIVATE JETS",,,Unknown,A330-300,A330,Ord,1,orders-and-deliveries-july-2026.xlsx
"GOVERNMENTS, EXECUTIVE AND PRIVATE JETS",,,Unknown,A330-300,A330,Del,1,orders-and-deliveries-july-2026.xlsx
"GOVERNMENTS, EXECUTIVE AND PRIVATE JETS",,,Unknown,A330-300,A330,Opr,3,orders-and-deliveries-july-2026.xlsx
"GOVERNMENTS, EXECUTIVE AND PRIVATE JETS",,,Unknown,A330-800,A330,Ord,2,orders-and-deliveries-july-2026.xlsx
"GOVERNMENTS, EXECUTIVE AND PRIVATE JETS",,,Unknown,A330-800,A330,Del,1,orders-and-deliveries-july-2026.xlsx
"GOVERNMENTS, EXECUTIVE AND PRIVATE JETS",,,Unknown,A330-800,A330,Opr,1,orders-and-deliveries-july-2026.xlsx
"GOVERNMENTS, EXECUTIVE AND PRIVATE JETS",,,Unknown,A340-200/300,A340,Ord,7,orders-and-deliveries-july-2026.xlsx
"GOVERNMENTS, EXECUTIVE AND PRIVATE JETS",,,Unknown,A340-200/300,A340,Del,7,orders-and-deliveries-july-2026.xlsx
"GOVERNMENTS, EXECUTIVE AND PRIVATE JETS",,,Unknown,A340-200/300,A340,Opr,4,orders-and-deliveries-july-2026.xlsx
"GOVERNMENTS, EXECUTIVE AND PRIVATE JETS",,,Unknown,A340-500/600,A340,Ord,7,orders-and-deliveries-july-2026.xlsx
"GOVERNMENTS, EXECUTIVE AND PRIVATE JETS",,,Unknown,A340-500/600,A340,Del,7,orders-and-deliveries-july-2026.xlsx
"GOVERNMENTS, EXECUTIVE AND PRIVATE JETS",,,Unknown,A340-500/600,A340,Opr,10,orders-and-deliveries-july-2026.xlsx
"GOVERNMENTS, EXECUTIVE AND PRIVATE JETS",,,Unknown,A350-900,A350,Ord,10,orders-and-deliveries-july-2026.xlsx
"GOVERNMENTS, EXECUTIVE AND PRIVATE JETS",,,Unknown,A350-900,A350,Del,4,orders-and-deliveries-july-2026.xlsx
"GOVERNMENTS, EXECUTIVE AND PRIVATE JETS",,,Unknown,A350-900,A350,Opr,4,orders-and-deliveries-july-2026.xlsx
ABRA GROUP,UNITED KINGDOM,E,Europe and CIS,A320neo,A320 Family,Ord,50,orders-and-deliveries-july-2026.xlsx
ABRA GROUP,UNITED KINGDOM,E,Europe and CIS,A350-900,A350,Ord,5,orders-and-deliveries-july-2026.xlsx
ACCIPITER,IRELAND,E,Europe and CIS,A320neo,A320 Family,Ord,13,orders-and-deliveries-july-2026.xlsx
ACCIPITER,IRELAND,E,Europe and CIS,A320neo,A320 Family,Del,11,orders-and-deliveries-july-2026.xlsx
ACCIPITER,IRELAND,E,Europe and CIS,A321neo,A320 Family,Ord,7,orders-and-deliveries-july-2026.xlsx
ACCIPITER,IRELAND,E,Europe and CIS,A321neo,A320 Family,Del,3,orders-and-deliveries-july-2026.xlsx
ACES COLOMBIA,COLOMBIA,L,Latin America & Caribbean,A320ceo,A320 Family,Ord,8,orders-and-deliveries-july-2026.xlsx
ACES COLOMBIA,COLOMBIA,L,Latin America & Caribbean,A320ceo,A320 Family,Del,8,orders-and-deliveries-july-2026.xlsx
ADRIA AIRWAYS,SLOVENIA,E,Europe and CIS,A320ceo,A320 Family,Ord,5,orders-and-deliveries-july-2026.xlsx
ADRIA AIRWAYS,SLOVENIA,E,Europe and CIS,A320ceo,A320 Family,Del,5,orders-and-deliveries-july-2026.xlsx
AEGEAN AIRLINES,GREECE,E,Europe and CIS,A320ceo,A320 Family,Ord,19,orders-and-deliveries-july-2026.xlsx
AEGEAN AIRLINES,GREECE,E,Europe and CIS,A320ceo,A320 Family,Del,19,orders-and-deliveries-july-2026.xlsx
AEGEAN AIRLINES,GREECE,E,Europe and CIS,A320ceo,A320 Family,Opr,25,orders-and-deliveries-july-2026.xlsx
AEGEAN AIRLINES,GREECE,E,Europe and CIS,A320neo,A320 Family,Ord,9,orders-and-deliveries-july-2026.xlsx
AEGEAN AIRLINES,GREECE,E,Europe and CIS,A320neo,A320 Family,Del,9,orders-and-deliveries-july-2026.xlsx
AEGEAN AIRLINES,GREECE,E,Europe and CIS,A320neo,A320 Family,Opr,21,orders-and-deliveries-july-2026.xlsx
AEGEAN AIRLINES,GREECE,E,Europe and CIS,A321ceo,A320 Family,Opr,3,orders-and-deliveries-july-2026.xlsx
AEGEAN AIRLINES,GREECE,E,Europe and CIS,A321neo,A320 Family,Ord,32,orders-and-deliveries-july-2026.xlsx
AEGEAN AIRLINES,GREECE,E,Europe and CIS,A321neo,A320 Family,Del,17,orders-and-deliveries-july-2026.xlsx
AEGEAN AIRLINES,GREECE,E,Europe and CIS,A321neo,A320 Family,Opr,22,orders-and-deliveries-july-2026.xlsx
AERCAP,NETHERLANDS,E,Europe and CIS,A319ceo,A320 Family,Ord,7,orders-and-deliveries-july-2026.xlsx
AERCAP,NETHERLANDS,E,Europe and CIS,A319ceo,A320 Family,Del,7,orders-and-deliveries-july-2026.xlsx
AERCAP,NETHERLANDS,E,Europe and CIS,A320ceo,A320 Family,Ord,20,orders-and-deliveries-july-2026.xlsx
AERCAP,NETHERLANDS,E,Europe and CIS,A320ceo,A320 Family,Del,20,orders-and-deliveries-july-2026.xlsx
AERCAP,NETHERLANDS,E,Europe and CIS,A320neo,A320 Family,Ord,152,orders-and-deliveries-july-2026.xlsx
AERCAP,NETHERLANDS,E,Europe and CIS,A320neo,A320 Family,Del,151,orders-and-deliveries-july-2026.xlsx
AERCAP,NETHERLANDS,E,Europe and CIS,A321ceo,A320 Family,Ord,8,orders-and-deliveries-july-2026.xlsx
AERCAP,NETHERLANDS,E,Europe and CIS,A321ceo,A320 Family,Del,8,orders-and-deliveries-july-2026.xlsx
AERCAP,NETHERLANDS,E,Europe and CIS,A321neo,A320 Family,Ord,159,orders-and-deliveries-july-2026.xlsx
AERCAP,NETHERLANDS,E,Europe and CIS,A321neo,A320 Family,Del,131,orders-and-deliveries-july-2026.xlsx
AERCAP,NETHERLANDS,E,Europe and CIS,A330-200,A330,Ord,11,orders-and-deliveries-july-2026.xlsx
AERCAP,NETHERLANDS,E,Europe and CIS,A330-200,A330,Del,11,orders-and-deliveries-july-2026.xlsx
AERCAP,NETHERLANDS,E,Europe and CIS,A330-300,A330,Ord,15,orders-and-deliveries-july-2026.xlsx
AERCAP,NETHERLANDS,E,Europe and CIS,A330-300,A330,Del,15,orders-and-deliveries-july-2026.xlsx
AERCAP,NETHERLANDS,E,Europe and CIS,A350-900,A350,Ord,20,orders-and-deliveries-july-2026.xlsx
AERCAP,NETHERLANDS,E,Europe and CIS,A350-900,A350,Del,20,orders-and-deliveries-july-2026.xlsx
AERCAP IRELAND,IRELAND,E,Europe and CIS,A330-300,A330,Ord,5,orders-and-deliveries-july-2026.xlsx
AERCAP IRELAND,IRELAND,E,Europe and CIS,A330-300,A330,Del,5,orders-and-deliveries-july-2026.xlsx
AERDRAGON AVIATION PARTNERS,IRELAND,E,Europe and CIS,A320ceo,A320 Family,Ord,13,orders-and-deliveries-july-2026.xlsx
AERDRAGON AVIATION PARTNERS,IRELAND,E,Europe and CIS,A320ceo,A320 Family,Del,13,orders-and-deliveries-july-2026.xlsx
AER LINGUS,IRELAND,E,Europe and CIS,A320ceo,A320 Family,Ord,17,orders-and-deliveries-july-2026.xlsx
AER LINGUS,IRELAND,E,Europe and CIS,A320ceo,A320 Family,Del,17,orders-and-deliveries-july-2026.xlsx
AER LINGUS,IRELAND,E,Europe and CIS,A320ceo,A320 Family,Opr,27,orders-and-deliveries-july-2026.xlsx
AER LINGUS,IRELAND,E,Europe and CIS,A320neo,A320 Family,Ord,8,orders-and-deliveries-july-2026.xlsx
AER LINGUS,IRELAND,E,Europe and CIS,A320neo,A320 Family,Del,6,orders-and-deliveries-july-2026.xlsx
AER LINGUS,IRELAND,E,Europe and CIS,A320neo,A320 Family,Opr,8,orders-and-deliveries-july-2026.xlsx
AER LINGUS,IRELAND,E,Europe and CIS,A321ceo,A320 Family,Ord,3,orders-and-deliveries-july-2026.xlsx
AER LINGUS,IRELAND,E,Europe and CIS,A321ceo,A320 Family,Del,3,orders-and-deliveries-july-2026.xlsx
AER LINGUS,IRELAND,E,Europe and CIS,A321neo,A320 Family,Ord,6,orders-and-deliveries-july-2026.xlsx
AER LINGUS,IRELAND,E,Europe and CIS,A321neo,A320 Family,Del,6,orders-and-deliveries-july-2026.xlsx
AER LINGUS,IRELAND,E,Europe and CIS,A321neo,A320 Family,Opr,14,orders-and-deliveries-july-2026.xlsx
AER LINGUS,IRELAND,E,Europe and CIS,A330-200,A330,Ord,3,orders-and-deliveries-july-2026.xlsx
AER LINGUS,IRELAND,E,Europe and CIS,A330-200,A330,Del,3,orders-and-deliveries-july-2026.xlsx
AER LINGUS,IRELAND,E,Europe and CIS,A330-200,A330,Opr,3,orders-and-deliveries-july-2026.xlsx
AER LINGUS,IRELAND,E,Europe and CIS,A330-300,A330,Ord,11,orders-and-deliveries-july-2026.xlsx
AER LINGUS,IRELAND,E,Europe and CIS,A330-300,A330,Del,11,orders-and-deliveries-july-2026.xlsx
AER LINGUS,IRELAND,E,Europe and CIS,A330-300,A330,Opr,11,orders-and-deliveries-july-2026.xlsx
AER LINGUS UK,UNITED KINGDOM,E,Europe and CIS,A330-300,A330,Opr,1,orders-and-deliveries-july-2026.xlsx
AERO DILI,EAST TIMOR,A,Asia-Pacific,A319ceo,A320 Family,Opr,1,orders-and-deliveries-july-2026.xlsx
AERO DILI,EAST TIMOR,A,Asia-Pacific,A320ceo,A320 Family,Opr,1,orders-and-deliveries-july-2026.xlsx
AEROFLOT,RUSSIAN FEDERATION,E,Europe and CIS,A319ceo,A320 Family,Ord,4,orders-and-deliveries-july-2026.xlsx
AEROFLOT,RUSSIAN FEDERATION,E,Europe and CIS,A319ceo,A320 Family,Del,4,orders-and-deliveries-july-2026.xlsx
AEROFLOT,RUSSIAN FEDERATION,E,Europe and CIS,A320ceo,A320 Family,Ord,1,orders-and-deliveries-july-2026.xlsx
AEROFLOT,RUSSIAN FEDERATION,E,Europe and CIS,A320ceo,A320 Family,Del,1,orders-and-deliveries-july-2026.xlsx
AEROFLOT,RUSSIAN FEDERATION,E,Europe and CIS,A320ceo,A320 Family,Opr,52,orders-and-deliveries-july-2026.xlsx
AEROFLOT,RUSSIAN FEDERATION,E,Europe and CIS,A320neo,A320 Family,Opr,6,orders-and-deliveries-july-2026.xlsx
AEROFLOT,RUSSIAN FEDERATION,E,Europe and CIS,A321ceo,A320 Family,Ord,26,orders-and-deliveries-july-2026.xlsx
AEROFLOT,RUSSIAN FEDERATION,E,Europe and CIS,A321ceo,A320 Family,Del,26,orders-and-deliveries-july-2026.xlsx
AEROFLOT,RUSSIAN FEDERATION,E,Europe and CIS,A321ceo,A320 Family,Opr,32,orders-and-deliveries-july-2026.xlsx
AEROFLOT,RUSSIAN FEDERATION,E,Europe and CIS,A321neo,A320 Family,Opr,3,orders-and-deliveries-july-2026.xlsx
AEROFLOT,RUSSIAN FEDERATION,E,Europe and CIS,A310,A300/A310,Ord,5,orders-and-deliveries-july-2026.xlsx
AEROFLOT,RUSSIAN FEDERATION,E,Europe and CIS,A310,A300/A310,Del,5,orders-and-deliveries-july-2026.xlsx
AEROFLOT,RUSSIAN FEDERATION,E,Europe and CIS,A330-300,A330,Ord,11,orders-and-deliveries-july-2026.xlsx
AEROFLOT,RUSSIAN FEDERATION,E,Europe and CIS,A330-300,A330,Del,11,orders-and-deliveries-july-2026.xlsx
AEROFLOT,RUSSIAN FEDERATION,E,Europe and CIS,A330-300,A330,Opr,12,orders-and-deliveries-july-2026.xlsx
AEROFLOT,RUSSIAN FEDERATION,E,Europe and CIS,A350-900,A350,Ord,16,orders-and-deliveries-july-2026.xlsx
AEROFLOT,RUSSIAN FEDERATION,E,Europe and CIS,A350-900,A350,Del,7,orders-and-deliveries-july-2026.xlsx
AEROFLOT,RUSSIAN FEDERATION,E,Europe and CIS,A350-900,A350,Opr,7,orders-and-deliveries-july-2026.xlsx
AERO K,SOUTH KOREA,A,Asia-Pacific,A320ceo,A320 Family,Ord,3,orders-and-deliveries-july-2026.xlsx
AERO K,SOUTH KOREA,A,Asia-Pacific,A320ceo,A320 Family,Del,3,orders-and-deliveries-july-2026.xlsx
AERO K,SOUTH KOREA,A,Asia-Pacific,A320ceo,A320 Family,Opr,9,orders-and-deliveries-july-2026.xlsx
AEROLINEAS ARGENTINAS,ARGENTINA,L,Latin America & Caribbean,A330-200,A330,Ord,4,orders-and-deliveries-july-2026.xlsx
AEROLINEAS ARGENTINAS,ARGENTINA,L,Latin America & Caribbean,A330-200,A330,Del,4,orders-and-deliveries-july-2026.xlsx
AEROLINEAS ARGENTINAS,ARGENTINA,L,Latin America & Caribbean,A330-200,A330,Opr,10,orders-and-deliveries-july-2026.xlsx
AERO LLOYD,GERMANY,E,Europe and CIS,A320ceo,A320 Family,Ord,4,orders-and-deliveries-july-2026.xlsx
AERO LLOYD,GERMANY,E,Europe and CIS,A320ceo,A320 Family,Del,4,orders-and-deliveries-july-2026.xlsx
AERO LLOYD,GERMANY,E,Europe and CIS,A321ceo,A320 Family,Ord,5,orders-and-deliveries-july-2026.xlsx
AERO LLOYD,GERMANY,E,Europe and CIS,A321ceo,A320 Family,Del,5,orders-and-deliveries-july-2026.xlsx
AERO MONGOLIA,MONGOLIA,A,Asia-Pacific,A319ceo,A320 Family,Opr,2,orders-and-deliveries-july-2026.xlsx
AERO NOMAD,KYRGYZSTAN,E,Europe and CIS,A320ceo,A320 Family,Opr,2,orders-and-deliveries-july-2026.xlsx
AERO NOMAD,KYRGYZSTAN,E,Europe and CIS,A330-200,A330,Opr,1,orders-and-deliveries-july-2026.xlsx
AEROSPACE TRADING HOLDING,UNITED ARAB EMIRATES,M,Middle East,A320ceo,A320 Family,Ord,16,orders-and-deliveries-july-2026.xlsx
AEROSPACE TRADING HOLDING,UNITED ARAB EMIRATES,M,Middle East,A320ceo,A320 Family,Del,16,orders-and-deliveries-july-2026.xlsx
AEROSPACE TRADING HOLDING,UNITED ARAB EMIRATES,M,Middle East,A321ceo,A320 Family,Ord,11,orders-and-deliveries-july-2026.xlsx
AEROSPACE TRADING HOLDING,UNITED ARAB EMIRATES,M,Middle East,A321ceo,A320 Family,Del,11,orders-and-deliveries-july-2026.xlsx
AEROSTAR LEASING,SINGAPORE,A,Asia-Pacific,A320ceo,A320 Family,Ord,12,orders-and-deliveries-july-2026.xlsx
AEROSTAR LEASING,SINGAPORE,A,Asia-Pacific,A320ceo,A320 Family,Del,12,orders-and-deliveries-july-2026.xlsx
AERVENTURE,IRELAND,E,Europe and CIS,A319ceo,A320 Family,Ord,12,orders-and-deliveries-july-2026.xlsx
AERVENTURE,IRELAND,E,Europe and CIS,A319ceo,A320 Family,Del,12,orders-and-deliveries-july-2026.xlsx
AERVENTURE,IRELAND,E,Europe and CIS,A320ceo,A320 Family,Ord,44,orders-and-deliveries-july-2026.xlsx
AERVENTURE,IRELAND,E,Europe and CIS,A320ceo,A320 Family,Del,44,orders-and-deliveries-july-2026.xlsx
AERVENTURE,IRELAND,E,Europe and CIS,A321ceo,A320 Family,Ord,3,orders-and-deliveries-july-2026.xlsx
AERVENTURE,IRELAND,E,Europe and CIS,A321ceo,A320 Family,Del,3,orders-and-deliveries-july-2026.xlsx
AFG AVIATION VENTURES NO. 1 (IRELAND),IRELAND,E,Europe and CIS,A330-200,A330,Ord,2,orders-and-deliveries-july-2026.xlsx
AFG AVIATION VENTURES NO. 1 (IRELAND),IRELAND,E,Europe and CIS,A330-200,A330,Del,2,orders-and-deliveries-july-2026.xlsx
AFRIQIYAH AIRWAYS,LIBYA,F,Africa,A319ceo,A320 Family,Ord,3,orders-and-deliveries-july-2026.xlsx
AFRIQIYAH AIRWAYS,LIBYA,F,Africa,A319ceo,A320 Family,Del,3,orders-and-deliveries-july-2026.xlsx
AFRIQIYAH AIRWAYS,LIBYA,F,Africa,A319ceo,A320 Family,Opr,1,orders-and-deliveries-july-2026.xlsx
AFRIQIYAH AIRWAYS,LIBYA,F,Africa,A320ceo,A320 Family,Ord,8,orders-and-deliveries-july-2026.xlsx
AFRIQIYAH AIRWAYS,LIBYA,F,Africa,A320ceo,A320 Family,Del,8,orders-and-deliveries-july-2026.xlsx
AFRIQIYAH AIRWAYS,LIBYA,F,Africa,A320ceo,A320 Family,Opr,5,orders-and-deliveries-july-2026.xlsx
AFRIQIYAH AIRWAYS,LIBYA,F,Africa,A300,A300/A310,Opr,1,orders-and-deliveries-july-2026.xlsx
AFRIQIYAH AIRWAYS,LIBYA,F,Africa,A330-200,A330,Ord,4,orders-and-deliveries-july-2026.xlsx
AFRIQIYAH AIRWAYS,LIBYA,F,Africa,A330-200,A330,Del,4,orders-and-deliveries-july-2026.xlsx
AFRIQIYAH AIRWAYS,LIBYA,F,Africa,A330-300,A330,Ord,2,orders-and-deliveries-july-2026.xlsx
AFRIQIYAH AIRWAYS,LIBYA,F,Africa,A330-300,A330,Del,2,orders-and-deliveries-july-2026.xlsx
AFRIQIYAH AIRWAYS,LIBYA,F,Africa,A330-300,A330,Opr,2,orders-and-deliveries-july-2026.xlsx
AFRIQIYAH AIRWAYS,LIBYA,F,Africa,A350-900,A350,Ord,10,orders-and-deliveries-july-2026.xlsx
AIGLE AZUR,FRANCE,E,Europe and CIS,A319ceo,A320 Family,Ord,1,orders-and-deliveries-july-2026.xlsx
AIGLE AZUR,FRANCE,E,Europe and CIS,A319ceo,A320 Family,Del,1,orders-and-deliveries-july-2026.xlsx
AIR AFRIQUE,COTE D'IVOIRE,F,Africa,A300,A300/A310,Ord,3,orders-and-deliveries-july-2026.xlsx
AIR AFRIQUE,COTE D'IVOIRE,F,Africa,A300,A300/A310,Del,3,orders-and-deliveries-july-2026.xlsx
AIR AFRIQUE,COTE D'IVOIRE,F,Africa,A310,A300/A310,Ord,4,orders-and-deliveries-july-2026.xlsx
AIR AFRIQUE,COTE D'IVOIRE,F,Africa,A310,A300/A310,Del,4,orders-and-deliveries-july-2026.xlsx
AIR ALBANIA,ALBANIA,E,Europe and CIS,A319ceo,A320 Family,Opr,1,orders-and-deliveries-july-2026.xlsx
AIR ALGERIE,ALGERIA,F,Africa,A310,A300/A310,Ord,2,orders-and-deliveries-july-2026.xlsx
AIR ALGERIE,ALGERIA,F,Africa,A310,A300/A310,Del,2,orders-and-deliveries-july-2026.xlsx
AIR ALGERIE,ALGERIA,F,Africa,A330-200,A330,Ord,8,orders-and-deliveries-july-2026.xlsx
AIR ALGERIE,ALGERIA,F,Africa,A330-200,A330,Del,8,orders-and-deliveries-july-2026.xlsx
AIR ALGERIE,ALGERIA,F,Africa,A330-200,A330,Opr,8,orders-and-deliveries-july-2026.xlsx
AIR ALGERIE,ALGERIA,F,Africa,A330-900,A330,Ord,10,orders-and-deliveries-july-2026.xlsx
AIR ALGERIE,ALGERIA,F,Africa,A330-900,A330,Del,5,orders-and-deliveries-july-2026.xlsx
AIR ALGERIE,ALGERIA,F,Africa,A330-900,A330,Opr,5,orders-and-deliveries-july-2026.xlsx
AIR ANKA,TURKEY,E,Europe and CIS,A330-200,A330,Opr,2,orders-and-deliveries-july-2026.xlsx
AIR ANKA,TURKEY,E,Europe and CIS,A330-300,A330,Opr,1,orders-and-deliveries-july-2026.xlsx
AIR ARABIA,UNITED ARAB EMIRATES,M,Middle East,A320ceo,A320 Family,Ord,49,orders-and-deliveries-july-2026.xlsx
AIR ARABIA,UNITED ARAB EMIRATES,M,Middle East,A320ceo,A320 Family,Del,49,orders-and-deliveries-july-2026.xlsx
AIR ARABIA,UNITED ARAB EMIRATES,M,Middle East,A320ceo,A320 Family,Opr,41,orders-and-deliveries-july-2026.xlsx
AIR ARABIA,UNITED ARAB EMIRATES,M,Middle East,A320neo,A320 Family,Ord,70,orders-and-deliveries-july-2026.xlsx
AIR ARABIA,UNITED ARAB EMIRATES,M,Middle East,A320neo,A320 Family,Del,12,orders-and-deliveries-july-2026.xlsx
AIR ARABIA,UNITED ARAB EMIRATES,M,Middle East,A320neo,A320 Family,Opr,13,orders-and-deliveries-july-2026.xlsx
AIR ARABIA,UNITED ARAB EMIRATES,M,Middle East,A321ceo,A320 Family,Opr,3,orders-and-deliveries-july-2026.xlsx
AIR ARABIA,UNITED ARAB EMIRATES,M,Middle East,A321neo,A320 Family,Ord,50,orders-and-deliveries-july-2026.xlsx
AIR ARABIA,UNITED ARAB EMIRATES,M,Middle East,A321neo,A320 Family,Opr,6,orders-and-deliveries-july-2026.xlsx
AIR ARABIA ABU DHABI,UNITED ARAB EMIRATES,M,Middle East,A320ceo,A320 Family,Opr,12,orders-and-deliveries-july-2026.xlsx
AIR ARABIA EGYPT,EGYPT,F,Africa,A320ceo,A320 Family,Opr,4,orders-and-deliveries-july-2026.xlsx
AIR ARABIA MAROC,MOROCCO,F,Africa,A320ceo,A320 Family,Opr,10,orders-and-deliveries-july-2026.xlsx
AIRASIA,MALAYSIA,A,Asia-Pacific,A220-300,A220,Ord,150,orders-and-deliveries-july-2026.xlsx
AIRASIA,MALAYSIA,A,Asia-Pacific,A320ceo,A320 Family,Ord,188,orders-and-deliveries-july-2026.xlsx
AIRASIA,MALAYSIA,A,Asia-Pacific,A320ceo,A320 Family,Del,188,orders-and-deliveries-july-2026.xlsx
AIRASIA,MALAYSIA,A,Asia-Pacific,A320ceo,A320 Family,Opr,164,orders-and-deliveries-july-2026.xlsx
AIRASIA,MALAYSIA,A,Asia-Pacific,A320neo,A320 Family,Ord,38,orders-and-deliveries-july-2026.xlsx
AIRASIA,MALAYSIA,A,Asia-Pacific,A320neo,A320 Family,Del,38,orders-and-deliveries-july-2026.xlsx
AIRASIA,MALAYSIA,A,Asia-Pacific,A320neo,A320 Family,Opr,40,orders-and-deliveries-july-2026.xlsx
AIRASIA,MALAYSIA,A,Asia-Pacific,A321ceo,A320 Family,Opr,3,orders-and-deliveries-july-2026.xlsx
AIRASIA,MALAYSIA,A,Asia-Pacific,A321neo,A320 Family,Ord,346,orders-and-deliveries-july-2026.xlsx
AIRASIA,MALAYSIA,A,Asia-Pacific,A321neo,A320 Family,Del,16,orders-and-deliveries-july-2026.xlsx
AIRASIA,MALAYSIA,A,Asia-Pacific,A321neo,A320 Family,Opr,19,orders-and-deliveries-july-2026.xlsx
AIRASIA X,MALAYSIA,A,Asia-Pacific,A321neo,A320 Family,Ord,20,orders-and-deliveries-july-2026.xlsx
AIRASIA X,MALAYSIA,A,Asia-Pacific,A330-300,A330,Ord,20,orders-and-deliveries-july-2026.xlsx
AIRASIA X,MALAYSIA,A,Asia-Pacific,A330-300,A330,Del,20,orders-and-deliveries-july-2026.xlsx
AIRASIA X,MALAYSIA,A,Asia-Pacific,A330-300,A330,Opr,30,orders-and-deliveries-july-2026.xlsx
AIR ASTANA,KAZAKHSTAN,E,Europe and CIS,A320ceo,A320 Family,Ord,4,orders-and-deliveries-july-2026.xlsx
AIR ASTANA,KAZAKHSTAN,E,Europe and CIS,A320ceo,A320 Family,Del,4,orders-and-deliveries-july-2026.xlsx
AIR ASTANA,KAZAKHSTAN,E,Europe and CIS,A320neo,A320 Family,Ord,5,orders-and-deliveries-july-2026.xlsx
AIR ASTANA,KAZAKHSTAN,E,Europe and CIS,A320neo,A320 Family,Opr,11,orders-and-deliveries-july-2026.xlsx
AIR ASTANA,KAZAKHSTAN,E,Europe and CIS,A321ceo,A320 Family,Ord,2,orders-and-deliveries-july-2026.xlsx
AIR ASTANA,KAZAKHSTAN,E,Europe and CIS,A321ceo,A320 Family,Del,2,orders-and-deliveries-july-2026.xlsx
AIR ASTANA,KAZAKHSTAN,E,Europe and CIS,A321ceo,A320 Family,Opr,3,orders-and-deliveries-july-2026.xlsx
AIR ASTANA,KAZAKHSTAN,E,Europe and CIS,A321neo,A320 Family,Ord,20,orders-and-deliveries-july-2026.xlsx
AIR ASTANA,KAZAKHSTAN,E,Europe and CIS,A321neo,A320 Family,Opr,18,orders-and-deliveries-july-2026.xlsx
AIR AUSTRAL,REUNION,E,Europe and CIS,A220-300,A220,Ord,3,orders-and-deliveries-july-2026.xlsx
AIR AUSTRAL,REUNION,E,Europe and CIS,A220-300,A220,Del,3,orders-and-deliveries-july-2026.xlsx
AIR AUSTRAL,REUNION,E,Europe and CIS,A220-300,A220,Opr,3,orders-and-deliveries-july-2026.xlsx
AIRBALTIC,LATVIA,E,Europe and CIS,A220-300,A220,Ord,90,orders-and-deliveries-july-2026.xlsx
AIRBALTIC,LATVIA,E,Europe and CIS,A220-300,A220,Del,50,orders-and-deliveries-july-2026.xlsx
AIRBALTIC,LATVIA,E,Europe and CIS,A220-300,A220,Opr,56,orders-and-deliveries-july-2026.xlsx
AIR BERLIN,GERMANY,E,Europe and CIS,A319ceo,A320 Family,Ord,13,orders-and-deliveries-july-2026.xlsx
AIR BERLIN,GERMANY,E,Europe and CIS,A319ceo,A320 Family,Del,13,orders-and-deliveries-july-2026.xlsx
AIR BERLIN,GERMANY,E,Europe and CIS,A320ceo,A320 Family,Ord,54,orders-and-deliveries-july-2026.xlsx
AIR BERLIN,GERMANY,E,Europe and CIS,A320ceo,A320 Family,Del,54,orders-and-deliveries-july-2026.xlsx
AIR BERLIN,GERMANY,E,Europe and CIS,A321ceo,A320 Family,Ord,18,orders-and-deliveries-july-2026.xlsx
AIR BERLIN,GERMANY,E,Europe and CIS,A321ceo,A320 Family,Del,18,orders-and-deliveries-july-2026.xlsx
AIRBLUE,PAKISTAN,A,Asia-Pacific,A320ceo,A320 Family,Ord,1,orders-and-deliveries-july-2026.xlsx
AIRBLUE,PAKISTAN,A,Asia-Pacific,A320ceo,A320 Family,Del,1,orders-and-deliveries-july-2026.xlsx
AIRBLUE,PAKISTAN,A,Asia-Pacific,A320ceo,A320 Family,Opr,5,orders-and-deliveries-july-2026.xlsx
AIRBLUE,PAKISTAN,A,Asia-Pacific,A321ceo,A320 Family,Opr,5,orders-and-deliveries-july-2026.xlsx
AIRBLUE,PAKISTAN,A,Asia-Pacific,A321neo,A320 Family,Opr,2,orders-and-deliveries-july-2026.xlsx
AIR BUSAN,SOUTH KOREA,A,Asia-Pacific,A320ceo,A320 Family,Opr,5,orders-and-deliveries-july-2026.xlsx
AIR BUSAN,SOUTH KOREA,A,Asia-Pacific,A321ceo,A320 Family,Opr,8,orders-and-deliveries-july-2026.xlsx
AIR BUSAN,SOUTH KOREA,A,Asia-Pacific,A321neo,A320 Family,Opr,8,orders-and-deliveries-july-2026.xlsx
AIR CAIRO,EGYPT,F,Africa,A320ceo,A320 Family,Ord,4,orders-and-deliveries-july-2026.xlsx
AIR CAIRO,EGYPT,F,Africa,A320ceo,A320 Family,Del,4,orders-and-deliveries-july-2026.xlsx
AIR CAIRO,EGYPT,F,Africa,A320ceo,A320 Family,Opr,13,orders-and-deliveries-july-2026.xlsx
AIR CAIRO,EGYPT,F,Africa,A320neo,A320 Family,Opr,18,orders-and-deliveries-july-2026.xlsx
AIRCALIN,NEW CALEDONIA,A,Asia-Pacific,A320ceo,A320 Family,Ord,1,orders-and-deliveries-july-2026.xlsx
AIRCALIN,NEW CALEDONIA,A,Asia-Pacific,A320ceo,A320 Family,Del,1,orders-and-deliveries-july-2026.xlsx
AIRCALIN,NEW CALEDONIA,A,Asia-Pacific,A320neo,A320 Family,Ord,2,orders-and-deliveries-july-2026.xlsx
AIRCALIN,NEW CALEDONIA,A,Asia-Pacific,A320neo,A320 Family,Del,2,orders-and-deliveries-july-2026.xlsx
AIRCALIN,NEW CALEDONIA,A,Asia-Pacific,A320neo,A320 Family,Opr,2,orders-and-deliveries-july-2026.xlsx
AIRCALIN,NEW CALEDONIA,A,Asia-Pacific,A330-200,A330,Ord,2,orders-and-deliveries-july-2026.xlsx
AIRCALIN,NEW CALEDONIA,A,Asia-Pacific,A330-200,A330,Del,2,orders-and-deliveries-july-2026.xlsx
AIRCALIN,NEW CALEDONIA,A,Asia-Pacific,A330-900,A330,Ord,2,orders-and-deliveries-july-2026.xlsx
AIRCALIN,NEW CALEDONIA,A,Asia-Pacific,A330-900,A330,Del,2,orders-and-deliveries-july-2026.xlsx
AIRCALIN,NEW CALEDONIA,A,Asia-Pacific,A330-900,A330,Opr,2,orders-and-deliveries-july-2026.xlsx
AIRCALIN,NEW CALEDONIA,A,Asia-Pacific,A350-900,A350,Ord,2,orders-and-deliveries-july-2026.xlsx
AIR CAMBODIA,CAMBODIA,A,Asia-Pacific,A320ceo,A320 Family,Opr,2,orders-and-deliveries-july-2026.xlsx
AIR CAMBODIA,CAMBODIA,A,Asia-Pacific,A321ceo,A320 Family,Opr,1,orders-and-deliveries-july-2026.xlsx
AIR CANADA,CANADA,N,North America,A220-300,A220,Ord,65,orders-and-deliveries-july-2026.xlsx
AIR CANADA,CANADA,N,North America,A220-300,A220,Del,47,orders-and-deliveries-july-2026.xlsx
AIR CANADA,CANADA,N,North America,A220-300,A220,Opr,47,orders-and-deliveries-july-2026.xlsx
AIR CANADA,CANADA,N,North America,A319ceo,A320 Family,Ord,37,orders-and-deliveries-july-2026.xlsx
AIR CANADA,CANADA,N,North America,A319ceo,A320 Family,Del,37,orders-and-deliveries-july-2026.xlsx
AIR CANADA,CANADA,N,North America,A319ceo,A320 Family,Opr,17,orders-and-deliveries-july-2026.xlsx
AIR CANADA,CANADA,N,North America,A320ceo,A320 Family,Ord,28,orders-and-deliveries-july-2026.xlsx
AIR CANADA,CANADA,N,North America,A320ceo,A320 Family,Del,28,orders-and-deliveries-july-2026.xlsx
AIR CANADA,CANADA,N,North America,A320ceo,A320 Family,Opr,27,orders-and-deliveries-july-2026.xlsx
AIR CANADA,CANADA,N,North America,A321ceo,A320 Family,Ord,10,orders-and-deliveries-july-2026.xlsx
AIR CANADA,CANADA,N,North America,A321ceo,A320 Family,Del,10,orders-and-deliveries-july-2026.xlsx
AIR CANADA,CANADA,N,North America,A321ceo,A320 Family,Opr,34,orders-and-deliveries-july-2026.xlsx
AIR CANADA,CANADA,N,North America,A321neo,A320 Family,Ord,15,orders-and-deliveries-july-2026.xlsx
AIR CANADA,CANADA,N,North America,A321neo,A320 Family,Opr,2,orders-and-deliveries-july-2026.xlsx
AIR CANADA,CANADA,N,North America,A330-300,A330,Ord,8,orders-and-deliveries-july-2026.xlsx
AIR CANADA,CANADA,N,North America,A330-300,A330,Del,8,orders-and-deliveries-july-2026.xlsx
AIR CANADA,CANADA,N,North America,A330-300,A330,Opr,20,orders-and-deliveries-july-2026.xlsx
AIR CANADA,CANADA,N,North America,A340-200/300,A340,Ord,8,orders-and-deliveries-july-2026.xlsx
AIR CANADA,CANADA,N,North America,A340-200/300,A340,Del,8,orders-and-deliveries-july-2026.xlsx
AIR CANADA,CANADA,N,North America,A340-500/600,A340,Ord,2,orders-and-deliveries-july-2026.xlsx
AIR CANADA,CANADA,N,North America,A340-500/600,A340,Del,2,orders-and-deliveries-july-2026.xlsx
AIR CANADA,CANADA,N,North America,A350-1000,A350,Ord,8,orders-and-deliveries-july-2026.xlsx
AIR CARAIBES,FRANCE,E,Europe and CIS,A330-200,A330,Opr,2,orders-and-deliveries-july-2026.xlsx
AIR CARAIBES,FRANCE,E,Europe and CIS,A330-300,A330,Ord,3,orders-and-deliveries-july-2026.xlsx
AIR CARAIBES,FRANCE,E,Europe and CIS,A330-300,A330,Del,3,orders-and-deliveries-july-2026.xlsx
AIR CARAIBES,FRANCE,E,Europe and CIS,A330-300,A330,Opr,2,orders-and-deliveries-july-2026.xlsx
AIR CARAIBES,FRANCE,E,Europe and CIS,A350-900,A350,Opr,3,orders-and-deliveries-july-2026.xlsx
AIR CARAIBES,FRANCE,E,Europe and CIS,A350-1000,A350,Ord,4,orders-and-deliveries-july-2026.xlsx
AIR CARAIBES,FRANCE,E,Europe and CIS,A350-1000,A350,Del,4,orders-and-deliveries-july-2026.xlsx
AIR CARAIBES,FRANCE,E,Europe and CIS,A350-1000,A350,Opr,4,orders-and-deliveries-july-2026.xlsx
AIRCASTLE ADVISOR,UNITED STATES OF AMERICA,N,North America,A330-200,A330,Ord,7,orders-and-deliveries-july-2026.xlsx
AIRCASTLE ADVISOR,UNITED STATES OF AMERICA,N,North America,A330-200,A330,Del,7,orders-and-deliveries-july-2026.xlsx
AIRCASTLE ADVISOR,UNITED STATES OF AMERICA,N,North America,A330-200F,A330,Ord,3,orders-and-deliveries-july-2026.xlsx
AIRCASTLE ADVISOR,UNITED STATES OF AMERICA,N,North America,A330-200F,A330,Del,3,orders-and-deliveries-july-2026.xlsx
AIR CHINA,CHINA,A,Asia-Pacific,A319ceo,A320 Family,Ord,33,orders-and-deliveries-july-2026.xlsx
AIR CHINA,CHINA,A,Asia-Pacific,A319ceo,A320 Family,Del,33,orders-and-deliveries-july-2026.xlsx
AIR CHINA,CHINA,A,Asia-Pacific,A319ceo,A320 Family,Opr,19,orders-and-deliveries-july-2026.xlsx
AIR CHINA,CHINA,A,Asia-Pacific,A319neo,A320 Family,Ord,10,orders-and-deliveries-july-2026.xlsx
AIR CHINA,CHINA,A,Asia-Pacific,A319neo,A320 Family,Del,8,orders-and-deliveries-july-2026.xlsx
AIR CHINA,CHINA,A,Asia-Pacific,A319neo,A320 Family,Opr,8,orders-and-deliveries-july-2026.xlsx
AIR CHINA,CHINA,A,Asia-Pacific,A320ceo,A320 Family,Ord,40,orders-and-deliveries-july-2026.xlsx
AIR CHINA,CHINA,A,Asia-Pacific,A320ceo,A320 Family,Del,40,orders-and-deliveries-july-2026.xlsx
AIR CHINA,CHINA,A,Asia-Pacific,A320ceo,A320 Family,Opr,38,orders-and-deliveries-july-2026.xlsx
AIR CHINA,CHINA,A,Asia-Pacific,A320neo,A320 Family,Ord,22,orders-and-deliveries-july-2026.xlsx
AIR CHINA,CHINA,A,Asia-Pacific,A320neo,A320 Family,Del,22,orders-and-deliveries-july-2026.xlsx
AIR CHINA,CHINA,A,Asia-Pacific,A320neo,A320 Family,Opr,53,orders-and-deliveries-july-2026.xlsx
AIR CHINA,CHINA,A,Asia-Pacific,A321ceo,A320 Family,Ord,53,orders-and-deliveries-july-2026.xlsx
AIR CHINA,CHINA,A,Asia-Pacific,A321ceo,A320 Family,Del,53,orders-and-deliveries-july-2026.xlsx
AIR CHINA,CHINA,A,Asia-Pacific,A321ceo,A320 Family,Opr,61,orders-and-deliveries-july-2026.xlsx
AIR CHINA,CHINA,A,Asia-Pacific,A321neo,A320 Family,Ord,125,orders-and-deliveries-july-2026.xlsx
AIR CHINA,CHINA,A,Asia-Pacific,A321neo,A320 Family,Del,32,orders-and-deliveries-july-2026.xlsx
AIR CHINA,CHINA,A,Asia-Pacific,A321neo,A320 Family,Opr,47,orders-and-deliveries-july-2026.xlsx
AIR CHINA,CHINA,A,Asia-Pacific,A330-200,A330,Ord,30,orders-and-deliveries-july-2026.xlsx
AIR CHINA,CHINA,A,Asia-Pacific,A330-200,A330,Del,30,orders-and-deliveries-july-2026.xlsx
AIR CHINA,CHINA,A,Asia-Pacific,A330-200,A330,Opr,15,orders-and-deliveries-july-2026.xlsx
AIR CHINA,CHINA,A,Asia-Pacific,A330-300,A330,Ord,26,orders-and-deliveries-july-2026.xlsx
AIR CHINA,CHINA,A,Asia-Pacific,A330-300,A330,Del,26,orders-and-deliveries-july-2026.xlsx
AIR CHINA,CHINA,A,Asia-Pacific,A330-300,A330,Opr,28,orders-and-deliveries-july-2026.xlsx
AIR CHINA,CHINA,A,Asia-Pacific,A340-200/300,A340,Ord,3,orders-and-deliveries-july-2026.xlsx
AIR CHINA,CHINA,A,Asia-Pacific,A340-200/300,A340,Del,3,orders-and-deliveries-july-2026.xlsx
AIR CHINA,CHINA,A,Asia-Pacific,A350-900,A350,Ord,30,orders-and-deliveries-july-2026.xlsx
AIR CHINA,CHINA,A,Asia-Pacific,A350-900,A350,Del,30,orders-and-deliveries-july-2026.xlsx
AIR CHINA,CHINA,A,Asia-Pacific,A350-900,A350,Opr,28,orders-and-deliveries-july-2026.xlsx
AIR CHINA CARGO,CHINA,A,Asia-Pacific,A330-200,A330,Opr,8,orders-and-deliveries-july-2026.xlsx
AIR CHINA CARGO,CHINA,A,Asia-Pacific,A350F,A350,Ord,10,orders-and-deliveries-july-2026.xlsx
AIR CHINA SOUTHWEST COMPANY,CHINA,A,Asia-Pacific,A340-200/300,A340,Ord,3,orders-and-deliveries-july-2026.xlsx
AIR CHINA SOUTHWEST COMPANY,CHINA,A,Asia-Pacific,A340-200/300,A340,Del,3,orders-and-deliveries-july-2026.xlsx
AIR CHINA ZHEJIANG COMPANY,CHINA,A,Asia-Pacific,A320ceo,A320 Family,Ord,3,orders-and-deliveries-july-2026.xlsx
AIR CHINA ZHEJIANG COMPANY,CHINA,A,Asia-Pacific,A320ceo,A320 Family,Del,3,orders-and-deliveries-july-2026.xlsx
AIR CORSICA,FRANCE,E,Europe and CIS,A320ceo,A320 Family,Opr,3,orders-and-deliveries-july-2026.xlsx
AIR CORSICA,FRANCE,E,Europe and CIS,A320neo,A320 Family,Opr,4,orders-and-deliveries-july-2026.xlsx
AIR COTE D'IVOIRE,COTE D'IVOIRE,F,Africa,A319ceo,A320 Family,Opr,5,orders-and-deliveries-july-2026.xlsx
AIR COTE D'IVOIRE,COTE D'IVOIRE,F,Africa,A320ceo,A320 Family,Ord,2,orders-and-deliveries-july-2026.xlsx
AIR COTE D'IVOIRE,COTE D'IVOIRE,F,Africa,A320ceo,A320 Family,Del,2,orders-and-deliveries-july-2026.xlsx
AIR COTE D'IVOIRE,COTE D'IVOIRE,F,Africa,A320ceo,A320 Family,Opr,2,orders-and-deliveries-july-2026.xlsx
AIR COTE D'IVOIRE,COTE D'IVOIRE,F,Africa,A320neo,A320 Family,Ord,1,orders-and-deliveries-july-2026.xlsx
AIR COTE D'IVOIRE,COTE D'IVOIRE,F,Africa,A320neo,A320 Family,Del,1,orders-and-deliveries-july-2026.xlsx
AIR COTE D'IVOIRE,COTE D'IVOIRE,F,Africa,A320neo,A320 Family,Opr,1,orders-and-deliveries-july-2026.xlsx
AIR COTE D'IVOIRE,COTE D'IVOIRE,F,Africa,A330-900,A330,Ord,2,orders-and-deliveries-july-2026.xlsx
AIR COTE D'IVOIRE,COTE D'IVOIRE,F,Africa,A330-900,A330,Del,2,orders-and-deliveries-july-2026.xlsx
AIR COTE D'IVOIRE,COTE D'IVOIRE,F,Africa,A330-900,A330,Opr,2,orders-and-deliveries-july-2026.xlsx
AIRCRAFT PURCHASE FLEET,IRELAND,E,Europe and CIS,A319ceo,A320 Family,Ord,10,orders-and-deliveries-july-2026.xlsx
AIRCRAFT PURCHASE FLEET,IRELAND,E,Europe and CIS,A319ceo,A320 Family,Del,10,orders-and-deliveries-july-2026.xlsx
AIRCRAFT PURCHASE FLEET,IRELAND,E,Europe and CIS,A320ceo,A320 Family,Ord,16,orders-and-deliveries-july-2026.xlsx
AIRCRAFT PURCHASE FLEET,IRELAND,E,Europe and CIS,A320ceo,A320 Family,Del,16,orders-and-deliveries-july-2026.xlsx
AIR DECCAN,INDIA,A,Asia-Pacific,A320ceo,A320 Family,Ord,12,orders-and-deliveries-july-2026.xlsx
AIR DECCAN,INDIA,A,Asia-Pacific,A320ceo,A320 Family,Del,12,orders-and-deliveries-july-2026.xlsx
AIR EUROPA LINEAS AEREAS,SPAIN,E,Europe and CIS,A350-900,A350,Ord,20,orders-and-deliveries-july-2026.xlsx
AIR FRANCE,FRANCE,E,Europe and CIS,A220-300,A220,Ord,60,orders-and-deliveries-july-2026.xlsx
AIR FRANCE,FRANCE,E,Europe and CIS,A220-300,A220,Del,58,orders-and-deliveries-july-2026.xlsx
AIR FRANCE,FRANCE,E,Europe and CIS,A220-300,A220,Opr,58,orders-and-deliveries-july-2026.xlsx
AIR FRANCE,FRANCE,E,Europe and CIS,A318,A320 Family,Ord,18,orders-and-deliveries-july-2026.xlsx
AIR FRANCE,FRANCE,E,Europe and CIS,A318,A320 Family,Del,18,orders-and-deliveries-july-2026.xlsx
AIR FRANCE,FRANCE,E,Europe and CIS,A318,A320 Family,Opr,4,orders-and-deliveries-july-2026.xlsx
AIR FRANCE,FRANCE,E,Europe and CIS,A319ceo,A320 Family,Ord,19,orders-and-deliveries-july-2026.xlsx
AIR FRANCE,FRANCE,E,Europe and CIS,A319ceo,A320 Family,Del,19,orders-and-deliveries-july-2026.xlsx
AIR FRANCE,FRANCE,E,Europe and CIS,A319ceo,A320 Family,Opr,1,orders-and-deliveries-july-2026.xlsx
AIR FRANCE,FRANCE,E,Europe and CIS,A320ceo,A320 Family,Ord,45,orders-and-deliveries-july-2026.xlsx
AIR FRANCE,FRANCE,E,Europe and CIS,A320ceo,A320 Family,Del,45,orders-and-deliveries-july-2026.xlsx
AIR FRANCE,FRANCE,E,Europe and CIS,A320ceo,A320 Family,Opr,36,orders-and-deliveries-july-2026.xlsx
AIR FRANCE,FRANCE,E,Europe and CIS,A321ceo,A320 Family,Ord,7,orders-and-deliveries-july-2026.xlsx
AIR FRANCE,FRANCE,E,Europe and CIS,A321ceo,A320 Family,Del,7,orders-and-deliveries-july-2026.xlsx
AIR FRANCE,FRANCE,E,Europe and CIS,A321ceo,A320 Family,Opr,10,orders-and-deliveries-july-2026.xlsx
AIR FRANCE,FRANCE,E,Europe and CIS,A300,A300/A310,Ord,23,orders-and-deliveries-july-2026.xlsx
AIR FRANCE,FRANCE,E,Europe and CIS,A300,A300/A310,Del,23,orders-and-deliveries-july-2026.xlsx
AIR FRANCE,FRANCE,E,Europe and CIS,A310,A300/A310,Ord,11,orders-and-deliveries-july-2026.xlsx
AIR FRANCE,FRANCE,E,Europe and CIS,A310,A300/A310,Del,11,orders-and-deliveries-july-2026.xlsx
AIR FRANCE,FRANCE,E,Europe and CIS,A330-200,A330,Ord,8,orders-and-deliveries-july-2026.xlsx
AIR FRANCE,FRANCE,E,Europe and CIS,A330-200,A330,Del,8,orders-and-deliveries-july-2026.xlsx
AIR FRANCE,FRANCE,E,Europe and CIS,A330-200,A330,Opr,7,orders-and-deliveries-july-2026.xlsx
AIR FRANCE,FRANCE,E,Europe and CIS,A340-200/300,A340,Ord,14,orders-and-deliveries-july-2026.xlsx
AIR FRANCE,FRANCE,E,Europe and CIS,A340-200/300,A340,Del,14,orders-and-deliveries-july-2026.xlsx
AIR FRANCE,FRANCE,E,Europe and CIS,A350F,A350,Ord,3,orders-and-deliveries-july-2026.xlsx
AIR FRANCE,FRANCE,E,Europe and CIS,A350-900,A350,Ord,40,orders-and-deliveries-july-2026.xlsx
AIR FRANCE,FRANCE,E,Europe and CIS,A350-900,A350,Del,40,orders-and-deliveries-july-2026.xlsx
AIR FRANCE,FRANCE,E,Europe and CIS,A350-900,A350,Opr,43,orders-and-deliveries-july-2026.xlsx
AIR FRANCE,FRANCE,E,Europe and CIS,A380,A380,Ord,10,orders-and-deliveries-july-2026.xlsx
AIR FRANCE,FRANCE,E,Europe and CIS,A380,A380,Del,10,orders-and-deliveries-july-2026.xlsx
AIR FRANCE - KLM,FRANCE,E,Europe and CIS,A350-900,A350,Ord,46,orders-and-deliveries-july-2026.xlsx
AIR FRANCE - KLM,FRANCE,E,Europe and CIS,A350-1000,A350,Ord,3,orders-and-deliveries-july-2026.xlsx
AIR GREENLAND,GREENLAND,N,North America,A330-800,A330,Ord,1,orders-and-deliveries-july-2026.xlsx
AIR GREENLAND,GREENLAND,N,North America,A330-800,A330,Del,1,orders-and-deliveries-july-2026.xlsx
AIR GREENLAND,GREENLAND,N,North America,A330-800,A330,Opr,1,orders-and-deliveries-july-2026.xlsx
AIR GUILIN,CHINA,A,Asia-Pacific,A319ceo,A320 Family,Opr,2,orders-and-deliveries-july-2026.xlsx
AIR GUILIN,CHINA,A,Asia-Pacific,A320ceo,A320 Family,Opr,8,orders-and-deliveries-july-2026.xlsx
AIR HONG KONG,CHINA,A,Asia-Pacific,A300,A300/A310,Ord,8,orders-and-deliveries-july-2026.xlsx
AIR HONG KONG,CHINA,A,Asia-Pacific,A300,A300/A310,Del,8,orders-and-deliveries-july-2026.xlsx
AIR HONG KONG,CHINA,A,Asia-Pacific,A330-200F,A330,Opr,4,orders-and-deliveries-july-2026.xlsx
AIR HONG KONG,CHINA,A,Asia-Pacific,A330-300,A330,Opr,10,orders-and-deliveries-july-2026.xlsx
AIRHUB AIRLINES,MALTA,E,Europe and CIS,A320ceo,A320 Family,Opr,1,orders-and-deliveries-july-2026.xlsx
AIR INDIA,INDIA,A,Asia-Pacific,A319ceo,A320 Family,Opr,6,orders-and-deliveries-july-2026.xlsx
AIR INDIA,INDIA,A,Asia-Pacific,A320ceo,A320 Family,Opr,4,orders-and-deliveries-july-2026.xlsx
AIR INDIA,INDIA,A,Asia-Pacific,A320neo,A320 Family,Ord,90,orders-and-deliveries-july-2026.xlsx
AIR INDIA,INDIA,A,Asia-Pacific,A320neo,A320 Family,Opr,84,orders-and-deliveries-july-2026.xlsx
AIR INDIA,INDIA,A,Asia-Pacific,A321ceo,A320 Family,Opr,13,orders-and-deliveries-july-2026.xlsx
AIR INDIA,INDIA,A,Asia-Pacific,A321neo,A320 Family,Ord,210,orders-and-deliveries-july-2026.xlsx
AIR INDIA,INDIA,A,Asia-Pacific,A321neo,A320 Family,Opr,10,orders-and-deliveries-july-2026.xlsx
AIR INDIA,INDIA,A,Asia-Pacific,A300,A300/A310,Ord,3,orders-and-deliveries-july-2026.xlsx
AIR INDIA,INDIA,A,Asia-Pacific,A300,A300/A310,Del,3,orders-and-deliveries-july-2026.xlsx
AIR INDIA,INDIA,A,Asia-Pacific,A310,A300/A310,Ord,8,orders-and-deliveries-july-2026.xlsx
AIR INDIA,INDIA,A,Asia-Pacific,A310,A300/A310,Del,8,orders-and-deliveries-july-2026.xlsx
AIR INDIA,INDIA,A,Asia-Pacific,A350-900,A350,Ord,25,orders-and-deliveries-july-2026.xlsx
AIR INDIA,INDIA,A,Asia-Pacific,A350-900,A350,Del,6,orders-and-deliveries-july-2026.xlsx
AIR INDIA,INDIA,A,Asia-Pacific,A350-900,A350,Opr,6,orders-and-deliveries-july-2026.xlsx
AIR INDIA,INDIA,A,Asia-Pacific,A350-1000,A350,Ord,25,orders-and-deliveries-july-2026.xlsx
AIR INDIA,INDIA,A,Asia-Pacific,A350-1000,A350,Del,1,orders-and-deliveries-july-2026.xlsx
AIR INDIA,INDIA,A,Asia-Pacific,A350-1000,A350,Opr,1,orders-and-deliveries-july-2026.xlsx
AIR INDIA EXPRESS,INDIA,A,Asia-Pacific,A320ceo,A320 Family,Opr,10,orders-and-deliveries-july-2026.xlsx
AIR INDIA EXPRESS,INDIA,A,Asia-Pacific,A320neo,A320 Family,Opr,12,orders-and-deliveries-july-2026.xlsx
AIR INDIA EXPRESS,INDIA,A,Asia-Pacific,A321neo,A320 Family,Opr,4,orders-and-deliveries-july-2026.xlsx
AIR INTER,FRANCE,E,Europe and CIS,A319ceo,A320 Family,Ord,9,orders-and-deliveries-july-2026.xlsx
AIR INTER,FRANCE,E,Europe and CIS,A319ceo,A320 Family,Del,9,orders-and-deliveries-july-2026.xlsx
AIR INTER,FRANCE,E,Europe and CIS,A320ceo,A320 Family,Ord,22,orders-and-deliveries-july-2026.xlsx
AIR INTER,FRANCE,E,Europe and CIS,A320ceo,A320 Family,Del,22,orders-and-deliveries-july-2026.xlsx
AIR INTER,FRANCE,E,Europe and CIS,A321ceo,A320 Family,Ord,7,orders-and-deliveries-july-2026.xlsx
AIR INTER,FRANCE,E,Europe and CIS,A321ceo,A320 Family,Del,7,orders-and-deliveries-july-2026.xlsx
AIR INTER,FRANCE,E,Europe and CIS,A300,A300/A310,Ord,8,orders-and-deliveries-july-2026.xlsx
AIR INTER,FRANCE,E,Europe and CIS,A300,A300/A310,Del,8,orders-and-deliveries-july-2026.xlsx
AIR INTER,FRANCE,E,Europe and CIS,A330-300,A330,Ord,4,orders-and-deliveries-july-2026.xlsx
AIR INTER,FRANCE,E,Europe and CIS,A330-300,A330,Del,4,orders-and-deliveries-july-2026.xlsx
AIR JAMAICA,JAMAICA,L,Latin America & Caribbean,A320ceo,A320 Family,Ord,4,orders-and-deliveries-july-2026.xlsx
AIR JAMAICA,JAMAICA,L,Latin America & Caribbean,A320ceo,A320 Family,Del,4,orders-and-deliveries-july-2026.xlsx
AIR KG,KYRGYZSTAN,E,Europe and CIS,A320ceo,A320 Family,Opr,1,orders-and-deliveries-july-2026.xlsx
AIR MACAU,CHINA,A,Asia-Pacific,A320ceo,A320 Family,Opr,6,orders-and-deliveries-july-2026.xlsx
AIR MACAU,CHINA,A,Asia-Pacific,A320neo,A320 Family,Opr,4,orders-and-deliveries-july-2026.xlsx
AIR MACAU,CHINA,A,Asia-Pacific,A321ceo,A320 Family,Ord,1,orders-and-deliveries-july-2026.xlsx
AIR MACAU,CHINA,A,Asia-Pacific,A321ceo,A320 Family,Del,1,orders-and-deliveries-july-2026.xlsx
AIR MACAU,CHINA,A,Asia-Pacific,A321ceo,A320 Family,Opr,8,orders-and-deliveries-july-2026.xlsx
AIR MACAU,CHINA,A,Asia-Pacific,A321neo,A320 Family,Opr,5,orders-and-deliveries-july-2026.xlsx
AIR MALTA,MALTA,E,Europe and CIS,A320ceo,A320 Family,Ord,2,orders-and-deliveries-july-2026.xlsx
AIR MALTA,MALTA,E,Europe and CIS,A320ceo,A320 Family,Del,2,orders-and-deliveries-july-2026.xlsx
AIR MAURITIUS,MAURITIUS,F,Africa,A319ceo,A320 Family,Ord,2,orders-and-deliveries-july-2026.xlsx
AIR MAURITIUS,MAURITIUS,F,Africa,A319ceo,A320 Family,Del,2,orders-and-deliveries-july-2026.xlsx
AIR MAURITIUS,MAURITIUS,F,Africa,A330-200,A330,Ord,2,orders-and-deliveries-july-2026.xlsx
AIR MAURITIUS,MAURITIUS,F,Africa,A330-200,A330,Del,2,orders-and-deliveries-july-2026.xlsx
AIR MAURITIUS,MAURITIUS,F,Africa,A330-200,A330,Opr,1,orders-and-deliveries-july-2026.xlsx
AIR MAURITIUS,MAURITIUS,F,Africa,A330-900,A330,Opr,2,orders-and-deliveries-july-2026.xlsx
AIR MAURITIUS,MAURITIUS,F,Africa,A340-200/300,A340,Ord,5,orders-and-deliveries-july-2026.xlsx
AIR MAURITIUS,MAURITIUS,F,Africa,A340-200/300,A340,Del,5,orders-and-deliveries-july-2026.xlsx
AIR MAURITIUS,MAURITIUS,F,Africa,A350-900,A350,Ord,5,orders-and-deliveries-july-2026.xlsx
AIR MAURITIUS,MAURITIUS,F,Africa,A350-900,A350,Del,2,orders-and-deliveries-july-2026.xlsx
AIR MAURITIUS,MAURITIUS,F,Africa,A350-900,A350,Opr,4,orders-and-deliveries-july-2026.xlsx
AIR NAMIBIA,NAMIBIA,F,Africa,A319ceo,A320 Family,Ord,2,orders-and-deliveries-july-2026.xlsx
AIR NAMIBIA,NAMIBIA,F,Africa,A319ceo,A320 Family,Del,2,orders-and-deliveries-july-2026.xlsx
AIR NEW ZEALAND,NEW ZEALAND,A,Asia-Pacific,A320ceo,A320 Family,Ord,18,orders-and-deliveries-july-2026.xlsx
AIR NEW ZEALAND,NEW ZEALAND,A,Asia-Pacific,A320ceo,A320 Family,Del,18,orders-and-deliveries-july-2026.xlsx
AIR NEW ZEALAND,NEW ZEALAND,A,Asia-Pacific,A320ceo,A320 Family,Opr,17,orders-and-deliveries-july-2026.xlsx
AIR NEW ZEALAND,NEW ZEALAND,A,Asia-Pacific,A320neo,A320 Family,Ord,4,orders-and-deliveries-july-2026.xlsx
AIR NEW ZEALAND,NEW ZEALAND,A,Asia-Pacific,A320neo,A320 Family,Del,4,orders-and-deliveries-july-2026.xlsx
AIR NEW ZEALAND,NEW ZEALAND,A,Asia-Pacific,A320neo,A320 Family,Opr,6,orders-and-deliveries-july-2026.xlsx
AIR NEW ZEALAND,NEW ZEALAND,A,Asia-Pacific,A321neo,A320 Family,Ord,11,orders-and-deliveries-july-2026.xlsx
AIR NEW ZEALAND,NEW ZEALAND,A,Asia-Pacific,A321neo,A320 Family,Del,9,orders-and-deliveries-july-2026.xlsx
AIR NEW ZEALAND,NEW ZEALAND,A,Asia-Pacific,A321neo,A320 Family,Opr,14,orders-and-deliveries-july-2026.xlsx
AIR NIUGINI,PAPUA NEW GUINEA,A,Asia-Pacific,A220-100,A220,Ord,8,orders-and-deliveries-july-2026.xlsx
AIR NIUGINI,PAPUA NEW GUINEA,A,Asia-Pacific,A220-300,A220,Opr,3,orders-and-deliveries-july-2026.xlsx
AIR NIUGINI,PAPUA NEW GUINEA,A,Asia-Pacific,A310,A300/A310,Ord,2,orders-and-deliveries-july-2026.xlsx
AIR NIUGINI,PAPUA NEW GUINEA,A,Asia-Pacific,A310,A300/A310,Del,2,orders-and-deliveries-july-2026.xlsx
AIR ONE,ITALY,E,Europe and CIS,A320ceo,A320 Family,Ord,26,orders-and-deliveries-july-2026.xlsx
AIR ONE,ITALY,E,Europe and CIS,A320ceo,A320 Family,Del,26,orders-and-deliveries-july-2026.xlsx
AIR SENEGAL,SENEGAL,F,Africa,A330-900,A330,Ord,2,orders-and-deliveries-july-2026.xlsx
AIR SENEGAL,SENEGAL,F,Africa,A330-900,A330,Del,2,orders-and-deliveries-july-2026.xlsx
AIR SENEGAL,SENEGAL,F,Africa,A330-900,A330,Opr,2,orders-and-deliveries-july-2026.xlsx
AIR SEOUL,SOUTH KOREA,A,Asia-Pacific,A321ceo,A320 Family,Opr,6,orders-and-deliveries-july-2026.xlsx
AIR SERBIA,REPUBLIC OF SERBIA,E,Europe and CIS,A319ceo,A320 Family,Opr,8,orders-and-deliveries-july-2026.xlsx
AIR SERBIA,REPUBLIC OF SERBIA,E,Europe and CIS,A320ceo,A320 Family,Opr,6,orders-and-deliveries-july-2026.xlsx
AIR SERBIA,REPUBLIC OF SERBIA,E,Europe and CIS,A330-200,A330,Opr,4,orders-and-deliveries-july-2026.xlsx
AIR SEYCHELLES,SEYCHELLES,A,Asia-Pacific,A320neo,A320 Family,Opr,2,orders-and-deliveries-july-2026.xlsx
AIR SIAL,PAKISTAN,A,Asia-Pacific,A320ceo,A320 Family,Opr,12,orders-and-deliveries-july-2026.xlsx
AIR TAHITI NUI,FRENCH POLYNESIA,A,Asia-Pacific,A340-200/300,A340,Ord,4,orders-and-deliveries-july-2026.xlsx
AIR TAHITI NUI,FRENCH POLYNESIA,A,Asia-Pacific,A340-200/300,A340,Del,4,orders-and-deliveries-july-2026.xlsx
AIR TANZANIA,TANZANIA,F,Africa,A220-300,A220,Ord,4,orders-and-deliveries-july-2026.xlsx
AIR TANZANIA,TANZANIA,F,Africa,A220-300,A220,Del,4,orders-and-deliveries-july-2026.xlsx
AIR TANZANIA,TANZANIA,F,Africa,A220-300,A220,Opr,4,orders-and-deliveries-july-2026.xlsx
AIR TRANSAT,CANADA,N,North America,A321ceo,A320 Family,Opr,8,orders-and-deliveries-july-2026.xlsx
AIR TRANSAT,CANADA,N,North America,A321neo,A320 Family,Opr,19,orders-and-deliveries-july-2026.xlsx
AIR TRANSAT,CANADA,N,North America,A330-200,A330,Opr,13,orders-and-deliveries-july-2026.xlsx
AIR TRANSAT,CANADA,N,North America,A330-300,A330,Opr,2,orders-and-deliveries-july-2026.xlsx
AIR TRAVEL,CHINA,A,Asia-Pacific,A319ceo,A320 Family,Ord,3,orders-and-deliveries-july-2026.xlsx
AIR TRAVEL,CHINA,A,Asia-Pacific,A319ceo,A320 Family,Del,3,orders-and-deliveries-july-2026.xlsx
AIR TRAVEL,CHINA,A,Asia-Pacific,A319ceo,A320 Family,Opr,2,orders-and-deliveries-july-2026.xlsx
AIR TRAVEL,CHINA,A,Asia-Pacific,A320ceo,A320 Family,Opr,5,orders-and-deliveries-july-2026.xlsx
AIR TRAVEL,CHINA,A,Asia-Pacific,A320neo,A320 Family,Opr,8,orders-and-deliveries-july-2026.xlsx
AIR TRAVEL,CHINA,A,Asia-Pacific,A321ceo,A320 Family,Opr,2,orders-and-deliveries-july-2026.xlsx
AIR VANUATU,VANUATU,A,Asia-Pacific,A220-100,A220,Ord,2,orders-and-deliveries-july-2026.xlsx
AIR VANUATU,VANUATU,A,Asia-Pacific,A220-300,A220,Ord,1,orders-and-deliveries-july-2026.xlsx
AIRX CHARTER,MALTA,E,Europe and CIS,A340-200/300,A340,Opr,1,orders-and-deliveries-july-2026.xlsx
AJET,TURKEY,E,Europe and CIS,A320ceo,A320 Family,Opr,4,orders-and-deliveries-july-2026.xlsx
AJET,TURKEY,E,Europe and CIS,A320neo,A320 Family,Opr,5,orders-and-deliveries-july-2026.xlsx
AJET,TURKEY,E,Europe and CIS,A321neo,A320 Family,Opr,14,orders-and-deliveries-july-2026.xlsx
AJW CAPITAL PARTNERS,BRITISH VIRGIN ISLANDS,L,Latin America & Caribbean,A340-500/600,A340,Ord,2,orders-and-deliveries-july-2026.xlsx
AJW CAPITAL PARTNERS,BRITISH VIRGIN ISLANDS,L,Latin America & Caribbean,A340-500/600,A340,Del,2,orders-and-deliveries-july-2026.xlsx
ALAFCO,KUWAIT,M,Middle East,A320ceo,A320 Family,Ord,25,orders-and-deliveries-july-2026.xlsx
ALAFCO,KUWAIT,M,Middle East,A320ceo,A320 Family,Del,25,orders-and-deliveries-july-2026.xlsx
ALAFCO,KUWAIT,M,Middle East,A320neo,A320 Family,Ord,39,orders-and-deliveries-july-2026.xlsx
ALAFCO,KUWAIT,M,Middle East,A320neo,A320 Family,Del,39,orders-and-deliveries-july-2026.xlsx
ALAFCO,KUWAIT,M,Middle East,A350-900,A350,Ord,12,orders-and-deliveries-july-2026.xlsx
ALAFCO,KUWAIT,M,Middle East,A350-900,A350,Del,12,orders-and-deliveries-july-2026.xlsx
ALITALIA,ITALY,E,Europe and CIS,A319ceo,A320 Family,Ord,12,orders-and-deliveries-july-2026.xlsx
ALITALIA,ITALY,E,Europe and CIS,A319ceo,A320 Family,Del,12,orders-and-deliveries-july-2026.xlsx
ALITALIA,ITALY,E,Europe and CIS,A320ceo,A320 Family,Ord,11,orders-and-deliveries-july-2026.xlsx
ALITALIA,ITALY,E,Europe and CIS,A320ceo,A320 Family,Del,11,orders-and-deliveries-july-2026.xlsx
ALITALIA,ITALY,E,Europe and CIS,A321ceo,A320 Family,Ord,23,orders-and-deliveries-july-2026.xlsx
ALITALIA,ITALY,E,Europe and CIS,A321ceo,A320 Family,Del,23,orders-and-deliveries-july-2026.xlsx
ALITALIA,ITALY,E,Europe and CIS,A300,A300/A310,Ord,8,orders-and-deliveries-july-2026.xlsx
ALITALIA,ITALY,E,Europe and CIS,A300,A300/A310,Del,8,orders-and-deliveries-july-2026.xlsx
ALLEGIANT AIR,UNITED STATES OF AMERICA,N,North America,A319ceo,A320 Family,Opr,30,orders-and-deliveries-july-2026.xlsx
ALLEGIANT AIR,UNITED STATES OF AMERICA,N,North America,A320ceo,A320 Family,Ord,13,orders-and-deliveries-july-2026.xlsx
ALLEGIANT AIR,UNITED STATES OF AMERICA,N,North America,A320ceo,A320 Family,Del,13,orders-and-deliveries-july-2026.xlsx
ALLEGIANT AIR,UNITED STATES OF AMERICA,N,North America,A320ceo,A320 Family,Opr,82,orders-and-deliveries-july-2026.xlsx
ALL NIPPON AIRWAYS,JAPAN,A,Asia-Pacific,A320ceo,A320 Family,Ord,33,orders-and-deliveries-july-2026.xlsx
ALL NIPPON AIRWAYS,JAPAN,A,Asia-Pacific,A320ceo,A320 Family,Del,33,orders-and-deliveries-july-2026.xlsx
ALL NIPPON AIRWAYS,JAPAN,A,Asia-Pacific,A320neo,A320 Family,Opr,11,orders-and-deliveries-july-2026.xlsx
ALL NIPPON AIRWAYS,JAPAN,A,Asia-Pacific,A321ceo,A320 Family,Ord,7,orders-and-deliveries-july-2026.xlsx
ALL NIPPON AIRWAYS,JAPAN,A,Asia-Pacific,A321ceo,A320 Family,Del,7,orders-and-deliveries-july-2026.xlsx
ALL NIPPON AIRWAYS,JAPAN,A,Asia-Pacific,A321ceo,A320 Family,Opr,4,orders-and-deliveries-july-2026.xlsx
ALL NIPPON AIRWAYS,JAPAN,A,Asia-Pacific,A321neo,A320 Family,Ord,27,orders-and-deliveries-july-2026.xlsx
ALL NIPPON AIRWAYS,JAPAN,A,Asia-Pacific,A321neo,A320 Family,Opr,22,orders-and-deliveries-july-2026.xlsx
ALL NIPPON AIRWAYS,JAPAN,A,Asia-Pacific,A380,A380,Ord,3,orders-and-deliveries-july-2026.xlsx
ALL NIPPON AIRWAYS,JAPAN,A,Asia-Pacific,A380,A380,Del,3,orders-and-deliveries-july-2026.xlsx
ALL NIPPON AIRWAYS,JAPAN,A,Asia-Pacific,A380,A380,Opr,3,orders-and-deliveries-july-2026.xlsx
ALMASRIA UNIVERSAL AIRLINES,EGYPT,F,Africa,A320ceo,A320 Family,Opr,2,orders-and-deliveries-july-2026.xlsx
ALMASRIA UNIVERSAL AIRLINES,EGYPT,F,Africa,A321ceo,A320 Family,Opr,4,orders-and-deliveries-july-2026.xlsx
ALPHASTREAM,SWITZERLAND,E,Europe and CIS,A320ceo,A320 Family,Ord,3,orders-and-deliveries-july-2026.xlsx
ALPHASTREAM,SWITZERLAND,E,Europe and CIS,A320ceo,A320 Family,Del,3,orders-and-deliveries-july-2026.xlsx
ALPHASTREAM,SWITZERLAND,E,Europe and CIS,A321ceo,A320 Family,Ord,2,orders-and-deliveries-july-2026.xlsx
ALPHASTREAM,SWITZERLAND,E,Europe and CIS,A321ceo,A320 Family,Del,2,orders-and-deliveries-july-2026.xlsx
AL SAHAAB AIRCRAFT LEASING,KUWAIT,M,Middle East,A320ceo,A320 Family,Ord,5,orders-and-deliveries-july-2026.xlsx
AL SAHAAB AIRCRAFT LEASING,KUWAIT,M,Middle East,A320ceo,A320 Family,Del,5,orders-and-deliveries-july-2026.xlsx
ALTAVAIR,UNITED STATES OF AMERICA,N,North America,A330-300,A330,Ord,4,orders-and-deliveries-july-2026.xlsx
ALTAVAIR,UNITED STATES OF AMERICA,N,North America,A330-300,A330,Del,4,orders-and-deliveries-july-2026.xlsx
ALTAVAIR UK,UNITED KINGDOM,E,Europe and CIS,A330-300,A330,Ord,3,orders-and-deliveries-july-2026.xlsx
ALTAVAIR UK,UNITED KINGDOM,E,Europe and CIS,A330-300,A330,Del,3,orders-and-deliveries-july-2026.xlsx
AMELIA (REGOURD AVIATION),FRANCE,E,Europe and CIS,A319ceo,A320 Family,Opr,3,orders-and-deliveries-july-2026.xlsx
AMELIA (REGOURD AVIATION),FRANCE,E,Europe and CIS,A320ceo,A320 Family,Opr,4,orders-and-deliveries-july-2026.xlsx
AMERICAN AIRLINES,UNITED STATES OF AMERICA,N,North America,A319ceo,A320 Family,Ord,7,orders-and-deliveries-july-2026.xlsx
AMERICAN AIRLINES,UNITED STATES OF AMERICA,N,North America,A319ceo,A320 Family,Del,7,orders-and-deliveries-july-2026.xlsx
AMERICAN AIRLINES,UNITED STATES OF AMERICA,N,North America,A319ceo,A320 Family,Opr,132,orders-and-deliveries-july-2026.xlsx
AMERICAN AIRLINES,UNITED STATES OF AMERICA,N,North America,A320ceo,A320 Family,Opr,48,orders-and-deliveries-july-2026.xlsx
AMERICAN AIRLINES,UNITED STATES OF AMERICA,N,North America,A321ceo,A320 Family,Ord,71,orders-and-deliveries-july-2026.xlsx
AMERICAN AIRLINES,UNITED STATES OF AMERICA,N,North America,A321ceo,A320 Family,Del,71,orders-and-deliveries-july-2026.xlsx
AMERICAN AIRLINES,UNITED STATES OF AMERICA,N,North America,A321ceo,A320 Family,Opr,218,orders-and-deliveries-july-2026.xlsx
AMERICAN AIRLINES,UNITED STATES OF AMERICA,N,North America,A321neo,A320 Family,Ord,228,orders-and-deliveries-july-2026.xlsx
AMERICAN AIRLINES,UNITED STATES OF AMERICA,N,North America,A321neo,A320 Family,Del,82,orders-and-deliveries-july-2026.xlsx
AMERICAN AIRLINES,UNITED STATES OF AMERICA,N,North America,A321neo,A320 Family,Opr,94,orders-and-deliveries-july-2026.xlsx
AMERICAN AIRLINES,UNITED STATES OF AMERICA,N,North America,A300,A300/A310,Ord,35,orders-and-deliveries-july-2026.xlsx
AMERICAN AIRLINES,UNITED STATES OF AMERICA,N,North America,A300,A300/A310,Del,35,orders-and-deliveries-july-2026.xlsx
AMERICA WEST AIRLINES,UNITED STATES OF AMERICA,N,North America,A319ceo,A320 Family,Ord,35,orders-and-deliveries-july-2026.xlsx
AMERICA WEST AIRLINES,UNITED STATES OF AMERICA,N,North America,A319ceo,A320 Family,Del,35,orders-and-deliveries-july-2026.xlsx
AMERICA WEST AIRLINES,UNITED STATES OF AMERICA,N,North America,A320ceo,A320 Family,Ord,23,orders-and-deliveries-july-2026.xlsx
AMERICA WEST AIRLINES,UNITED STATES OF AMERICA,N,North America,A320ceo,A320 Family,Del,23,orders-and-deliveries-july-2026.xlsx
ANA HOLDINGS,JAPAN,A,Asia-Pacific,A320neo,A320 Family,Ord,26,orders-and-deliveries-july-2026.xlsx
ANA HOLDINGS,JAPAN,A,Asia-Pacific,A320neo,A320 Family,Del,22,orders-and-deliveries-july-2026.xlsx
ANA HOLDINGS,JAPAN,A,Asia-Pacific,A321ceo,A320 Family,Ord,4,orders-and-deliveries-july-2026.xlsx
ANA HOLDINGS,JAPAN,A,Asia-Pacific,A321ceo,A320 Family,Del,4,orders-and-deliveries-july-2026.xlsx
ANA HOLDINGS,JAPAN,A,Asia-Pacific,A321neo,A320 Family,Ord,25,orders-and-deliveries-july-2026.xlsx
ANA HOLDINGS,JAPAN,A,Asia-Pacific,A321neo,A320 Family,Del,22,orders-and-deliveries-july-2026.xlsx
ANIMAWINGS,ROMANIA,E,Europe and CIS,A220-300,A220,Opr,6,orders-and-deliveries-july-2026.xlsx
ANIMAWINGS,ROMANIA,E,Europe and CIS,A320ceo,A320 Family,Opr,2,orders-and-deliveries-july-2026.xlsx
ANSETT AUSTRALIA HOLDINGS,AUSTRALIA,A,Asia-Pacific,A320ceo,A320 Family,Ord,19,orders-and-deliveries-july-2026.xlsx
ANSETT AUSTRALIA HOLDINGS,AUSTRALIA,A,Asia-Pacific,A320ceo,A320 Family,Del,19,orders-and-deliveries-july-2026.xlsx
ARCTIC AVIATION ASSETS,IRELAND,E,Europe and CIS,A320neo,A320 Family,Ord,7,orders-and-deliveries-july-2026.xlsx
ARCTIC AVIATION ASSETS,IRELAND,E,Europe and CIS,A320neo,A320 Family,Del,7,orders-and-deliveries-july-2026.xlsx
ARIANA AFGHAN AIRLINES,AFGHANISTAN,M,Middle East,A310,A300/A310,Opr,3,orders-and-deliveries-july-2026.xlsx
ARIK AIR,NIGERIA,F,Africa,A340-500/600,A340,Ord,2,orders-and-deliveries-july-2026.xlsx
ARIK AIR,NIGERIA,F,Africa,A340-500/600,A340,Del,2,orders-and-deliveries-july-2026.xlsx
ARIK AIR,NIGERIA,F,Africa,A340-500/600,A340,Opr,1,orders-and-deliveries-july-2026.xlsx
ARKIA,ISRAEL,M,Middle East,A320ceo,A320 Family,Opr,3,orders-and-deliveries-july-2026.xlsx
ARKIA,ISRAEL,M,Middle East,A321neo,A320 Family,Ord,3,orders-and-deliveries-july-2026.xlsx
ARKIA,ISRAEL,M,Middle East,A321neo,A320 Family,Del,2,orders-and-deliveries-july-2026.xlsx
ARKIA,ISRAEL,M,Middle East,A321neo,A320 Family,Opr,2,orders-and-deliveries-july-2026.xlsx
ARUBA AIRLINES,ARUBA,L,Latin America & Caribbean,A320ceo,A320 Family,Opr,2,orders-and-deliveries-july-2026.xlsx
ASIANA AIRLINES,SOUTH KOREA,A,Asia-Pacific,A320ceo,A320 Family,Ord,4,orders-and-deliveries-july-2026.xlsx
ASIANA AIRLINES,SOUTH KOREA,A,Asia-Pacific,A320ceo,A320 Family,Del,4,orders-and-deliveries-july-2026.xlsx
ASIANA AIRLINES,SOUTH KOREA,A,Asia-Pacific,A321ceo,A320 Family,Ord,8,orders-and-deliveries-july-2026.xlsx
ASIANA AIRLINES,SOUTH KOREA,A,Asia-Pacific,A321ceo,A320 Family,Del,8,orders-and-deliveries-july-2026.xlsx
ASIANA AIRLINES,SOUTH KOREA,A,Asia-Pacific,A321ceo,A320 Family,Opr,10,orders-and-deliveries-july-2026.xlsx
ASIANA AIRLINES,SOUTH KOREA,A,Asia-Pacific,A321neo,A320 Family,Ord,25,orders-and-deliveries-july-2026.xlsx
ASIANA AIRLINES,SOUTH KOREA,A,Asia-Pacific,A321neo,A320 Family,Del,13,orders-and-deliveries-july-2026.xlsx
ASIANA AIRLINES,SOUTH KOREA,A,Asia-Pacific,A321neo,A320 Family,Opr,13,orders-and-deliveries-july-2026.xlsx
ASIANA AIRLINES,SOUTH KOREA,A,Asia-Pacific,A330-300,A330,Ord,6,orders-and-deliveries-july-2026.xlsx
ASIANA AIRLINES,SOUTH KOREA,A,Asia-Pacific,A330-300,A330,Del,6,orders-and-deliveries-july-2026.xlsx
ASIANA AIRLINES,SOUTH KOREA,A,Asia-Pacific,A330-300,A330,Opr,14,orders-and-deliveries-july-2026.xlsx
ASIANA AIRLINES,SOUTH KOREA,A,Asia-Pacific,A350-900,A350,Ord,30,orders-and-deliveries-july-2026.xlsx
ASIANA AIRLINES,SOUTH KOREA,A,Asia-Pacific,A350-900,A350,Del,15,orders-and-deliveries-july-2026.xlsx
ASIANA AIRLINES,SOUTH KOREA,A,Asia-Pacific,A350-900,A350,Opr,15,orders-and-deliveries-july-2026.xlsx
ASIANA AIRLINES,SOUTH KOREA,A,Asia-Pacific,A380,A380,Ord,6,orders-and-deliveries-july-2026.xlsx
ASIANA AIRLINES,SOUTH KOREA,A,Asia-Pacific,A380,A380,Del,6,orders-and-deliveries-july-2026.xlsx
ASIANA AIRLINES,SOUTH KOREA,A,Asia-Pacific,A380,A380,Opr,6,orders-and-deliveries-july-2026.xlsx
ASIAWIDE,PHILIPPINES,A,Asia-Pacific,A320ceo,A320 Family,Ord,2,orders-and-deliveries-july-2026.xlsx
ASIAWIDE,PHILIPPINES,A,Asia-Pacific,A320ceo,A320 Family,Del,2,orders-and-deliveries-july-2026.xlsx
ASL AIRLINES IRELAND,IRELAND,E,Europe and CIS,A300,A300/A310,Opr,8,orders-and-deliveries-july-2026.xlsx
ASL AIRLINES IRELAND,IRELAND,E,Europe and CIS,A330-300,A330,Opr,2,orders-and-deliveries-july-2026.xlsx
ATA AIRLINES,IRAN,M,Middle East,A320ceo,A320 Family,Opr,3,orders-and-deliveries-july-2026.xlsx
ATLANTIC AIRWAYS,FAROE ISLANDS,E,Europe and CIS,A319ceo,A320 Family,Ord,1,orders-and-deliveries-july-2026.xlsx
ATLANTIC AIRWAYS,FAROE ISLANDS,E,Europe and CIS,A319ceo,A320 Family,Del,1,orders-and-deliveries-july-2026.xlsx
ATLANTIC AIRWAYS,FAROE ISLANDS,E,Europe and CIS,A320ceo,A320 Family,Ord,1,orders-and-deliveries-july-2026.xlsx
ATLANTIC AIRWAYS,FAROE ISLANDS,E,Europe and CIS,A320ceo,A320 Family,Del,1,orders-and-deliveries-july-2026.xlsx
ATLANTIC AIRWAYS,FAROE ISLANDS,E,Europe and CIS,A320ceo,A320 Family,Opr,2,orders-and-deliveries-july-2026.xlsx
ATLANTIC AIRWAYS,FAROE ISLANDS,E,Europe and CIS,A320neo,A320 Family,Ord,2,orders-and-deliveries-july-2026.xlsx
ATLANTIC AIRWAYS,FAROE ISLANDS,E,Europe and CIS,A320neo,A320 Family,Opr,2,orders-and-deliveries-july-2026.xlsx
ATLAS AIR,UNITED STATES OF AMERICA,N,North America,A350F,A350,Ord,20,orders-and-deliveries-july-2026.xlsx
AURORA,RUSSIAN FEDERATION,E,Europe and CIS,A319ceo,A320 Family,Opr,8,orders-and-deliveries-july-2026.xlsx
AUSTRALIAN AIRLINES,AUSTRALIA,A,Asia-Pacific,A300,A300/A310,Ord,5,orders-and-deliveries-july-2026.xlsx
AUSTRALIAN AIRLINES,AUSTRALIA,A,Asia-Pacific,A300,A300/A310,Del,5,orders-and-deliveries-july-2026.xlsx
AUSTRIAN AIRLINES,AUSTRIA,E,Europe and CIS,A319ceo,A320 Family,Ord,7,orders-and-deliveries-july-2026.xlsx
AUSTRIAN AIRLINES,AUSTRIA,E,Europe and CIS,A319ceo,A320 Family,Del,7,orders-and-deliveries-july-2026.xlsx
AUSTRIAN AIRLINES,AUSTRIA,E,Europe and CIS,A320ceo,A320 Family,Ord,8,orders-and-deliveries-july-2026.xlsx
AUSTRIAN AIRLINES,AUSTRIA,E,Europe and CIS,A320ceo,A320 Family,Del,8,orders-and-deliveries-july-2026.xlsx
AUSTRIAN AIRLINES,AUSTRIA,E,Europe and CIS,A320ceo,A320 Family,Opr,29,orders-and-deliveries-july-2026.xlsx
AUSTRIAN AIRLINES,AUSTRIA,E,Europe and CIS,A320neo,A320 Family,Opr,5,orders-and-deliveries-july-2026.xlsx
AUSTRIAN AIRLINES,AUSTRIA,E,Europe and CIS,A321ceo,A320 Family,Ord,6,orders-and-deliveries-july-2026.xlsx
AUSTRIAN AIRLINES,AUSTRIA,E,Europe and CIS,A321ceo,A320 Family,Del,6,orders-and-deliveries-july-2026.xlsx
AUSTRIAN AIRLINES,AUSTRIA,E,Europe and CIS,A321ceo,A320 Family,Opr,6,orders-and-deliveries-july-2026.xlsx
AUSTRIAN AIRLINES,AUSTRIA,E,Europe and CIS,A310,A300/A310,Ord,4,orders-and-deliveries-july-2026.xlsx
AUSTRIAN AIRLINES,AUSTRIA,E,Europe and CIS,A310,A300/A310,Del,4,orders-and-deliveries-july-2026.xlsx
AUSTRIAN AIRLINES,AUSTRIA,E,Europe and CIS,A330-200,A330,Ord,3,orders-and-deliveries-july-2026.xlsx
AUSTRIAN AIRLINES,AUSTRIA,E,Europe and CIS,A330-200,A330,Del,3,orders-and-deliveries-july-2026.xlsx
AUSTRIAN AIRLINES,AUSTRIA,E,Europe and CIS,A340-200/300,A340,Ord,4,orders-and-deliveries-july-2026.xlsx
AUSTRIAN AIRLINES,AUSTRIA,E,Europe and CIS,A340-200/300,A340,Del,4,orders-and-deliveries-july-2026.xlsx
AVIANCA,COLOMBIA,L,Latin America & Caribbean,A319ceo,A320 Family,Ord,8,orders-and-deliveries-july-2026.xlsx
AVIANCA,COLOMBIA,L,Latin America & Caribbean,A319ceo,A320 Family,Del,8,orders-and-deliveries-july-2026.xlsx
AVIANCA,COLOMBIA,L,Latin America & Caribbean,A319ceo,A320 Family,Opr,8,orders-and-deliveries-july-2026.xlsx
AVIANCA,COLOMBIA,L,Latin America & Caribbean,A320ceo,A320 Family,Ord,39,orders-and-deliveries-july-2026.xlsx
AVIANCA,COLOMBIA,L,Latin America & Caribbean,A320ceo,A320 Family,Del,39,orders-and-deliveries-july-2026.xlsx
AVIANCA,COLOMBIA,L,Latin America & Caribbean,A320ceo,A320 Family,Opr,71,orders-and-deliveries-july-2026.xlsx
AVIANCA,COLOMBIA,L,Latin America & Caribbean,A320neo,A320 Family,Ord,84,orders-and-deliveries-july-2026.xlsx
AVIANCA,COLOMBIA,L,Latin America & Caribbean,A320neo,A320 Family,Del,15,orders-and-deliveries-july-2026.xlsx
AVIANCA,COLOMBIA,L,Latin America & Caribbean,A320neo,A320 Family,Opr,43,orders-and-deliveries-july-2026.xlsx
AVIANCA,COLOMBIA,L,Latin America & Caribbean,A321neo,A320 Family,Ord,2,orders-and-deliveries-july-2026.xlsx
AVIANCA,COLOMBIA,L,Latin America & Caribbean,A321neo,A320 Family,Del,2,orders-and-deliveries-july-2026.xlsx
AVIANCA,COLOMBIA,L,Latin America & Caribbean,A330-200,A330,Ord,10,orders-and-deliveries-july-2026.xlsx
AVIANCA,COLOMBIA,L,Latin America & Caribbean,A330-200,A330,Del,10,orders-and-deliveries-july-2026.xlsx
AVIANCA,COLOMBIA,L,Latin America & Caribbean,A330-200,A330,Opr,1,orders-and-deliveries-july-2026.xlsx
AVIANCA,COLOMBIA,L,Latin America & Caribbean,A330-200F,A330,Ord,6,orders-and-deliveries-july-2026.xlsx
AVIANCA,COLOMBIA,L,Latin America & Caribbean,A330-200F,A330,Del,6,orders-and-deliveries-july-2026.xlsx
AVIANCA,COLOMBIA,L,Latin America & Caribbean,A330-900,A330,Opr,1,orders-and-deliveries-july-2026.xlsx
AVIANCA CARGO,COLOMBIA,L,Latin America & Caribbean,A330-200,A330,Opr,1,orders-and-deliveries-july-2026.xlsx
AVIANCA CARGO,COLOMBIA,L,Latin America & Caribbean,A330-200F,A330,Opr,6,orders-and-deliveries-july-2026.xlsx
AVIANCA CARGO MEXICO,MEXICO,L,Latin America & Caribbean,A330-300,A330,Opr,2,orders-and-deliveries-july-2026.xlsx
AVIANCA ECUADOR,ECUADOR,L,Latin America & Caribbean,A320ceo,A320 Family,Opr,6,orders-and-deliveries-july-2026.xlsx
AVIANCA EL SALVADOR,EL SALVADOR,L,Latin America & Caribbean,A319ceo,A320 Family,Ord,21,orders-and-deliveries-july-2026.xlsx
AVIANCA EL SALVADOR,EL SALVADOR,L,Latin America & Caribbean,A319ceo,A320 Family,Del,21,orders-and-deliveries-july-2026.xlsx
AVIANCA EL SALVADOR,EL SALVADOR,L,Latin America & Caribbean,A320ceo,A320 Family,Ord,45,orders-and-deliveries-july-2026.xlsx
AVIANCA EL SALVADOR,EL SALVADOR,L,Latin America & Caribbean,A320ceo,A320 Family,Del,45,orders-and-deliveries-july-2026.xlsx
AVIANCA EL SALVADOR,EL SALVADOR,L,Latin America & Caribbean,A320ceo,A320 Family,Opr,2,orders-and-deliveries-july-2026.xlsx
AVIANCA EL SALVADOR,EL SALVADOR,L,Latin America & Caribbean,A320neo,A320 Family,Opr,6,orders-and-deliveries-july-2026.xlsx
AVIANCA EL SALVADOR,EL SALVADOR,L,Latin America & Caribbean,A321ceo,A320 Family,Ord,12,orders-and-deliveries-july-2026.xlsx
AVIANCA EL SALVADOR,EL SALVADOR,L,Latin America & Caribbean,A321ceo,A320 Family,Del,12,orders-and-deliveries-july-2026.xlsx
AVIANCA GROUP INTERNATIONAL,COLOMBIA,L,Latin America & Caribbean,A319ceo,A320 Family,Ord,5,orders-and-deliveries-july-2026.xlsx
AVIANCA GROUP INTERNATIONAL,COLOMBIA,L,Latin America & Caribbean,A319ceo,A320 Family,Del,5,orders-and-deliveries-july-2026.xlsx
AVIANCA GROUP INTERNATIONAL,COLOMBIA,L,Latin America & Caribbean,A320ceo,A320 Family,Ord,6,orders-and-deliveries-july-2026.xlsx
AVIANCA GROUP INTERNATIONAL,COLOMBIA,L,Latin America & Caribbean,A320ceo,A320 Family,Del,6,orders-and-deliveries-july-2026.xlsx
AVIANCA GROUP INTERNATIONAL,COLOMBIA,L,Latin America & Caribbean,A321ceo,A320 Family,Ord,2,orders-and-deliveries-july-2026.xlsx
AVIANCA GROUP INTERNATIONAL,COLOMBIA,L,Latin America & Caribbean,A321ceo,A320 Family,Del,2,orders-and-deliveries-july-2026.xlsx
AVIATION CAPITAL GROUP,UNITED STATES OF AMERICA,N,North America,A220-300,A220,Ord,20,orders-and-deliveries-july-2026.xlsx
AVIATION CAPITAL GROUP,UNITED STATES OF AMERICA,N,North America,A220-300,A220,Del,5,orders-and-deliveries-july-2026.xlsx
AVIATION CAPITAL GROUP,UNITED STATES OF AMERICA,N,North America,A319ceo,A320 Family,Ord,4,orders-and-deliveries-july-2026.xlsx
AVIATION CAPITAL GROUP,UNITED STATES OF AMERICA,N,North America,A319ceo,A320 Family,Del,4,orders-and-deliveries-july-2026.xlsx
AVIATION CAPITAL GROUP,UNITED STATES OF AMERICA,N,North America,A320ceo,A320 Family,Ord,41,orders-and-deliveries-july-2026.xlsx
AVIATION CAPITAL GROUP,UNITED STATES OF AMERICA,N,North America,A320ceo,A320 Family,Del,41,orders-and-deliveries-july-2026.xlsx
AVIATION CAPITAL GROUP,UNITED STATES OF AMERICA,N,North America,A320neo,A320 Family,Ord,40,orders-and-deliveries-july-2026.xlsx
AVIATION CAPITAL GROUP,UNITED STATES OF AMERICA,N,North America,A320neo,A320 Family,Del,38,orders-and-deliveries-july-2026.xlsx
AVIATION CAPITAL GROUP,UNITED STATES OF AMERICA,N,North America,A321ceo,A320 Family,Ord,22,orders-and-deliveries-july-2026.xlsx
AVIATION CAPITAL GROUP,UNITED STATES OF AMERICA,N,North America,A321ceo,A320 Family,Del,22,orders-and-deliveries-july-2026.xlsx
AVIATION CAPITAL GROUP,UNITED STATES OF AMERICA,N,North America,A321neo,A320 Family,Ord,75,orders-and-deliveries-july-2026.xlsx
AVIATION CAPITAL GROUP,UNITED STATES OF AMERICA,N,North America,A321neo,A320 Family,Del,42,orders-and-deliveries-july-2026.xlsx
AVIA TRAFFIC COMPANY,KYRGYZSTAN,E,Europe and CIS,A320ceo,A320 Family,Opr,2,orders-and-deliveries-july-2026.xlsx
AVIATUR,MEXICO,L,Latin America & Caribbean,A300,A300/A310,Ord,2,orders-and-deliveries-july-2026.xlsx
AVIATUR,MEXICO,L,Latin America & Caribbean,A300,A300/A310,Del,2,orders-and-deliveries-july-2026.xlsx
AVILEASE,SAUDI ARABIA,M,Middle East,A320neo,A320 Family,Ord,10,orders-and-deliveries-july-2026.xlsx
AVILEASE,SAUDI ARABIA,M,Middle East,A321neo,A320 Family,Ord,20,orders-and-deliveries-july-2026.xlsx
AVILEASE,SAUDI ARABIA,M,Middle East,A350F,A350,Ord,10,orders-and-deliveries-july-2026.xlsx
AVION EXPRESS,LITHUANIA,E,Europe and CIS,A320ceo,A320 Family,Opr,16,orders-and-deliveries-july-2026.xlsx
AVION EXPRESS BRASIL,BRAZIL,L,Latin America & Caribbean,A320ceo,A320 Family,Opr,2,orders-and-deliveries-july-2026.xlsx
AVION EXPRESS MALTA,MALTA,E,Europe and CIS,A320ceo,A320 Family,Opr,35,orders-and-deliveries-july-2026.xlsx
AVIOR AIRLINES,VENEZUELA,L,Latin America & Caribbean,A340-200/300,A340,Opr,1,orders-and-deliveries-july-2026.xlsx
AVOLON,IRELAND,E,Europe and CIS,A319ceo,A320 Family,Ord,4,orders-and-deliveries-july-2026.xlsx
AVOLON,IRELAND,E,Europe and CIS,A319ceo,A320 Family,Del,4,orders-and-deliveries-july-2026.xlsx
AVOLON,IRELAND,E,Europe and CIS,A320ceo,A320 Family,Ord,4,orders-and-deliveries-july-2026.xlsx
AVOLON,IRELAND,E,Europe and CIS,A320ceo,A320 Family,Del,4,orders-and-deliveries-july-2026.xlsx
AVOLON,IRELAND,E,Europe and CIS,A320neo,A320 Family,Ord,133,orders-and-deliveries-july-2026.xlsx
AVOLON,IRELAND,E,Europe and CIS,A320neo,A320 Family,Del,98,orders-and-deliveries-july-2026.xlsx
AVOLON,IRELAND,E,Europe and CIS,A321ceo,A320 Family,Ord,4,orders-and-deliveries-july-2026.xlsx
AVOLON,IRELAND,E,Europe and CIS,A321ceo,A320 Family,Del,4,orders-and-deliveries-july-2026.xlsx
AVOLON,IRELAND,E,Europe and CIS,A321neo,A320 Family,Ord,262,orders-and-deliveries-july-2026.xlsx
AVOLON,IRELAND,E,Europe and CIS,A321neo,A320 Family,Del,9,orders-and-deliveries-july-2026.xlsx
AVOLON,IRELAND,E,Europe and CIS,A330-900,A330,Ord,44,orders-and-deliveries-july-2026.xlsx
AVOLON,IRELAND,E,Europe and CIS,A330-900,A330,Del,9,orders-and-deliveries-july-2026.xlsx
AWAS,IRELAND,E,Europe and CIS,A320ceo,A320 Family,Ord,100,orders-and-deliveries-july-2026.xlsx
AWAS,IRELAND,E,Europe and CIS,A320ceo,A320 Family,Del,100,orders-and-deliveries-july-2026.xlsx
AWAS,IRELAND,E,Europe and CIS,A321ceo,A320 Family,Ord,3,orders-and-deliveries-july-2026.xlsx
AWAS,IRELAND,E,Europe and CIS,A321ceo,A320 Family,Del,3,orders-and-deliveries-july-2026.xlsx
AWAS,IRELAND,E,Europe and CIS,A300,A300/A310,Ord,8,orders-and-deliveries-july-2026.xlsx
AWAS,IRELAND,E,Europe and CIS,A300,A300/A310,Del,8,orders-and-deliveries-july-2026.xlsx
AWAS,IRELAND,E,Europe and CIS,A330-200,A330,Ord,5,orders-and-deliveries-july-2026.xlsx
AWAS,IRELAND,E,Europe and CIS,A330-200,A330,Del,5,orders-and-deliveries-july-2026.xlsx
AWAS,IRELAND,E,Europe and CIS,A330-300,A330,Ord,7,orders-and-deliveries-july-2026.xlsx
AWAS,IRELAND,E,Europe and CIS,A330-300,A330,Del,7,orders-and-deliveries-july-2026.xlsx
AZERBAIJAN AIRLINES,AZERBAIJAN,E,Europe and CIS,A319ceo,A320 Family,Ord,3,orders-and-deliveries-july-2026.xlsx
AZERBAIJAN AIRLINES,AZERBAIJAN,E,Europe and CIS,A319ceo,A320 Family,Del,3,orders-and-deliveries-july-2026.xlsx
AZERBAIJAN AIRLINES,AZERBAIJAN,E,Europe and CIS,A319ceo,A320 Family,Opr,3,orders-and-deliveries-july-2026.xlsx
AZERBAIJAN AIRLINES,AZERBAIJAN,E,Europe and CIS,A320ceo,A320 Family,Opr,7,orders-and-deliveries-july-2026.xlsx
AZERBAIJAN AIRLINES,AZERBAIJAN,E,Europe and CIS,A320neo,A320 Family,Ord,6,orders-and-deliveries-july-2026.xlsx
AZERBAIJAN AIRLINES,AZERBAIJAN,E,Europe and CIS,A320neo,A320 Family,Opr,8,orders-and-deliveries-july-2026.xlsx
AZERBAIJAN AIRLINES,AZERBAIJAN,E,Europe and CIS,A321neo,A320 Family,Ord,6,orders-and-deliveries-july-2026.xlsx
AZERBAIJAN AIRLINES,AZERBAIJAN,E,Europe and CIS,A321neo,A320 Family,Opr,1,orders-and-deliveries-july-2026.xlsx
AZMAN AIR,NIGERIA,F,Africa,A340-500/600,A340,Opr,1,orders-and-deliveries-july-2026.xlsx
AZORES AIRLINES,PORTUGAL,E,Europe and CIS,A320ceo,A320 Family,Opr,2,orders-and-deliveries-july-2026.xlsx
AZORES AIRLINES,PORTUGAL,E,Europe and CIS,A320neo,A320 Family,Opr,2,orders-and-deliveries-july-2026.xlsx
AZORES AIRLINES,PORTUGAL,E,Europe and CIS,A321neo,A320 Family,Opr,5,orders-and-deliveries-july-2026.xlsx
AZORRA,UNITED STATES OF AMERICA,N,North America,A220-300,A220,Ord,28,orders-and-deliveries-july-2026.xlsx
AZORRA,UNITED STATES OF AMERICA,N,North America,A220-300,A220,Del,15,orders-and-deliveries-july-2026.xlsx
AZUL,BRAZIL,L,Latin America & Caribbean,A320neo,A320 Family,Opr,51,orders-and-deliveries-july-2026.xlsx
AZUL,BRAZIL,L,Latin America & Caribbean,A321ceo,A320 Family,Opr,2,orders-and-deliveries-july-2026.xlsx
AZUL,BRAZIL,L,Latin America & Caribbean,A321neo,A320 Family,Opr,6,orders-and-deliveries-july-2026.xlsx
AZUL,BRAZIL,L,Latin America & Caribbean,A330-200,A330,Opr,4,orders-and-deliveries-july-2026.xlsx
AZUL,BRAZIL,L,Latin America & Caribbean,A330-900,A330,Opr,1,orders-and-deliveries-july-2026.xlsx
AZUL FINANCE LLC,BRAZIL,L,Latin America & Caribbean,A320neo,A320 Family,Ord,9,orders-and-deliveries-july-2026.xlsx
AZUL FINANCE LLC,BRAZIL,L,Latin America & Caribbean,A320neo,A320 Family,Del,9,orders-and-deliveries-july-2026.xlsx
AZUL FINANCE LLC,BRAZIL,L,Latin America & Caribbean,A321neo,A320 Family,Ord,19,orders-and-deliveries-july-2026.xlsx
AZUL FINANCE LLC,BRAZIL,L,Latin America & Caribbean,A321neo,A320 Family,Del,3,orders-and-deliveries-july-2026.xlsx
AZUL FINANCE LLC,BRAZIL,L,Latin America & Caribbean,A330-900,A330,Ord,7,orders-and-deliveries-july-2026.xlsx
AZUL FINANCE LLC,BRAZIL,L,Latin America & Caribbean,A330-900,A330,Del,1,orders-and-deliveries-july-2026.xlsx
BALAIR - CTA,SWITZERLAND,E,Europe and CIS,A310,A300/A310,Ord,4,orders-and-deliveries-july-2026.xlsx
BALAIR - CTA,SWITZERLAND,E,Europe and CIS,A310,A300/A310,Del,4,orders-and-deliveries-july-2026.xlsx
BAMBOO AIRWAYS,VIETNAM,A,Asia-Pacific,A320ceo,A320 Family,Opr,1,orders-and-deliveries-july-2026.xlsx
BAMBOO AIRWAYS,VIETNAM,A,Asia-Pacific,A321ceo,A320 Family,Opr,4,orders-and-deliveries-july-2026.xlsx
BANGKOK AIRWAYS,THAILAND,A,Asia-Pacific,A319ceo,A320 Family,Opr,11,orders-and-deliveries-july-2026.xlsx
BANGKOK AIRWAYS,THAILAND,A,Asia-Pacific,A320ceo,A320 Family,Opr,1,orders-and-deliveries-july-2026.xlsx
BATIK AIR,INDONESIA,A,Asia-Pacific,A320ceo,A320 Family,Opr,47,orders-and-deliveries-july-2026.xlsx
BATIK AIR,INDONESIA,A,Asia-Pacific,A320neo,A320 Family,Opr,1,orders-and-deliveries-july-2026.xlsx
BATIK AIR,INDONESIA,A,Asia-Pacific,A330-300,A330,Opr,1,orders-and-deliveries-july-2026.xlsx
BATIK AIR MALAYSIA,MALAYSIA,A,Asia-Pacific,A330-300,A330,Opr,6,orders-and-deliveries-july-2026.xlsx
BBAM US,UNITED STATES OF AMERICA,N,North America,A320ceo,A320 Family,Ord,4,orders-and-deliveries-july-2026.xlsx
BBAM US,UNITED STATES OF AMERICA,N,North America,A320ceo,A320 Family,Del,4,orders-and-deliveries-july-2026.xlsx
BBN AIRLINES (TURKEY),TURKEY,E,Europe and CIS,A320ceo,A320 Family,Opr,2,orders-and-deliveries-july-2026.xlsx
BBN AIRLINES (TURKEY),TURKEY,E,Europe and CIS,A321ceo,A320 Family,Opr,9,orders-and-deliveries-july-2026.xlsx
BBN AIRLINES THAILAND,THAILAND,A,Asia-Pacific,A320ceo,A320 Family,Opr,1,orders-and-deliveries-july-2026.xlsx
BEIJING CAPITAL AIRLINES,CHINA,A,Asia-Pacific,A319ceo,A320 Family,Opr,10,orders-and-deliveries-july-2026.xlsx
BEIJING CAPITAL AIRLINES,CHINA,A,Asia-Pacific,A320ceo,A320 Family,Ord,4,orders-and-deliveries-july-2026.xlsx
BEIJING CAPITAL AIRLINES,CHINA,A,Asia-Pacific,A320ceo,A320 Family,Del,4,orders-and-deliveries-july-2026.xlsx
BEIJING CAPITAL AIRLINES,CHINA,A,Asia-Pacific,A320ceo,A320 Family,Opr,34,orders-and-deliveries-july-2026.xlsx
BEIJING CAPITAL AIRLINES,CHINA,A,Asia-Pacific,A320neo,A320 Family,Opr,7,orders-and-deliveries-july-2026.xlsx
BEIJING CAPITAL AIRLINES,CHINA,A,Asia-Pacific,A321ceo,A320 Family,Opr,15,orders-and-deliveries-july-2026.xlsx
BEIJING CAPITAL AIRLINES,CHINA,A,Asia-Pacific,A321neo,A320 Family,Opr,3,orders-and-deliveries-july-2026.xlsx
BEIJING CAPITAL AIRLINES,CHINA,A,Asia-Pacific,A330-200,A330,Ord,3,orders-and-deliveries-july-2026.xlsx
BEIJING CAPITAL AIRLINES,CHINA,A,Asia-Pacific,A330-200,A330,Del,3,orders-and-deliveries-july-2026.xlsx
BEIJING CAPITAL AIRLINES,CHINA,A,Asia-Pacific,A330-200,A330,Opr,5,orders-and-deliveries-july-2026.xlsx
BEIJING CAPITAL AIRLINES,CHINA,A,Asia-Pacific,A330-300,A330,Ord,4,orders-and-deliveries-july-2026.xlsx
BEIJING CAPITAL AIRLINES,CHINA,A,Asia-Pacific,A330-300,A330,Del,4,orders-and-deliveries-july-2026.xlsx
BEIJING CAPITAL AIRLINES,CHINA,A,Asia-Pacific,A330-300,A330,Opr,8,orders-and-deliveries-july-2026.xlsx
BELAVIA,BELARUS,E,Europe and CIS,A330-200,A330,Opr,3,orders-and-deliveries-july-2026.xlsx
BEOND,MALDIVES,A,Asia-Pacific,A319ceo,A320 Family,Opr,1,orders-and-deliveries-july-2026.xlsx
BEOND,MALDIVES,A,Asia-Pacific,A321ceo,A320 Family,Opr,1,orders-and-deliveries-july-2026.xlsx
BERKUT AIR,KAZAKHSTAN,E,Europe and CIS,A320ceo,A320 Family,Opr,1,orders-and-deliveries-july-2026.xlsx
BERKUT AIR,KAZAKHSTAN,E,Europe and CIS,A321ceo,A320 Family,Opr,1,orders-and-deliveries-july-2026.xlsx
BERKUT AIR,KAZAKHSTAN,E,Europe and CIS,A330-200,A330,Opr,1,orders-and-deliveries-july-2026.xlsx
BERMUDAIR,BERMUDA,L,Latin America & Caribbean,A220-300,A220,Ord,10,orders-and-deliveries-july-2026.xlsx
BERNIQ AIRWAYS,LIBYA,F,Africa,A320ceo,A320 Family,Opr,6,orders-and-deliveries-july-2026.xlsx
BERNIQ AIRWAYS,LIBYA,F,Africa,A320neo,A320 Family,Ord,6,orders-and-deliveries-july-2026.xlsx
BH AIR,BULGARIA,E,Europe and CIS,A320ceo,A320 Family,Opr,3,orders-and-deliveries-july-2026.xlsx
BHUTAN AIRLINES,BHUTAN,A,Asia-Pacific,A319ceo,A320 Family,Opr,2,orders-and-deliveries-july-2026.xlsx
BIMAN BANGLADESH AIRLINES,BANGLADESH,A,Asia-Pacific,A310,A300/A310,Ord,2,orders-and-deliveries-july-2026.xlsx
BIMAN BANGLADESH AIRLINES,BANGLADESH,A,Asia-Pacific,A310,A300/A310,Del,2,orders-and-deliveries-july-2026.xlsx
BMED,UNITED KINGDOM,E,Europe and CIS,A321ceo,A320 Family,Ord,2,orders-and-deliveries-july-2026.xlsx
BMED,UNITED KINGDOM,E,Europe and CIS,A321ceo,A320 Family,Del,2,orders-and-deliveries-july-2026.xlsx
BMI,UNITED KINGDOM,E,Europe and CIS,A320ceo,A320 Family,Ord,6,orders-and-deliveries-july-2026.xlsx
BMI,UNITED KINGDOM,E,Europe and CIS,A320ceo,A320 Family,Del,6,orders-and-deliveries-july-2026.xlsx
BMI,UNITED KINGDOM,E,Europe and CIS,A321ceo,A320 Family,Ord,8,orders-and-deliveries-july-2026.xlsx
BMI,UNITED KINGDOM,E,Europe and CIS,A321ceo,A320 Family,Del,8,orders-and-deliveries-july-2026.xlsx
BMI,UNITED KINGDOM,E,Europe and CIS,A330-200,A330,Ord,1,orders-and-deliveries-july-2026.xlsx
BMI,UNITED KINGDOM,E,Europe and CIS,A330-200,A330,Del,1,orders-and-deliveries-july-2026.xlsx
BOC AVIATION,SINGAPORE,A,Asia-Pacific,A319ceo,A320 Family,Ord,17,orders-and-deliveries-july-2026.xlsx
BOC AVIATION,SINGAPORE,A,Asia-Pacific,A319ceo,A320 Family,Del,17,orders-and-deliveries-july-2026.xlsx
BOC AVIATION,SINGAPORE,A,Asia-Pacific,A320ceo,A320 Family,Ord,177,orders-and-deliveries-july-2026.xlsx
BOC AVIATION,SINGAPORE,A,Asia-Pacific,A320ceo,A320 Family,Del,177,orders-and-deliveries-july-2026.xlsx
BOC AVIATION,SINGAPORE,A,Asia-Pacific,A320neo,A320 Family,Ord,125,orders-and-deliveries-july-2026.xlsx
BOC AVIATION,SINGAPORE,A,Asia-Pacific,A320neo,A320 Family,Del,74,orders-and-deliveries-july-2026.xlsx
BOC AVIATION,SINGAPORE,A,Asia-Pacific,A321ceo,A320 Family,Ord,51,orders-and-deliveries-july-2026.xlsx
BOC AVIATION,SINGAPORE,A,Asia-Pacific,A321ceo,A320 Family,Del,51,orders-and-deliveries-july-2026.xlsx
BOC AVIATION,SINGAPORE,A,Asia-Pacific,A321neo,A320 Family,Ord,143,orders-and-deliveries-july-2026.xlsx
BOC AVIATION,SINGAPORE,A,Asia-Pacific,A321neo,A320 Family,Del,12,orders-and-deliveries-july-2026.xlsx
BOC AVIATION,SINGAPORE,A,Asia-Pacific,A330-200F,A330,Ord,5,orders-and-deliveries-july-2026.xlsx
BOC AVIATION,SINGAPORE,A,Asia-Pacific,A330-200F,A330,Del,5,orders-and-deliveries-july-2026.xlsx
BOC AVIATION,SINGAPORE,A,Asia-Pacific,A330-300,A330,Ord,7,orders-and-deliveries-july-2026.xlsx
BOC AVIATION,SINGAPORE,A,Asia-Pacific,A330-300,A330,Del,7,orders-and-deliveries-july-2026.xlsx
BOC AVIATION,SINGAPORE,A,Asia-Pacific,A330-900,A330,Ord,6,orders-and-deliveries-july-2026.xlsx
BOC AVIATION,SINGAPORE,A,Asia-Pacific,A330-900,A330,Del,6,orders-and-deliveries-july-2026.xlsx
BOC AVIATION,SINGAPORE,A,Asia-Pacific,A350-900,A350,Ord,2,orders-and-deliveries-july-2026.xlsx
BOC AVIATION,SINGAPORE,A,Asia-Pacific,A350-900,A350,Del,2,orders-and-deliveries-july-2026.xlsx
BOCOM LEASING,CHINA,A,Asia-Pacific,A320ceo,A320 Family,Ord,2,orders-and-deliveries-july-2026.xlsx
BOCOM LEASING,CHINA,A,Asia-Pacific,A320ceo,A320 Family,Del,2,orders-and-deliveries-july-2026.xlsx
BOCOM LEASING,CHINA,A,Asia-Pacific,A320neo,A320 Family,Ord,49,orders-and-deliveries-july-2026.xlsx
BOCOM LEASING,CHINA,A,Asia-Pacific,A320neo,A320 Family,Del,48,orders-and-deliveries-july-2026.xlsx
BOCOM LEASING,CHINA,A,Asia-Pacific,A321ceo,A320 Family,Ord,10,orders-and-deliveries-july-2026.xlsx
BOCOM LEASING,CHINA,A,Asia-Pacific,A321ceo,A320 Family,Del,10,orders-and-deliveries-july-2026.xlsx
BOCOM LEASING,CHINA,A,Asia-Pacific,A321neo,A320 Family,Ord,8,orders-and-deliveries-july-2026.xlsx
BOCOM LEASING,CHINA,A,Asia-Pacific,A321neo,A320 Family,Del,8,orders-and-deliveries-july-2026.xlsx
BOLIVIANA DE AVIACION,BOLIVIA,L,Latin America & Caribbean,A330-200,A330,Opr,3,orders-and-deliveries-july-2026.xlsx
BOULLIOUN,UNITED STATES OF AMERICA,N,North America,A319ceo,A320 Family,Ord,2,orders-and-deliveries-july-2026.xlsx
BOULLIOUN,UNITED STATES OF AMERICA,N,North America,A319ceo,A320 Family,Del,2,orders-and-deliveries-july-2026.xlsx
BOULLIOUN,UNITED STATES OF AMERICA,N,North America,A320ceo,A320 Family,Ord,24,orders-and-deliveries-july-2026.xlsx
BOULLIOUN,UNITED STATES OF AMERICA,N,North America,A320ceo,A320 Family,Del,24,orders-and-deliveries-july-2026.xlsx
BOULLIOUN,UNITED STATES OF AMERICA,N,North America,A321ceo,A320 Family,Ord,4,orders-and-deliveries-july-2026.xlsx
BOULLIOUN,UNITED STATES OF AMERICA,N,North America,A321ceo,A320 Family,Del,4,orders-and-deliveries-july-2026.xlsx
BREEZE AIRWAYS,UNITED STATES OF AMERICA,N,North America,A220-300,A220,Ord,90,orders-and-deliveries-july-2026.xlsx
BREEZE AIRWAYS,UNITED STATES OF AMERICA,N,North America,A220-300,A220,Del,52,orders-and-deliveries-july-2026.xlsx
BREEZE AIRWAYS,UNITED STATES OF AMERICA,N,North America,A220-300,A220,Opr,61,orders-and-deliveries-july-2026.xlsx
BRITISH AIRWAYS,UNITED KINGDOM,E,Europe and CIS,A318,A320 Family,Ord,2,orders-and-deliveries-july-2026.xlsx
BRITISH AIRWAYS,UNITED KINGDOM,E,Europe and CIS,A318,A320 Family,Del,2,orders-and-deliveries-july-2026.xlsx
BRITISH AIRWAYS,UNITED KINGDOM,E,Europe and CIS,A319ceo,A320 Family,Ord,33,orders-and-deliveries-july-2026.xlsx
BRITISH AIRWAYS,UNITED KINGDOM,E,Europe and CIS,A319ceo,A320 Family,Del,33,orders-and-deliveries-july-2026.xlsx
BRITISH AIRWAYS,UNITED KINGDOM,E,Europe and CIS,A319ceo,A320 Family,Opr,25,orders-and-deliveries-july-2026.xlsx
BRITISH AIRWAYS,UNITED KINGDOM,E,Europe and CIS,A320ceo,A320 Family,Ord,51,orders-and-deliveries-july-2026.xlsx
BRITISH AIRWAYS,UNITED KINGDOM,E,Europe and CIS,A320ceo,A320 Family,Del,51,orders-and-deliveries-july-2026.xlsx
BRITISH AIRWAYS,UNITED KINGDOM,E,Europe and CIS,A320ceo,A320 Family,Opr,62,orders-and-deliveries-july-2026.xlsx
BRITISH AIRWAYS,UNITED KINGDOM,E,Europe and CIS,A320neo,A320 Family,Ord,40,orders-and-deliveries-july-2026.xlsx
BRITISH AIRWAYS,UNITED KINGDOM,E,Europe and CIS,A320neo,A320 Family,Del,35,orders-and-deliveries-july-2026.xlsx
BRITISH AIRWAYS,UNITED KINGDOM,E,Europe and CIS,A320neo,A320 Family,Opr,35,orders-and-deliveries-july-2026.xlsx
BRITISH AIRWAYS,UNITED KINGDOM,E,Europe and CIS,A321ceo,A320 Family,Ord,16,orders-and-deliveries-july-2026.xlsx
BRITISH AIRWAYS,UNITED KINGDOM,E,Europe and CIS,A321ceo,A320 Family,Del,16,orders-and-deliveries-july-2026.xlsx
BRITISH AIRWAYS,UNITED KINGDOM,E,Europe and CIS,A321ceo,A320 Family,Opr,11,orders-and-deliveries-july-2026.xlsx
BRITISH AIRWAYS,UNITED KINGDOM,E,Europe and CIS,A321neo,A320 Family,Ord,24,orders-and-deliveries-july-2026.xlsx
BRITISH AIRWAYS,UNITED KINGDOM,E,Europe and CIS,A321neo,A320 Family,Del,20,orders-and-deliveries-july-2026.xlsx
BRITISH AIRWAYS,UNITED KINGDOM,E,Europe and CIS,A321neo,A320 Family,Opr,20,orders-and-deliveries-july-2026.xlsx
BRITISH AIRWAYS,UNITED KINGDOM,E,Europe and CIS,A350-1000,A350,Ord,24,orders-and-deliveries-july-2026.xlsx
BRITISH AIRWAYS,UNITED KINGDOM,E,Europe and CIS,A350-1000,A350,Del,18,orders-and-deliveries-july-2026.xlsx
BRITISH AIRWAYS,UNITED KINGDOM,E,Europe and CIS,A350-1000,A350,Opr,18,orders-and-deliveries-july-2026.xlsx
BRITISH AIRWAYS,UNITED KINGDOM,E,Europe and CIS,A380,A380,Ord,12,orders-and-deliveries-july-2026.xlsx
BRITISH AIRWAYS,UNITED KINGDOM,E,Europe and CIS,A380,A380,Del,12,orders-and-deliveries-july-2026.xlsx
BRITISH AIRWAYS,UNITED KINGDOM,E,Europe and CIS,A380,A380,Opr,12,orders-and-deliveries-july-2026.xlsx
BRITISH CALEDONIAN,UNITED KINGDOM,E,Europe and CIS,A310,A300/A310,Ord,2,orders-and-deliveries-july-2026.xlsx
BRITISH CALEDONIAN,UNITED KINGDOM,E,Europe and CIS,A310,A300/A310,Del,2,orders-and-deliveries-july-2026.xlsx
BRUSSELS AIRLINES,BELGIUM,E,Europe and CIS,A319ceo,A320 Family,Opr,13,orders-and-deliveries-july-2026.xlsx
BRUSSELS AIRLINES,BELGIUM,E,Europe and CIS,A320ceo,A320 Family,Opr,16,orders-and-deliveries-july-2026.xlsx
BRUSSELS AIRLINES,BELGIUM,E,Europe and CIS,A320neo,A320 Family,Opr,8,orders-and-deliveries-july-2026.xlsx
BRUSSELS AIRLINES,BELGIUM,E,Europe and CIS,A330-300,A330,Opr,11,orders-and-deliveries-july-2026.xlsx
BUL AIR,BULGARIA,E,Europe and CIS,A319ceo,A320 Family,Opr,2,orders-and-deliveries-july-2026.xlsx
BUL AIR,BULGARIA,E,Europe and CIS,A320ceo,A320 Family,Opr,2,orders-and-deliveries-july-2026.xlsx
BULGARIA AIR,BULGARIA,E,Europe and CIS,A220-100,A220,Opr,2,orders-and-deliveries-july-2026.xlsx
BULGARIA AIR,BULGARIA,E,Europe and CIS,A220-300,A220,Opr,5,orders-and-deliveries-july-2026.xlsx
BULGARIA AIR,BULGARIA,E,Europe and CIS,A320ceo,A320 Family,Opr,4,orders-and-deliveries-july-2026.xlsx
BURAQ AIR,LIBYA,F,Africa,A320ceo,A320 Family,Opr,4,orders-and-deliveries-july-2026.xlsx
CALC,CHINA,A,Asia-Pacific,A319ceo,A320 Family,Ord,1,orders-and-deliveries-july-2026.xlsx
CALC,CHINA,A,Asia-Pacific,A319ceo,A320 Family,Del,1,orders-and-deliveries-july-2026.xlsx
CALC,CHINA,A,Asia-Pacific,A320ceo,A320 Family,Ord,72,orders-and-deliveries-july-2026.xlsx
CALC,CHINA,A,Asia-Pacific,A320ceo,A320 Family,Del,72,orders-and-deliveries-july-2026.xlsx
CALC,CHINA,A,Asia-Pacific,A320neo,A320 Family,Ord,128,orders-and-deliveries-july-2026.xlsx
CALC,CHINA,A,Asia-Pacific,A320neo,A320 Family,Del,74,orders-and-deliveries-july-2026.xlsx
CALC,CHINA,A,Asia-Pacific,A321ceo,A320 Family,Ord,6,orders-and-deliveries-july-2026.xlsx
CALC,CHINA,A,Asia-Pacific,A321ceo,A320 Family,Del,6,orders-and-deliveries-july-2026.xlsx
CALC,CHINA,A,Asia-Pacific,A321neo,A320 Family,Ord,75,orders-and-deliveries-july-2026.xlsx
CALC,CHINA,A,Asia-Pacific,A321neo,A320 Family,Del,32,orders-and-deliveries-july-2026.xlsx
CAMBODIA AIRWAYS,CAMBODIA,A,Asia-Pacific,A319ceo,A320 Family,Opr,2,orders-and-deliveries-july-2026.xlsx
CAMBODIA AIRWAYS,CAMBODIA,A,Asia-Pacific,A320ceo,A320 Family,Opr,3,orders-and-deliveries-july-2026.xlsx
CANADIAN AIRLINES INTERNATIONAL,CANADA,N,North America,A320ceo,A320 Family,Ord,2,orders-and-deliveries-july-2026.xlsx
CANADIAN AIRLINES INTERNATIONAL,CANADA,N,North America,A320ceo,A320 Family,Del,2,orders-and-deliveries-july-2026.xlsx
CARLYLE AVIATION PARTNERS,UNITED STATES OF AMERICA,N,North America,A220-300,A220,Ord,1,orders-and-deliveries-july-2026.xlsx
CARLYLE AVIATION PARTNERS,UNITED STATES OF AMERICA,N,North America,A220-300,A220,Del,1,orders-and-deliveries-july-2026.xlsx
CARPATAIR,ROMANIA,E,Europe and CIS,A319ceo,A320 Family,Opr,2,orders-and-deliveries-july-2026.xlsx
CARPATAIR,ROMANIA,E,Europe and CIS,A320ceo,A320 Family,Opr,1,orders-and-deliveries-july-2026.xlsx
CATHAY DRAGON,HONG KONG,A,Asia-Pacific,A320ceo,A320 Family,Ord,5,orders-and-deliveries-july-2026.xlsx
CATHAY DRAGON,HONG KONG,A,Asia-Pacific,A320ceo,A320 Family,Del,5,orders-and-deliveries-july-2026.xlsx
CATHAY DRAGON,HONG KONG,A,Asia-Pacific,A321ceo,A320 Family,Ord,2,orders-and-deliveries-july-2026.xlsx
CATHAY DRAGON,HONG KONG,A,Asia-Pacific,A321ceo,A320 Family,Del,2,orders-and-deliveries-july-2026.xlsx
CATHAY DRAGON,HONG KONG,A,Asia-Pacific,A330-300,A330,Ord,5,orders-and-deliveries-july-2026.xlsx
CATHAY DRAGON,HONG KONG,A,Asia-Pacific,A330-300,A330,Del,5,orders-and-deliveries-july-2026.xlsx
CATHAY PACIFIC,HONG KONG,A,Asia-Pacific,A321neo,A320 Family,Opr,16,orders-and-deliveries-july-2026.xlsx
CATHAY PACIFIC,HONG KONG,A,Asia-Pacific,A330-300,A330,Ord,49,orders-and-deliveries-july-2026.xlsx
CATHAY PACIFIC,HONG KONG,A,Asia-Pacific,A330-300,A330,Del,49,orders-and-deliveries-july-2026.xlsx
CATHAY PACIFIC,HONG KONG,A,Asia-Pacific,A330-300,A330,Opr,43,orders-and-deliveries-july-2026.xlsx
CATHAY PACIFIC,HONG KONG,A,Asia-Pacific,A340-200/300,A340,Ord,11,orders-and-deliveries-july-2026.xlsx
CATHAY PACIFIC,HONG KONG,A,Asia-Pacific,A340-200/300,A340,Del,11,orders-and-deliveries-july-2026.xlsx
CATHAY PACIFIC,HONG KONG,A,Asia-Pacific,A350-900,A350,Ord,28,orders-and-deliveries-july-2026.xlsx
CATHAY PACIFIC,HONG KONG,A,Asia-Pacific,A350-900,A350,Del,28,orders-and-deliveries-july-2026.xlsx
CATHAY PACIFIC,HONG KONG,A,Asia-Pacific,A350-900,A350,Opr,30,orders-and-deliveries-july-2026.xlsx
CATHAY PACIFIC,HONG KONG,A,Asia-Pacific,A350-1000,A350,Ord,18,orders-and-deliveries-july-2026.xlsx
CATHAY PACIFIC,HONG KONG,A,Asia-Pacific,A350-1000,A350,Del,18,orders-and-deliveries-july-2026.xlsx
CATHAY PACIFIC,HONG KONG,A,Asia-Pacific,A350-1000,A350,Opr,18,orders-and-deliveries-july-2026.xlsx
CATHAY PACIFIC AIRCRAFT SERVICES,HONG KONG,A,Asia-Pacific,A320neo,A320 Family,Ord,8,orders-and-deliveries-july-2026.xlsx
CATHAY PACIFIC AIRCRAFT SERVICES,HONG KONG,A,Asia-Pacific,A321neo,A320 Family,Ord,56,orders-and-deliveries-july-2026.xlsx
CATHAY PACIFIC AIRCRAFT SERVICES,HONG KONG,A,Asia-Pacific,A321neo,A320 Family,Del,32,orders-and-deliveries-july-2026.xlsx
CATHAY PACIFIC AIRCRAFT SERVICES,HONG KONG,A,Asia-Pacific,A330-900,A330,Ord,30,orders-and-deliveries-july-2026.xlsx
CATHAY PACIFIC AIRCRAFT SERVICES,HONG KONG,A,Asia-Pacific,A350F,A350,Ord,8,orders-and-deliveries-july-2026.xlsx
CDB LEASING,CHINA,A,Asia-Pacific,A320ceo,A320 Family,Ord,18,orders-and-deliveries-july-2026.xlsx
CDB LEASING,CHINA,A,Asia-Pacific,A320ceo,A320 Family,Del,18,orders-and-deliveries-july-2026.xlsx
CDB LEASING,CHINA,A,Asia-Pacific,A320neo,A320 Family,Ord,63,orders-and-deliveries-july-2026.xlsx
CDB LEASING,CHINA,A,Asia-Pacific,A320neo,A320 Family,Del,45,orders-and-deliveries-july-2026.xlsx
CDB LEASING,CHINA,A,Asia-Pacific,A321ceo,A320 Family,Ord,7,orders-and-deliveries-july-2026.xlsx
CDB LEASING,CHINA,A,Asia-Pacific,A321ceo,A320 Family,Del,7,orders-and-deliveries-july-2026.xlsx
CDB LEASING,CHINA,A,Asia-Pacific,A321neo,A320 Family,Ord,109,orders-and-deliveries-july-2026.xlsx
CDB LEASING,CHINA,A,Asia-Pacific,A321neo,A320 Family,Del,28,orders-and-deliveries-july-2026.xlsx
CEBU PACIFIC,PHILIPPINES,A,Asia-Pacific,A319ceo,A320 Family,Ord,10,orders-and-deliveries-july-2026.xlsx
CEBU PACIFIC,PHILIPPINES,A,Asia-Pacific,A319ceo,A320 Family,Del,10,orders-and-deliveries-july-2026.xlsx
CEBU PACIFIC,PHILIPPINES,A,Asia-Pacific,A320ceo,A320 Family,Ord,29,orders-and-deliveries-july-2026.xlsx
CEBU PACIFIC,PHILIPPINES,A,Asia-Pacific,A320ceo,A320 Family,Del,29,orders-and-deliveries-july-2026.xlsx
CEBU PACIFIC,PHILIPPINES,A,Asia-Pacific,A320ceo,A320 Family,Opr,15,orders-and-deliveries-july-2026.xlsx
CEBU PACIFIC,PHILIPPINES,A,Asia-Pacific,A320neo,A320 Family,Ord,14,orders-and-deliveries-july-2026.xlsx
CEBU PACIFIC,PHILIPPINES,A,Asia-Pacific,A320neo,A320 Family,Del,12,orders-and-deliveries-july-2026.xlsx
CEBU PACIFIC,PHILIPPINES,A,Asia-Pacific,A320neo,A320 Family,Opr,26,orders-and-deliveries-july-2026.xlsx
CEBU PACIFIC,PHILIPPINES,A,Asia-Pacific,A321ceo,A320 Family,Ord,7,orders-and-deliveries-july-2026.xlsx
CEBU PACIFIC,PHILIPPINES,A,Asia-Pacific,A321ceo,A320 Family,Del,7,orders-and-deliveries-july-2026.xlsx
CEBU PACIFIC,PHILIPPINES,A,Asia-Pacific,A321ceo,A320 Family,Opr,7,orders-and-deliveries-july-2026.xlsx
CEBU PACIFIC,PHILIPPINES,A,Asia-Pacific,A321neo,A320 Family,Ord,103,orders-and-deliveries-july-2026.xlsx
CEBU PACIFIC,PHILIPPINES,A,Asia-Pacific,A321neo,A320 Family,Del,20,orders-and-deliveries-july-2026.xlsx
CEBU PACIFIC,PHILIPPINES,A,Asia-Pacific,A321neo,A320 Family,Opr,20,orders-and-deliveries-july-2026.xlsx
CEBU PACIFIC,PHILIPPINES,A,Asia-Pacific,A330-300,A330,Ord,2,orders-and-deliveries-july-2026.xlsx
CEBU PACIFIC,PHILIPPINES,A,Asia-Pacific,A330-300,A330,Del,2,orders-and-deliveries-july-2026.xlsx
CEBU PACIFIC,PHILIPPINES,A,Asia-Pacific,A330-900,A330,Ord,16,orders-and-deliveries-july-2026.xlsx
CEBU PACIFIC,PHILIPPINES,A,Asia-Pacific,A330-900,A330,Del,14,orders-and-deliveries-july-2026.xlsx
CEBU PACIFIC,PHILIPPINES,A,Asia-Pacific,A330-900,A330,Opr,14,orders-and-deliveries-july-2026.xlsx
CHAIR AIRLINES,SWITZERLAND,E,Europe and CIS,A319ceo,A320 Family,Opr,1,orders-and-deliveries-july-2026.xlsx
CHAIR AIRLINES,SWITZERLAND,E,Europe and CIS,A320ceo,A320 Family,Opr,3,orders-and-deliveries-july-2026.xlsx
CHAM WINGS AIRLINES,SYRIA,M,Middle East,A320ceo,A320 Family,Opr,5,orders-and-deliveries-july-2026.xlsx
CHENGDU AIRLINES,CHINA,A,Asia-Pacific,A319ceo,A320 Family,Ord,4,orders-and-deliveries-july-2026.xlsx
CHENGDU AIRLINES,CHINA,A,Asia-Pacific,A319ceo,A320 Family,Del,4,orders-and-deliveries-july-2026.xlsx
CHENGDU AIRLINES,CHINA,A,Asia-Pacific,A319ceo,A320 Family,Opr,4,orders-and-deliveries-july-2026.xlsx
CHENGDU AIRLINES,CHINA,A,Asia-Pacific,A320ceo,A320 Family,Ord,26,orders-and-deliveries-july-2026.xlsx
CHENGDU AIRLINES,CHINA,A,Asia-Pacific,A320ceo,A320 Family,Del,26,orders-and-deliveries-july-2026.xlsx
CHENGDU AIRLINES,CHINA,A,Asia-Pacific,A320ceo,A320 Family,Opr,30,orders-and-deliveries-july-2026.xlsx
CHENGDU AIRLINES,CHINA,A,Asia-Pacific,A320neo,A320 Family,Ord,14,orders-and-deliveries-july-2026.xlsx
CHENGDU AIRLINES,CHINA,A,Asia-Pacific,A320neo,A320 Family,Del,14,orders-and-deliveries-july-2026.xlsx
CHENGDU AIRLINES,CHINA,A,Asia-Pacific,A320neo,A320 Family,Opr,14,orders-and-deliveries-july-2026.xlsx
CHENGDU AIRLINES,CHINA,A,Asia-Pacific,A321neo,A320 Family,Ord,5,orders-and-deliveries-july-2026.xlsx
CHENGDU AIRLINES,CHINA,A,Asia-Pacific,A321neo,A320 Family,Del,5,orders-and-deliveries-july-2026.xlsx
CHENGDU AIRLINES,CHINA,A,Asia-Pacific,A321neo,A320 Family,Opr,5,orders-and-deliveries-july-2026.xlsx
CHINA AIRLINES,TAIWAN,A,Asia-Pacific,A321neo,A320 Family,Ord,11,orders-and-deliveries-july-2026.xlsx
CHINA AIRLINES,TAIWAN,A,Asia-Pacific,A321neo,A320 Family,Del,6,orders-and-deliveries-july-2026.xlsx
CHINA AIRLINES,TAIWAN,A,Asia-Pacific,A321neo,A320 Family,Opr,22,orders-and-deliveries-july-2026.xlsx
CHINA AIRLINES,TAIWAN,A,Asia-Pacific,A300,A300/A310,Ord,15,orders-and-deliveries-july-2026.xlsx
CHINA AIRLINES,TAIWAN,A,Asia-Pacific,A300,A300/A310,Del,15,orders-and-deliveries-july-2026.xlsx
CHINA AIRLINES,TAIWAN,A,Asia-Pacific,A330-300,A330,Ord,14,orders-and-deliveries-july-2026.xlsx
CHINA AIRLINES,TAIWAN,A,Asia-Pacific,A330-300,A330,Del,14,orders-and-deliveries-july-2026.xlsx
CHINA AIRLINES,TAIWAN,A,Asia-Pacific,A330-300,A330,Opr,12,orders-and-deliveries-july-2026.xlsx
CHINA AIRLINES,TAIWAN,A,Asia-Pacific,A340-200/300,A340,Ord,6,orders-and-deliveries-july-2026.xlsx
CHINA AIRLINES,TAIWAN,A,Asia-Pacific,A340-200/300,A340,Del,6,orders-and-deliveries-july-2026.xlsx
CHINA AIRLINES,TAIWAN,A,Asia-Pacific,A350-900,A350,Ord,14,orders-and-deliveries-july-2026.xlsx
CHINA AIRLINES,TAIWAN,A,Asia-Pacific,A350-900,A350,Del,14,orders-and-deliveries-july-2026.xlsx
CHINA AIRLINES,TAIWAN,A,Asia-Pacific,A350-900,A350,Opr,17,orders-and-deliveries-july-2026.xlsx
CHINA AIRLINES,TAIWAN,A,Asia-Pacific,A350-1000,A350,Ord,15,orders-and-deliveries-july-2026.xlsx
CHINA AVIATION SUPPLIES COMPANY (CASC),CHINA,A,Asia-Pacific,A319ceo,A320 Family,Ord,3,orders-and-deliveries-july-2026.xlsx
CHINA AVIATION SUPPLIES COMPANY (CASC),CHINA,A,Asia-Pacific,A319ceo,A320 Family,Del,3,orders-and-deliveries-july-2026.xlsx
CHINA EASTERN AIRLINES,CHINA,A,Asia-Pacific,A319ceo,A320 Family,Ord,33,orders-and-deliveries-july-2026.xlsx
CHINA EASTERN AIRLINES,CHINA,A,Asia-Pacific,A319ceo,A320 Family,Del,33,orders-and-deliveries-july-2026.xlsx
CHINA EASTERN AIRLINES,CHINA,A,Asia-Pacific,A319ceo,A320 Family,Opr,30,orders-and-deliveries-july-2026.xlsx
CHINA EASTERN AIRLINES,CHINA,A,Asia-Pacific,A320ceo,A320 Family,Ord,124,orders-and-deliveries-july-2026.xlsx
CHINA EASTERN AIRLINES,CHINA,A,Asia-Pacific,A320ceo,A320 Family,Del,124,orders-and-deliveries-july-2026.xlsx
CHINA EASTERN AIRLINES,CHINA,A,Asia-Pacific,A320ceo,A320 Family,Opr,131,orders-and-deliveries-july-2026.xlsx
CHINA EASTERN AIRLINES,CHINA,A,Asia-Pacific,A320neo,A320 Family,Ord,120,orders-and-deliveries-july-2026.xlsx
CHINA EASTERN AIRLINES,CHINA,A,Asia-Pacific,A320neo,A320 Family,Del,91,orders-and-deliveries-july-2026.xlsx
CHINA EASTERN AIRLINES,CHINA,A,Asia-Pacific,A320neo,A320 Family,Opr,127,orders-and-deliveries-july-2026.xlsx
CHINA EASTERN AIRLINES,CHINA,A,Asia-Pacific,A321ceo,A320 Family,Ord,72,orders-and-deliveries-july-2026.xlsx
CHINA EASTERN AIRLINES,CHINA,A,Asia-Pacific,A321ceo,A320 Family,Del,72,orders-and-deliveries-july-2026.xlsx
CHINA EASTERN AIRLINES,CHINA,A,Asia-Pacific,A321ceo,A320 Family,Opr,71,orders-and-deliveries-july-2026.xlsx
CHINA EASTERN AIRLINES,CHINA,A,Asia-Pacific,A321neo,A320 Family,Ord,151,orders-and-deliveries-july-2026.xlsx
CHINA EASTERN AIRLINES,CHINA,A,Asia-Pacific,A321neo,A320 Family,Del,32,orders-and-deliveries-july-2026.xlsx
CHINA EASTERN AIRLINES,CHINA,A,Asia-Pacific,A321neo,A320 Family,Opr,34,orders-and-deliveries-july-2026.xlsx
CHINA EASTERN AIRLINES,CHINA,A,Asia-Pacific,A300,A300/A310,Ord,7,orders-and-deliveries-july-2026.xlsx
CHINA EASTERN AIRLINES,CHINA,A,Asia-Pacific,A300,A300/A310,Del,7,orders-and-deliveries-july-2026.xlsx
CHINA EASTERN AIRLINES,CHINA,A,Asia-Pacific,A310,A300/A310,Ord,5,orders-and-deliveries-july-2026.xlsx
CHINA EASTERN AIRLINES,CHINA,A,Asia-Pacific,A310,A300/A310,Del,5,orders-and-deliveries-july-2026.xlsx
CHINA EASTERN AIRLINES,CHINA,A,Asia-Pacific,A330-200,A330,Ord,33,orders-and-deliveries-july-2026.xlsx
CHINA EASTERN AIRLINES,CHINA,A,Asia-Pacific,A330-200,A330,Del,33,orders-and-deliveries-july-2026.xlsx
CHINA EASTERN AIRLINES,CHINA,A,Asia-Pacific,A330-200,A330,Opr,30,orders-and-deliveries-july-2026.xlsx
CHINA EASTERN AIRLINES,CHINA,A,Asia-Pacific,A330-300,A330,Ord,33,orders-and-deliveries-july-2026.xlsx
CHINA EASTERN AIRLINES,CHINA,A,Asia-Pacific,A330-300,A330,Del,33,orders-and-deliveries-july-2026.xlsx
CHINA EASTERN AIRLINES,CHINA,A,Asia-Pacific,A330-300,A330,Opr,26,orders-and-deliveries-july-2026.xlsx
CHINA EASTERN AIRLINES,CHINA,A,Asia-Pacific,A330-900,A330,Ord,25,orders-and-deliveries-july-2026.xlsx
CHINA EASTERN AIRLINES,CHINA,A,Asia-Pacific,A340-200/300,A340,Ord,5,orders-and-deliveries-july-2026.xlsx
CHINA EASTERN AIRLINES,CHINA,A,Asia-Pacific,A340-200/300,A340,Del,5,orders-and-deliveries-july-2026.xlsx
CHINA EASTERN AIRLINES,CHINA,A,Asia-Pacific,A340-500/600,A340,Ord,5,orders-and-deliveries-july-2026.xlsx
CHINA EASTERN AIRLINES,CHINA,A,Asia-Pacific,A340-500/600,A340,Del,5,orders-and-deliveries-july-2026.xlsx
CHINA EASTERN AIRLINES,CHINA,A,Asia-Pacific,A350-900,A350,Ord,20,orders-and-deliveries-july-2026.xlsx
CHINA EASTERN AIRLINES,CHINA,A,Asia-Pacific,A350-900,A350,Del,20,orders-and-deliveries-july-2026.xlsx
CHINA EASTERN AIRLINES,CHINA,A,Asia-Pacific,A350-900,A350,Opr,20,orders-and-deliveries-july-2026.xlsx
CHINA EASTERN XIBEI AIRLINES,CHINA,A,Asia-Pacific,A320ceo,A320 Family,Ord,13,orders-and-deliveries-july-2026.xlsx
CHINA EASTERN XIBEI AIRLINES,CHINA,A,Asia-Pacific,A320ceo,A320 Family,Del,13,orders-and-deliveries-july-2026.xlsx
CHINA EASTERN XIBEI AIRLINES,CHINA,A,Asia-Pacific,A300,A300/A310,Ord,3,orders-and-deliveries-july-2026.xlsx
CHINA EASTERN XIBEI AIRLINES,CHINA,A,Asia-Pacific,A300,A300/A310,Del,3,orders-and-deliveries-july-2026.xlsx
CHINA EXPRESS AIRLINES (HUAXIA AIRLINES),CHINA,A,Asia-Pacific,A320ceo,A320 Family,Ord,11,orders-and-deliveries-july-2026.xlsx
CHINA EXPRESS AIRLINES (HUAXIA AIRLINES),CHINA,A,Asia-Pacific,A320ceo,A320 Family,Del,11,orders-and-deliveries-july-2026.xlsx
CHINA EXPRESS AIRLINES (HUAXIA AIRLINES),CHINA,A,Asia-Pacific,A320ceo,A320 Family,Opr,11,orders-and-deliveries-july-2026.xlsx
CHINA EXPRESS AIRLINES (HUAXIA AIRLINES),CHINA,A,Asia-Pacific,A320neo,A320 Family,Ord,20,orders-and-deliveries-july-2026.xlsx
CHINA EXPRESS AIRLINES (HUAXIA AIRLINES),CHINA,A,Asia-Pacific,A320neo,A320 Family,Del,20,orders-and-deliveries-july-2026.xlsx
CHINA EXPRESS AIRLINES (HUAXIA AIRLINES),CHINA,A,Asia-Pacific,A320neo,A320 Family,Opr,20,orders-and-deliveries-july-2026.xlsx
CHINA NORTHERN AIRLINES,CHINA,A,Asia-Pacific,A321ceo,A320 Family,Ord,10,orders-and-deliveries-july-2026.xlsx
CHINA NORTHERN AIRLINES,CHINA,A,Asia-Pacific,A321ceo,A320 Family,Del,10,orders-and-deliveries-july-2026.xlsx
CHINA NORTHERN AIRLINES,CHINA,A,Asia-Pacific,A300,A300/A310,Ord,6,orders-and-deliveries-july-2026.xlsx
CHINA NORTHERN AIRLINES,CHINA,A,Asia-Pacific,A300,A300/A310,Del,6,orders-and-deliveries-july-2026.xlsx
CHINA SOUTHERN AIRLINES,CHINA,A,Asia-Pacific,A319ceo,A320 Family,Ord,14,orders-and-deliveries-july-2026.xlsx
CHINA SOUTHERN AIRLINES,CHINA,A,Asia-Pacific,A319ceo,A320 Family,Del,14,orders-and-deliveries-july-2026.xlsx
CHINA SOUTHERN AIRLINES,CHINA,A,Asia-Pacific,A319neo,A320 Family,Ord,9,orders-and-deliveries-july-2026.xlsx
CHINA SOUTHERN AIRLINES,CHINA,A,Asia-Pacific,A319neo,A320 Family,Del,9,orders-and-deliveries-july-2026.xlsx
CHINA SOUTHERN AIRLINES,CHINA,A,Asia-Pacific,A319neo,A320 Family,Opr,9,orders-and-deliveries-july-2026.xlsx
CHINA SOUTHERN AIRLINES,CHINA,A,Asia-Pacific,A320ceo,A320 Family,Ord,100,orders-and-deliveries-july-2026.xlsx
CHINA SOUTHERN AIRLINES,CHINA,A,Asia-Pacific,A320ceo,A320 Family,Del,100,orders-and-deliveries-july-2026.xlsx
CHINA SOUTHERN AIRLINES,CHINA,A,Asia-Pacific,A320ceo,A320 Family,Opr,93,orders-and-deliveries-july-2026.xlsx
CHINA SOUTHERN AIRLINES,CHINA,A,Asia-Pacific,A320neo,A320 Family,Ord,61,orders-and-deliveries-july-2026.xlsx
CHINA SOUTHERN AIRLINES,CHINA,A,Asia-Pacific,A320neo,A320 Family,Del,34,orders-and-deliveries-july-2026.xlsx
CHINA SOUTHERN AIRLINES,CHINA,A,Asia-Pacific,A320neo,A320 Family,Opr,75,orders-and-deliveries-july-2026.xlsx
CHINA SOUTHERN AIRLINES,CHINA,A,Asia-Pacific,A321ceo,A320 Family,Ord,77,orders-and-deliveries-july-2026.xlsx
CHINA SOUTHERN AIRLINES,CHINA,A,Asia-Pacific,A321ceo,A320 Family,Del,77,orders-and-deliveries-july-2026.xlsx
CHINA SOUTHERN AIRLINES,CHINA,A,Asia-Pacific,A321ceo,A320 Family,Opr,81,orders-and-deliveries-july-2026.xlsx
CHINA SOUTHERN AIRLINES,CHINA,A,Asia-Pacific,A321neo,A320 Family,Ord,178,orders-and-deliveries-july-2026.xlsx
CHINA SOUTHERN AIRLINES,CHINA,A,Asia-Pacific,A321neo,A320 Family,Del,64,orders-and-deliveries-july-2026.xlsx
CHINA SOUTHERN AIRLINES,CHINA,A,Asia-Pacific,A321neo,A320 Family,Opr,100,orders-and-deliveries-july-2026.xlsx
CHINA SOUTHERN AIRLINES,CHINA,A,Asia-Pacific,A330-200,A330,Ord,16,orders-and-deliveries-july-2026.xlsx
CHINA SOUTHERN AIRLINES,CHINA,A,Asia-Pacific,A330-200,A330,Del,16,orders-and-deliveries-july-2026.xlsx
CHINA SOUTHERN AIRLINES,CHINA,A,Asia-Pacific,A330-300,A330,Ord,34,orders-and-deliveries-july-2026.xlsx
CHINA SOUTHERN AIRLINES,CHINA,A,Asia-Pacific,A330-300,A330,Del,34,orders-and-deliveries-july-2026.xlsx
CHINA SOUTHERN AIRLINES,CHINA,A,Asia-Pacific,A330-300,A330,Opr,22,orders-and-deliveries-july-2026.xlsx
CHINA SOUTHERN AIRLINES,CHINA,A,Asia-Pacific,A350-900,A350,Ord,20,orders-and-deliveries-july-2026.xlsx
CHINA SOUTHERN AIRLINES,CHINA,A,Asia-Pacific,A350-900,A350,Del,20,orders-and-deliveries-july-2026.xlsx
CHINA SOUTHERN AIRLINES,CHINA,A,Asia-Pacific,A350-900,A350,Opr,20,orders-and-deliveries-july-2026.xlsx
CHINA SOUTHERN AIRLINES,CHINA,A,Asia-Pacific,A380,A380,Ord,5,orders-and-deliveries-july-2026.xlsx
CHINA SOUTHERN AIRLINES,CHINA,A,Asia-Pacific,A380,A380,Del,5,orders-and-deliveries-july-2026.xlsx
CHONGQING AIRLINES,CHINA,A,Asia-Pacific,A319ceo,A320 Family,Opr,5,orders-and-deliveries-july-2026.xlsx
CHONGQING AIRLINES,CHINA,A,Asia-Pacific,A320ceo,A320 Family,Opr,13,orders-and-deliveries-july-2026.xlsx
CHONGQING AIRLINES,CHINA,A,Asia-Pacific,A320neo,A320 Family,Opr,9,orders-and-deliveries-july-2026.xlsx
CHONGQING AIRLINES,CHINA,A,Asia-Pacific,A321neo,A320 Family,Opr,3,orders-and-deliveries-july-2026.xlsx
CITILINK,INDONESIA,A,Asia-Pacific,A320ceo,A320 Family,Opr,39,orders-and-deliveries-july-2026.xlsx
CITILINK,INDONESIA,A,Asia-Pacific,A320neo,A320 Family,Ord,25,orders-and-deliveries-july-2026.xlsx
CITILINK,INDONESIA,A,Asia-Pacific,A320neo,A320 Family,Opr,10,orders-and-deliveries-july-2026.xlsx
CIT LEASING,IRELAND,E,Europe and CIS,A319ceo,A320 Family,Ord,36,orders-and-deliveries-july-2026.xlsx
CIT LEASING,IRELAND,E,Europe and CIS,A319ceo,A320 Family,Del,36,orders-and-deliveries-july-2026.xlsx
CIT LEASING,IRELAND,E,Europe and CIS,A320ceo,A320 Family,Ord,80,orders-and-deliveries-july-2026.xlsx
CIT LEASING,IRELAND,E,Europe and CIS,A320ceo,A320 Family,Del,80,orders-and-deliveries-july-2026.xlsx
CIT LEASING,IRELAND,E,Europe and CIS,A320neo,A320 Family,Ord,20,orders-and-deliveries-july-2026.xlsx
CIT LEASING,IRELAND,E,Europe and CIS,A320neo,A320 Family,Del,20,orders-and-deliveries-july-2026.xlsx
CIT LEASING,IRELAND,E,Europe and CIS,A321ceo,A320 Family,Ord,34,orders-and-deliveries-july-2026.xlsx
CIT LEASING,IRELAND,E,Europe and CIS,A321ceo,A320 Family,Del,34,orders-and-deliveries-july-2026.xlsx
CIT LEASING,IRELAND,E,Europe and CIS,A321neo,A320 Family,Ord,1,orders-and-deliveries-july-2026.xlsx
CIT LEASING,IRELAND,E,Europe and CIS,A321neo,A320 Family,Del,1,orders-and-deliveries-july-2026.xlsx
CIT LEASING,IRELAND,E,Europe and CIS,A330-200,A330,Ord,36,orders-and-deliveries-july-2026.xlsx
CIT LEASING,IRELAND,E,Europe and CIS,A330-200,A330,Del,36,orders-and-deliveries-july-2026.xlsx
CIT LEASING,IRELAND,E,Europe and CIS,A330-300,A330,Ord,15,orders-and-deliveries-july-2026.xlsx
CIT LEASING,IRELAND,E,Europe and CIS,A330-300,A330,Del,15,orders-and-deliveries-july-2026.xlsx
CIT LEASING,IRELAND,E,Europe and CIS,A330-900,A330,Ord,35,orders-and-deliveries-july-2026.xlsx
CIT LEASING,IRELAND,E,Europe and CIS,A330-900,A330,Del,27,orders-and-deliveries-july-2026.xlsx
CIT LEASING,IRELAND,E,Europe and CIS,A350-900,A350,Ord,7,orders-and-deliveries-july-2026.xlsx
CIT LEASING,IRELAND,E,Europe and CIS,A350-900,A350,Del,7,orders-and-deliveries-july-2026.xlsx
CITYBIRD,BELGIUM,E,Europe and CIS,A300,A300/A310,Ord,2,orders-and-deliveries-july-2026.xlsx
CITYBIRD,BELGIUM,E,Europe and CIS,A300,A300/A310,Del,2,orders-and-deliveries-july-2026.xlsx
CMA CGM,FRANCE,E,Europe and CIS,A350F,A350,Ord,8,orders-and-deliveries-july-2026.xlsx
CMA CGM AIR CARGO,FRANCE,E,Europe and CIS,A330-200F,A330,Opr,1,orders-and-deliveries-july-2026.xlsx
CMB FINANCIAL LEASING,CHINA,A,Asia-Pacific,A320neo,A320 Family,Ord,19,orders-and-deliveries-july-2026.xlsx
CMB FINANCIAL LEASING,CHINA,A,Asia-Pacific,A320neo,A320 Family,Del,19,orders-and-deliveries-july-2026.xlsx
CMB FINANCIAL LEASING,CHINA,A,Asia-Pacific,A321ceo,A320 Family,Ord,8,orders-and-deliveries-july-2026.xlsx
CMB FINANCIAL LEASING,CHINA,A,Asia-Pacific,A321ceo,A320 Family,Del,8,orders-and-deliveries-july-2026.xlsx
CMB FINANCIAL LEASING,CHINA,A,Asia-Pacific,A321neo,A320 Family,Ord,9,orders-and-deliveries-july-2026.xlsx
CMB FINANCIAL LEASING,CHINA,A,Asia-Pacific,A321neo,A320 Family,Del,9,orders-and-deliveries-july-2026.xlsx
COLORFUL GUIZHOU AIRLINES,CHINA,A,Asia-Pacific,A320neo,A320 Family,Ord,1,orders-and-deliveries-july-2026.xlsx
COLORFUL GUIZHOU AIRLINES,CHINA,A,Asia-Pacific,A320neo,A320 Family,Del,1,orders-and-deliveries-july-2026.xlsx
COLORFUL GUIZHOU AIRLINES,CHINA,A,Asia-Pacific,A320neo,A320 Family,Opr,14,orders-and-deliveries-july-2026.xlsx
COMMONWEALTH BANK OF AUSTRALIA,AUSTRALIA,A,Asia-Pacific,A330-300,A330,Ord,2,orders-and-deliveries-july-2026.xlsx
COMMONWEALTH BANK OF AUSTRALIA,AUSTRALIA,A,Asia-Pacific,A330-300,A330,Del,2,orders-and-deliveries-july-2026.xlsx
COMPAGNIE AFRICAINE D'AVIATION CAA,DEMOCRATIC REPUBLIC OF THE CONGO,F,Africa,A320ceo,A320 Family,Opr,4,orders-and-deliveries-july-2026.xlsx
COMPAGNIE AFRICAINE D'AVIATION CAA,DEMOCRATIC REPUBLIC OF THE CONGO,F,Africa,A321ceo,A320 Family,Opr,1,orders-and-deliveries-july-2026.xlsx
COMPAGNIE AFRICAINE D'AVIATION CAA,DEMOCRATIC REPUBLIC OF THE CONGO,F,Africa,A330-200,A330,Opr,1,orders-and-deliveries-july-2026.xlsx
COMPAGNIE AFRICAINE D'AVIATION CAA,DEMOCRATIC REPUBLIC OF THE CONGO,F,Africa,A330-300,A330,Opr,1,orders-and-deliveries-july-2026.xlsx
CONDOR,GERMANY,E,Europe and CIS,A320ceo,A320 Family,Opr,9,orders-and-deliveries-july-2026.xlsx
CONDOR,GERMANY,E,Europe and CIS,A320neo,A320 Family,Ord,2,orders-and-deliveries-july-2026.xlsx
CONDOR,GERMANY,E,Europe and CIS,A320neo,A320 Family,Opr,7,orders-and-deliveries-july-2026.xlsx
CONDOR,GERMANY,E,Europe and CIS,A321ceo,A320 Family,Opr,12,orders-and-deliveries-july-2026.xlsx
CONDOR,GERMANY,E,Europe and CIS,A321neo,A320 Family,Ord,2,orders-and-deliveries-july-2026.xlsx
CONDOR,GERMANY,E,Europe and CIS,A321neo,A320 Family,Opr,10,orders-and-deliveries-july-2026.xlsx
CONDOR,GERMANY,E,Europe and CIS,A330-900,A330,Ord,14,orders-and-deliveries-july-2026.xlsx
CONDOR,GERMANY,E,Europe and CIS,A330-900,A330,Del,7,orders-and-deliveries-july-2026.xlsx
CONDOR,GERMANY,E,Europe and CIS,A330-900,A330,Opr,18,orders-and-deliveries-july-2026.xlsx
CONDOR BERLIN,GERMANY,E,Europe and CIS,A320ceo,A320 Family,Ord,12,orders-and-deliveries-july-2026.xlsx
CONDOR BERLIN,GERMANY,E,Europe and CIS,A320ceo,A320 Family,Del,12,orders-and-deliveries-july-2026.xlsx
CONDOR BERLIN,GERMANY,E,Europe and CIS,A310,A300/A310,Ord,5,orders-and-deliveries-july-2026.xlsx
CONDOR BERLIN,GERMANY,E,Europe and CIS,A310,A300/A310,Del,5,orders-and-deliveries-july-2026.xlsx
CONGO AIRWAYS,DEMOCRATIC REPUBLIC OF THE CONGO,F,Africa,A320ceo,A320 Family,Opr,3,orders-and-deliveries-july-2026.xlsx
CONTINENTAL AIRLINES,UNITED STATES OF AMERICA,N,North America,A300,A300/A310,Ord,3,orders-and-deliveries-july-2026.xlsx
CONTINENTAL AIRLINES,UNITED STATES OF AMERICA,N,North America,A300,A300/A310,Del,3,orders-and-deliveries-july-2026.xlsx
CONVIASA,VENEZUELA,L,Latin America & Caribbean,A340-200/300,A340,Opr,1,orders-and-deliveries-july-2026.xlsx
CONVIASA,VENEZUELA,L,Latin America & Caribbean,A340-500/600,A340,Opr,1,orders-and-deliveries-july-2026.xlsx
CORSAIR,GUADELOUPE,E,Europe and CIS,A330-200,A330,Ord,2,orders-and-deliveries-july-2026.xlsx
CORSAIR,GUADELOUPE,E,Europe and CIS,A330-200,A330,Del,2,orders-and-deliveries-july-2026.xlsx
CORSAIR,GUADELOUPE,E,Europe and CIS,A330-900,A330,Opr,9,orders-and-deliveries-july-2026.xlsx
CROATIA AIRLINES,CROATIA,E,Europe and CIS,A220-100,A220,Opr,2,orders-and-deliveries-july-2026.xlsx
CROATIA AIRLINES,CROATIA,E,Europe and CIS,A220-300,A220,Opr,9,orders-and-deliveries-july-2026.xlsx
CROATIA AIRLINES,CROATIA,E,Europe and CIS,A319ceo,A320 Family,Ord,4,orders-and-deliveries-july-2026.xlsx
CROATIA AIRLINES,CROATIA,E,Europe and CIS,A319ceo,A320 Family,Del,4,orders-and-deliveries-july-2026.xlsx
CROATIA AIRLINES,CROATIA,E,Europe and CIS,A319ceo,A320 Family,Opr,4,orders-and-deliveries-july-2026.xlsx
CROATIA AIRLINES,CROATIA,E,Europe and CIS,A320ceo,A320 Family,Ord,2,orders-and-deliveries-july-2026.xlsx
CROATIA AIRLINES,CROATIA,E,Europe and CIS,A320ceo,A320 Family,Del,2,orders-and-deliveries-july-2026.xlsx
CROWN AIRLINES,LIBYA,F,Africa,A320ceo,A320 Family,Opr,1,orders-and-deliveries-july-2026.xlsx
CRUZEIRO DO SUL,BRAZIL,L,Latin America & Caribbean,A300,A300/A310,Ord,2,orders-and-deliveries-july-2026.xlsx
CRUZEIRO DO SUL,BRAZIL,L,Latin America & Caribbean,A300,A300/A310,Del,2,orders-and-deliveries-july-2026.xlsx
CSA - CZECH AIRLINES,CZECH REPUBLIC,E,Europe and CIS,A319ceo,A320 Family,Ord,7,orders-and-deliveries-july-2026.xlsx
CSA - CZECH AIRLINES,CZECH REPUBLIC,E,Europe and CIS,A319ceo,A320 Family,Del,7,orders-and-deliveries-july-2026.xlsx
CSA - CZECH AIRLINES,CZECH REPUBLIC,E,Europe and CIS,A320ceo,A320 Family,Ord,6,orders-and-deliveries-july-2026.xlsx
CSA - CZECH AIRLINES,CZECH REPUBLIC,E,Europe and CIS,A320ceo,A320 Family,Del,6,orders-and-deliveries-july-2026.xlsx
CSA - CZECH AIRLINES,CZECH REPUBLIC,E,Europe and CIS,A310,A300/A310,Ord,2,orders-and-deliveries-july-2026.xlsx
CSA - CZECH AIRLINES,CZECH REPUBLIC,E,Europe and CIS,A310,A300/A310,Del,2,orders-and-deliveries-july-2026.xlsx
CYPRUS AIRWAYS,CYPRUS,E,Europe and CIS,A220-300,A220,Opr,4,orders-and-deliveries-july-2026.xlsx
CYPRUS AIRWAYS,CYPRUS,E,Europe and CIS,A319ceo,A320 Family,Ord,2,orders-and-deliveries-july-2026.xlsx
CYPRUS AIRWAYS,CYPRUS,E,Europe and CIS,A319ceo,A320 Family,Del,2,orders-and-deliveries-july-2026.xlsx
CYPRUS AIRWAYS,CYPRUS,E,Europe and CIS,A320ceo,A320 Family,Ord,8,orders-and-deliveries-july-2026.xlsx
CYPRUS AIRWAYS,CYPRUS,E,Europe and CIS,A320ceo,A320 Family,Del,8,orders-and-deliveries-july-2026.xlsx
CYPRUS AIRWAYS,CYPRUS,E,Europe and CIS,A320ceo,A320 Family,Opr,2,orders-and-deliveries-july-2026.xlsx
CYPRUS AIRWAYS,CYPRUS,E,Europe and CIS,A310,A300/A310,Ord,4,orders-and-deliveries-july-2026.xlsx
CYPRUS AIRWAYS,CYPRUS,E,Europe and CIS,A310,A300/A310,Del,4,orders-and-deliveries-july-2026.xlsx
DAE CAPITAL,UNITED ARAB EMIRATES,M,Middle East,A320neo,A320 Family,Ord,2,orders-and-deliveries-july-2026.xlsx
DAE CAPITAL,UNITED ARAB EMIRATES,M,Middle East,A320neo,A320 Family,Del,2,orders-and-deliveries-july-2026.xlsx
DAE CAPITAL,UNITED ARAB EMIRATES,M,Middle East,A350-900,A350,Ord,2,orders-and-deliveries-july-2026.xlsx
DAE CAPITAL,UNITED ARAB EMIRATES,M,Middle East,A350-900,A350,Del,2,orders-and-deliveries-july-2026.xlsx
DAE CIDRON,IRELAND,E,Europe and CIS,A220-300,A220,Ord,2,orders-and-deliveries-july-2026.xlsx
DAE CIDRON,IRELAND,E,Europe and CIS,A220-300,A220,Del,2,orders-and-deliveries-july-2026.xlsx
DAE CIDRON,IRELAND,E,Europe and CIS,A321neo,A320 Family,Ord,7,orders-and-deliveries-july-2026.xlsx
DAN AIR,ROMANIA,E,Europe and CIS,A319ceo,A320 Family,Opr,1,orders-and-deliveries-july-2026.xlsx
DAN AIR,ROMANIA,E,Europe and CIS,A320ceo,A320 Family,Opr,2,orders-and-deliveries-july-2026.xlsx
DAT LT,LITHUANIA,E,Europe and CIS,A320ceo,A320 Family,Opr,4,orders-and-deliveries-july-2026.xlsx
DAT LT,LITHUANIA,E,Europe and CIS,A321ceo,A320 Family,Opr,1,orders-and-deliveries-july-2026.xlsx
DELTA AIR LINES,UNITED STATES OF AMERICA,N,North America,A220-100,A220,Ord,45,orders-and-deliveries-july-2026.xlsx
DELTA AIR LINES,UNITED STATES OF AMERICA,N,North America,A220-100,A220,Del,45,orders-and-deliveries-july-2026.xlsx
DELTA AIR LINES,UNITED STATES OF AMERICA,N,North America,A220-100,A220,Opr,45,orders-and-deliveries-july-2026.xlsx
DELTA AIR LINES,UNITED STATES OF AMERICA,N,North America,A220-300,A220,Ord,100,orders-and-deliveries-july-2026.xlsx
DELTA AIR LINES,UNITED STATES OF AMERICA,N,North America,A220-300,A220,Del,43,orders-and-deliveries-july-2026.xlsx
DELTA AIR LINES,UNITED STATES OF AMERICA,N,North America,A220-300,A220,Opr,45,orders-and-deliveries-july-2026.xlsx
DELTA AIR LINES,UNITED STATES OF AMERICA,N,North America,A319ceo,A320 Family,Opr,57,orders-and-deliveries-july-2026.xlsx
DELTA AIR LINES,UNITED STATES OF AMERICA,N,North America,A320ceo,A320 Family,Opr,58,orders-and-deliveries-july-2026.xlsx
DELTA AIR LINES,UNITED STATES OF AMERICA,N,North America,A321ceo,A320 Family,Ord,127,orders-and-deliveries-july-2026.xlsx
DELTA AIR LINES,UNITED STATES OF AMERICA,N,North America,A321ceo,A320 Family,Del,127,orders-and-deliveries-july-2026.xlsx
DELTA AIR LINES,UNITED STATES OF AMERICA,N,North America,A321ceo,A320 Family,Opr,127,orders-and-deliveries-july-2026.xlsx
DELTA AIR LINES,UNITED STATES OF AMERICA,N,North America,A321neo,A320 Family,Ord,189,orders-and-deliveries-july-2026.xlsx
DELTA AIR LINES,UNITED STATES OF AMERICA,N,North America,A321neo,A320 Family,Del,101,orders-and-deliveries-july-2026.xlsx
DELTA AIR LINES,UNITED STATES OF AMERICA,N,North America,A321neo,A320 Family,Opr,102,orders-and-deliveries-july-2026.xlsx
DELTA AIR LINES,UNITED STATES OF AMERICA,N,North America,A310,A300/A310,Ord,9,orders-and-deliveries-july-2026.xlsx
DELTA AIR LINES,UNITED STATES OF AMERICA,N,North America,A310,A300/A310,Del,9,orders-and-deliveries-july-2026.xlsx
DELTA AIR LINES,UNITED STATES OF AMERICA,N,North America,A330-200,A330,Opr,11,orders-and-deliveries-july-2026.xlsx
DELTA AIR LINES,UNITED STATES OF AMERICA,N,North America,A330-300,A330,Ord,10,orders-and-deliveries-july-2026.xlsx
DELTA AIR LINES,UNITED STATES OF AMERICA,N,North America,A330-300,A330,Del,10,orders-and-deliveries-july-2026.xlsx
DELTA AIR LINES,UNITED STATES OF AMERICA,N,North America,A330-300,A330,Opr,31,orders-and-deliveries-july-2026.xlsx
DELTA AIR LINES,UNITED STATES OF AMERICA,N,North America,A330-900,A330,Ord,53,orders-and-deliveries-july-2026.xlsx
DELTA AIR LINES,UNITED STATES OF AMERICA,N,North America,A330-900,A330,Del,37,orders-and-deliveries-july-2026.xlsx
DELTA AIR LINES,UNITED STATES OF AMERICA,N,North America,A330-900,A330,Opr,39,orders-and-deliveries-july-2026.xlsx
DELTA AIR LINES,UNITED STATES OF AMERICA,N,North America,A350-900,A350,Ord,50,orders-and-deliveries-july-2026.xlsx
DELTA AIR LINES,UNITED STATES OF AMERICA,N,North America,A350-900,A350,Del,32,orders-and-deliveries-july-2026.xlsx
DELTA AIR LINES,UNITED STATES OF AMERICA,N,North America,A350-900,A350,Opr,41,orders-and-deliveries-july-2026.xlsx
DELTA AIR LINES,UNITED STATES OF AMERICA,N,North America,A350-1000,A350,Ord,20,orders-and-deliveries-july-2026.xlsx
DISCOVER AIRLINES,GERMANY,E,Europe and CIS,A320ceo,A320 Family,Opr,18,orders-and-deliveries-july-2026.xlsx
DISCOVER AIRLINES,GERMANY,E,Europe and CIS,A330-200,A330,Opr,2,orders-and-deliveries-july-2026.xlsx
DISCOVER AIRLINES,GERMANY,E,Europe and CIS,A330-300,A330,Opr,13,orders-and-deliveries-july-2026.xlsx
DRUK AIR,BHUTAN,A,Asia-Pacific,A319ceo,A320 Family,Ord,3,orders-and-deliveries-july-2026.xlsx
DRUK AIR,BHUTAN,A,Asia-Pacific,A319ceo,A320 Family,Del,3,orders-and-deliveries-july-2026.xlsx
DRUK AIR,BHUTAN,A,Asia-Pacific,A319ceo,A320 Family,Opr,3,orders-and-deliveries-july-2026.xlsx
DRUK AIR,BHUTAN,A,Asia-Pacific,A320neo,A320 Family,Ord,4,orders-and-deliveries-july-2026.xlsx
DRUK AIR,BHUTAN,A,Asia-Pacific,A320neo,A320 Family,Del,1,orders-and-deliveries-july-2026.xlsx
DRUK AIR,BHUTAN,A,Asia-Pacific,A320neo,A320 Family,Opr,1,orders-and-deliveries-july-2026.xlsx
DRUK AIR,BHUTAN,A,Asia-Pacific,A321neo,A320 Family,Ord,2,orders-and-deliveries-july-2026.xlsx
EASTERN AIRLINES,UNITED STATES OF AMERICA,N,North America,A300,A300/A310,Ord,34,orders-and-deliveries-july-2026.xlsx
EASTERN AIRLINES,UNITED STATES OF AMERICA,N,North America,A300,A300/A310,Del,34,orders-and-deliveries-july-2026.xlsx
EASY CHARTER,GEORGIA,E,Europe and CIS,A300,A300/A310,Opr,1,orders-and-deliveries-july-2026.xlsx
EASYJET,UNITED KINGDOM,E,Europe and CIS,A319ceo,A320 Family,Ord,172,orders-and-deliveries-july-2026.xlsx
EASYJET,UNITED KINGDOM,E,Europe and CIS,A319ceo,A320 Family,Del,172,orders-and-deliveries-july-2026.xlsx
EASYJET,UNITED KINGDOM,E,Europe and CIS,A319ceo,A320 Family,Opr,79,orders-and-deliveries-july-2026.xlsx
EASYJET,UNITED KINGDOM,E,Europe and CIS,A320ceo,A320 Family,Ord,149,orders-and-deliveries-july-2026.xlsx
EASYJET,UNITED KINGDOM,E,Europe and CIS,A320ceo,A320 Family,Del,149,orders-and-deliveries-july-2026.xlsx
EASYJET,UNITED KINGDOM,E,Europe and CIS,A320ceo,A320 Family,Opr,180,orders-and-deliveries-july-2026.xlsx
EASYJET,UNITED KINGDOM,E,Europe and CIS,A320neo,A320 Family,Ord,200,orders-and-deliveries-july-2026.xlsx
EASYJET,UNITED KINGDOM,E,Europe and CIS,A320neo,A320 Family,Del,77,orders-and-deliveries-july-2026.xlsx
EASYJET,UNITED KINGDOM,E,Europe and CIS,A320neo,A320 Family,Opr,77,orders-and-deliveries-july-2026.xlsx
EASYJET,UNITED KINGDOM,E,Europe and CIS,A321neo,A320 Family,Ord,184,orders-and-deliveries-july-2026.xlsx
EASYJET,UNITED KINGDOM,E,Europe and CIS,A321neo,A320 Family,Del,31,orders-and-deliveries-july-2026.xlsx
EASYJET,UNITED KINGDOM,E,Europe and CIS,A321neo,A320 Family,Opr,31,orders-and-deliveries-july-2026.xlsx
ECUATORIANA DE AVIACION,ECUADOR,L,Latin America & Caribbean,A310,A300/A310,Ord,2,orders-and-deliveries-july-2026.xlsx
ECUATORIANA DE AVIACION,ECUADOR,L,Latin America & Caribbean,A310,A300/A310,Del,2,orders-and-deliveries-july-2026.xlsx
EDELWEISS AIR,SWITZERLAND,E,Europe and CIS,A320ceo,A320 Family,Ord,3,orders-and-deliveries-july-2026.xlsx
EDELWEISS AIR,SWITZERLAND,E,Europe and CIS,A320ceo,A320 Family,Del,3,orders-and-deliveries-july-2026.xlsx
EDELWEISS AIR,SWITZERLAND,E,Europe and CIS,A320ceo,A320 Family,Opr,15,orders-and-deliveries-july-2026.xlsx
EDELWEISS AIR,SWITZERLAND,E,Europe and CIS,A320neo,A320 Family,Opr,1,orders-and-deliveries-july-2026.xlsx
EDELWEISS AIR,SWITZERLAND,E,Europe and CIS,A340-200/300,A340,Opr,3,orders-and-deliveries-july-2026.xlsx
EDELWEISS AIR,SWITZERLAND,E,Europe and CIS,A350-900,A350,Opr,4,orders-and-deliveries-july-2026.xlsx
EGYPTAIR,EGYPT,F,Africa,A220-300,A220,Ord,12,orders-and-deliveries-july-2026.xlsx
EGYPTAIR,EGYPT,F,Africa,A220-300,A220,Del,12,orders-and-deliveries-july-2026.xlsx
EGYPTAIR,EGYPT,F,Africa,A320ceo,A320 Family,Ord,12,orders-and-deliveries-july-2026.xlsx
EGYPTAIR,EGYPT,F,Africa,A320ceo,A320 Family,Del,12,orders-and-deliveries-july-2026.xlsx
EGYPTAIR,EGYPT,F,Africa,A320neo,A320 Family,Opr,8,orders-and-deliveries-july-2026.xlsx
EGYPTAIR,EGYPT,F,Africa,A321ceo,A320 Family,Ord,4,orders-and-deliveries-july-2026.xlsx
EGYPTAIR,EGYPT,F,Africa,A321ceo,A320 Family,Del,4,orders-and-deliveries-july-2026.xlsx
EGYPTAIR,EGYPT,F,Africa,A321neo,A320 Family,Opr,7,orders-and-deliveries-july-2026.xlsx
EGYPTAIR,EGYPT,F,Africa,A300,A300/A310,Ord,17,orders-and-deliveries-july-2026.xlsx
EGYPTAIR,EGYPT,F,Africa,A300,A300/A310,Del,17,orders-and-deliveries-july-2026.xlsx
EGYPTAIR,EGYPT,F,Africa,A330-200,A330,Ord,7,orders-and-deliveries-july-2026.xlsx
EGYPTAIR,EGYPT,F,Africa,A330-200,A330,Del,7,orders-and-deliveries-july-2026.xlsx
EGYPTAIR,EGYPT,F,Africa,A330-200,A330,Opr,7,orders-and-deliveries-july-2026.xlsx
EGYPTAIR,EGYPT,F,Africa,A330-300,A330,Ord,4,orders-and-deliveries-july-2026.xlsx
EGYPTAIR,EGYPT,F,Africa,A330-300,A330,Del,4,orders-and-deliveries-july-2026.xlsx
EGYPTAIR,EGYPT,F,Africa,A330-300,A330,Opr,4,orders-and-deliveries-july-2026.xlsx
EGYPTAIR,EGYPT,F,Africa,A340-200/300,A340,Ord,3,orders-and-deliveries-july-2026.xlsx
EGYPTAIR,EGYPT,F,Africa,A340-200/300,A340,Del,3,orders-and-deliveries-july-2026.xlsx
EGYPTAIR,EGYPT,F,Africa,A350-900,A350,Ord,16,orders-and-deliveries-july-2026.xlsx
EGYPTAIR,EGYPT,F,Africa,A350-900,A350,Del,4,orders-and-deliveries-july-2026.xlsx
EGYPTAIR,EGYPT,F,Africa,A350-900,A350,Opr,4,orders-and-deliveries-july-2026.xlsx
ELECTRA AIRWAYS,BULGARIA,E,Europe and CIS,A320ceo,A320 Family,Opr,13,orders-and-deliveries-july-2026.xlsx
ELECTRA AIRWAYS,BULGARIA,E,Europe and CIS,A321ceo,A320 Family,Opr,2,orders-and-deliveries-july-2026.xlsx
EMIRATES,UNITED ARAB EMIRATES,M,Middle East,A300,A300/A310,Ord,5,orders-and-deliveries-july-2026.xlsx
EMIRATES,UNITED ARAB EMIRATES,M,Middle East,A300,A300/A310,Del,5,orders-and-deliveries-july-2026.xlsx
EMIRATES,UNITED ARAB EMIRATES,M,Middle East,A310,A300/A310,Ord,8,orders-and-deliveries-july-2026.xlsx
EMIRATES,UNITED ARAB EMIRATES,M,Middle East,A310,A300/A310,Del,8,orders-and-deliveries-july-2026.xlsx
EMIRATES,UNITED ARAB EMIRATES,M,Middle East,A330-200,A330,Ord,28,orders-and-deliveries-july-2026.xlsx
EMIRATES,UNITED ARAB EMIRATES,M,Middle East,A330-200,A330,Del,28,orders-and-deliveries-july-2026.xlsx
EMIRATES,UNITED ARAB EMIRATES,M,Middle East,A340-500/600,A340,Ord,10,orders-and-deliveries-july-2026.xlsx
EMIRATES,UNITED ARAB EMIRATES,M,Middle East,A340-500/600,A340,Del,10,orders-and-deliveries-july-2026.xlsx
EMIRATES,UNITED ARAB EMIRATES,M,Middle East,A350-900,A350,Ord,73,orders-and-deliveries-july-2026.xlsx
EMIRATES,UNITED ARAB EMIRATES,M,Middle East,A350-900,A350,Del,27,orders-and-deliveries-july-2026.xlsx
EMIRATES,UNITED ARAB EMIRATES,M,Middle East,A350-900,A350,Opr,27,orders-and-deliveries-july-2026.xlsx
EMIRATES,UNITED ARAB EMIRATES,M,Middle East,A380,A380,Ord,123,orders-and-deliveries-july-2026.xlsx
EMIRATES,UNITED ARAB EMIRATES,M,Middle East,A380,A380,Del,123,orders-and-deliveries-july-2026.xlsx
EMIRATES,UNITED ARAB EMIRATES,M,Middle East,A380,A380,Opr,116,orders-and-deliveries-july-2026.xlsx
ETHIOPIAN AIRLINES,ETHIOPIA,F,Africa,A350-900,A350,Ord,35,orders-and-deliveries-july-2026.xlsx
ETHIOPIAN AIRLINES,ETHIOPIA,F,Africa,A350-900,A350,Del,18,orders-and-deliveries-july-2026.xlsx
ETHIOPIAN AIRLINES,ETHIOPIA,F,Africa,A350-900,A350,Opr,22,orders-and-deliveries-july-2026.xlsx
ETHIOPIAN AIRLINES,ETHIOPIA,F,Africa,A350-1000,A350,Ord,4,orders-and-deliveries-july-2026.xlsx
ETHIOPIAN AIRLINES,ETHIOPIA,F,Africa,A350-1000,A350,Del,4,orders-and-deliveries-july-2026.xlsx
ETHIOPIAN AIRLINES,ETHIOPIA,F,Africa,A350-1000,A350,Opr,4,orders-and-deliveries-july-2026.xlsx
ETIHAD AIRWAYS,UNITED ARAB EMIRATES,M,Middle East,A320ceo,A320 Family,Ord,11,orders-and-deliveries-july-2026.xlsx
ETIHAD AIRWAYS,UNITED ARAB EMIRATES,M,Middle East,A320ceo,A320 Family,Del,11,orders-and-deliveries-july-2026.xlsx
ETIHAD AIRWAYS,UNITED ARAB EMIRATES,M,Middle East,A320ceo,A320 Family,Opr,15,orders-and-deliveries-july-2026.xlsx
ETIHAD AIRWAYS,UNITED ARAB EMIRATES,M,Middle East,A320neo,A320 Family,Opr,1,orders-and-deliveries-july-2026.xlsx
ETIHAD AIRWAYS,UNITED ARAB EMIRATES,M,Middle East,A321ceo,A320 Family,Ord,7,orders-and-deliveries-july-2026.xlsx
ETIHAD AIRWAYS,UNITED ARAB EMIRATES,M,Middle East,A321ceo,A320 Family,Del,7,orders-and-deliveries-july-2026.xlsx
ETIHAD AIRWAYS,UNITED ARAB EMIRATES,M,Middle East,A321ceo,A320 Family,Opr,13,orders-and-deliveries-july-2026.xlsx
ETIHAD AIRWAYS,UNITED ARAB EMIRATES,M,Middle East,A321neo,A320 Family,Ord,20,orders-and-deliveries-july-2026.xlsx
ETIHAD AIRWAYS,UNITED ARAB EMIRATES,M,Middle East,A321neo,A320 Family,Opr,18,orders-and-deliveries-july-2026.xlsx
ETIHAD AIRWAYS,UNITED ARAB EMIRATES,M,Middle East,A330-200,A330,Ord,14,orders-and-deliveries-july-2026.xlsx
ETIHAD AIRWAYS,UNITED ARAB EMIRATES,M,Middle East,A330-200,A330,Del,14,orders-and-deliveries-july-2026.xlsx
ETIHAD AIRWAYS,UNITED ARAB EMIRATES,M,Middle East,A330-200F,A330,Ord,5,orders-and-deliveries-july-2026.xlsx
ETIHAD AIRWAYS,UNITED ARAB EMIRATES,M,Middle East,A330-200F,A330,Del,5,orders-and-deliveries-july-2026.xlsx
ETIHAD AIRWAYS,UNITED ARAB EMIRATES,M,Middle East,A330-300,A330,Ord,6,orders-and-deliveries-july-2026.xlsx
ETIHAD AIRWAYS,UNITED ARAB EMIRATES,M,Middle East,A330-300,A330,Del,6,orders-and-deliveries-july-2026.xlsx
ETIHAD AIRWAYS,UNITED ARAB EMIRATES,M,Middle East,A330-900,A330,Ord,6,orders-and-deliveries-july-2026.xlsx
ETIHAD AIRWAYS,UNITED ARAB EMIRATES,M,Middle East,A340-500/600,A340,Ord,11,orders-and-deliveries-july-2026.xlsx
ETIHAD AIRWAYS,UNITED ARAB EMIRATES,M,Middle East,A340-500/600,A340,Del,11,orders-and-deliveries-july-2026.xlsx
ETIHAD AIRWAYS,UNITED ARAB EMIRATES,M,Middle East,A350F,A350,Ord,10,orders-and-deliveries-july-2026.xlsx
ETIHAD AIRWAYS,UNITED ARAB EMIRATES,M,Middle East,A350-1000,A350,Ord,27,orders-and-deliveries-july-2026.xlsx
ETIHAD AIRWAYS,UNITED ARAB EMIRATES,M,Middle East,A350-1000,A350,Del,12,orders-and-deliveries-july-2026.xlsx
ETIHAD AIRWAYS,UNITED ARAB EMIRATES,M,Middle East,A350-1000,A350,Opr,12,orders-and-deliveries-july-2026.xlsx
ETIHAD AIRWAYS,UNITED ARAB EMIRATES,M,Middle East,A380,A380,Ord,10,orders-and-deliveries-july-2026.xlsx
ETIHAD AIRWAYS,UNITED ARAB EMIRATES,M,Middle East,A380,A380,Del,10,orders-and-deliveries-july-2026.xlsx
ETIHAD AIRWAYS,UNITED ARAB EMIRATES,M,Middle East,A380,A380,Opr,8,orders-and-deliveries-july-2026.xlsx
EUROATLANTIC AIRWAYS,PORTUGAL,E,Europe and CIS,A330-200,A330,Opr,1,orders-and-deliveries-july-2026.xlsx
EUROATLANTIC AIRWAYS,PORTUGAL,E,Europe and CIS,A330-300,A330,Opr,2,orders-and-deliveries-july-2026.xlsx
EUROPEAN AIR CHARTER,BULGARIA,E,Europe and CIS,A320ceo,A320 Family,Opr,11,orders-and-deliveries-july-2026.xlsx
EUROPEAN AIR TRANSPORT,GERMANY,E,Europe and CIS,A300,A300/A310,Opr,27,orders-and-deliveries-july-2026.xlsx
EUROPEAN AIR TRANSPORT,GERMANY,E,Europe and CIS,A330-200F,A330,Opr,3,orders-and-deliveries-july-2026.xlsx
EUROPEAN AIR TRANSPORT,GERMANY,E,Europe and CIS,A330-300,A330,Opr,4,orders-and-deliveries-july-2026.xlsx
EUROWINGS,GERMANY,E,Europe and CIS,A319ceo,A320 Family,Opr,23,orders-and-deliveries-july-2026.xlsx
EUROWINGS,GERMANY,E,Europe and CIS,A320ceo,A320 Family,Opr,27,orders-and-deliveries-july-2026.xlsx
EUROWINGS,GERMANY,E,Europe and CIS,A320neo,A320 Family,Opr,8,orders-and-deliveries-july-2026.xlsx
EUROWINGS,GERMANY,E,Europe and CIS,A321ceo,A320 Family,Opr,6,orders-and-deliveries-july-2026.xlsx
EUROWINGS,GERMANY,E,Europe and CIS,A321neo,A320 Family,Opr,5,orders-and-deliveries-july-2026.xlsx
EUROWINGS EUROPE MALTA,MALTA,E,Europe and CIS,A319ceo,A320 Family,Opr,6,orders-and-deliveries-july-2026.xlsx
EUROWINGS EUROPE MALTA,MALTA,E,Europe and CIS,A320ceo,A320 Family,Opr,23,orders-and-deliveries-july-2026.xlsx
EVA AIR,TAIWAN,A,Asia-Pacific,A319ceo,A320 Family,Opr,1,orders-and-deliveries-july-2026.xlsx
EVA AIR,TAIWAN,A,Asia-Pacific,A321ceo,A320 Family,Opr,17,orders-and-deliveries-july-2026.xlsx
EVA AIR,TAIWAN,A,Asia-Pacific,A321neo,A320 Family,Ord,18,orders-and-deliveries-july-2026.xlsx
EVA AIR,TAIWAN,A,Asia-Pacific,A330-200,A330,Ord,3,orders-and-deliveries-july-2026.xlsx
EVA AIR,TAIWAN,A,Asia-Pacific,A330-200,A330,Del,3,orders-and-deliveries-july-2026.xlsx
EVA AIR,TAIWAN,A,Asia-Pacific,A330-300,A330,Opr,9,orders-and-deliveries-july-2026.xlsx
EVA AIR,TAIWAN,A,Asia-Pacific,A350-1000,A350,Ord,24,orders-and-deliveries-july-2026.xlsx
FEDEX,UNITED STATES OF AMERICA,N,North America,A300,A300/A310,Ord,42,orders-and-deliveries-july-2026.xlsx
FEDEX,UNITED STATES OF AMERICA,N,North America,A300,A300/A310,Del,42,orders-and-deliveries-july-2026.xlsx
FEDEX,UNITED STATES OF AMERICA,N,North America,A300,A300/A310,Opr,64,orders-and-deliveries-july-2026.xlsx
FEDEX,UNITED STATES OF AMERICA,N,North America,A310,A300/A310,Opr,1,orders-and-deliveries-july-2026.xlsx
FIJI AIRWAYS,FIJI,A,Asia-Pacific,A330-200,A330,Ord,3,orders-and-deliveries-july-2026.xlsx
FIJI AIRWAYS,FIJI,A,Asia-Pacific,A330-200,A330,Del,3,orders-and-deliveries-july-2026.xlsx
FIJI AIRWAYS,FIJI,A,Asia-Pacific,A330-200,A330,Opr,3,orders-and-deliveries-july-2026.xlsx
FIJI AIRWAYS,FIJI,A,Asia-Pacific,A330-300,A330,Opr,1,orders-and-deliveries-july-2026.xlsx
FIJI AIRWAYS,FIJI,A,Asia-Pacific,A350-900,A350,Opr,4,orders-and-deliveries-july-2026.xlsx
FINNAIR,FINLAND,E,Europe and CIS,A319ceo,A320 Family,Ord,5,orders-and-deliveries-july-2026.xlsx
FINNAIR,FINLAND,E,Europe and CIS,A319ceo,A320 Family,Del,5,orders-and-deliveries-july-2026.xlsx
FINNAIR,FINLAND,E,Europe and CIS,A319ceo,A320 Family,Opr,5,orders-and-deliveries-july-2026.xlsx
FINNAIR,FINLAND,E,Europe and CIS,A320ceo,A320 Family,Ord,9,orders-and-deliveries-july-2026.xlsx
FINNAIR,FINLAND,E,Europe and CIS,A320ceo,A320 Family,Del,9,orders-and-deliveries-july-2026.xlsx
FINNAIR,FINLAND,E,Europe and CIS,A320ceo,A320 Family,Opr,10,orders-and-deliveries-july-2026.xlsx
FINNAIR,FINLAND,E,Europe and CIS,A321ceo,A320 Family,Ord,9,orders-and-deliveries-july-2026.xlsx
FINNAIR,FINLAND,E,Europe and CIS,A321ceo,A320 Family,Del,9,orders-and-deliveries-july-2026.xlsx
FINNAIR,FINLAND,E,Europe and CIS,A321ceo,A320 Family,Opr,14,orders-and-deliveries-july-2026.xlsx
FINNAIR,FINLAND,E,Europe and CIS,A300,A300/A310,Ord,2,orders-and-deliveries-july-2026.xlsx
FINNAIR,FINLAND,E,Europe and CIS,A300,A300/A310,Del,2,orders-and-deliveries-july-2026.xlsx
FINNAIR,FINLAND,E,Europe and CIS,A330-300,A330,Ord,8,orders-and-deliveries-july-2026.xlsx
FINNAIR,FINLAND,E,Europe and CIS,A330-300,A330,Del,8,orders-and-deliveries-july-2026.xlsx
FINNAIR,FINLAND,E,Europe and CIS,A330-300,A330,Opr,5,orders-and-deliveries-july-2026.xlsx
FINNAIR,FINLAND,E,Europe and CIS,A340-200/300,A340,Ord,4,orders-and-deliveries-july-2026.xlsx
FINNAIR,FINLAND,E,Europe and CIS,A340-200/300,A340,Del,4,orders-and-deliveries-july-2026.xlsx
FINNAIR,FINLAND,E,Europe and CIS,A350-900,A350,Ord,19,orders-and-deliveries-july-2026.xlsx
FINNAIR,FINLAND,E,Europe and CIS,A350-900,A350,Del,18,orders-and-deliveries-july-2026.xlsx
FINNAIR,FINLAND,E,Europe and CIS,A350-900,A350,Opr,18,orders-and-deliveries-july-2026.xlsx
FIRST CHOICE AIRWAYS,UNITED KINGDOM,E,Europe and CIS,A320ceo,A320 Family,Ord,4,orders-and-deliveries-july-2026.xlsx
FIRST CHOICE AIRWAYS,UNITED KINGDOM,E,Europe and CIS,A320ceo,A320 Family,Del,4,orders-and-deliveries-july-2026.xlsx
FITS AVIATION,SRI LANKA,A,Asia-Pacific,A320ceo,A320 Family,Opr,3,orders-and-deliveries-july-2026.xlsx
FLIGHTLEASE,SWITZERLAND,E,Europe and CIS,A320ceo,A320 Family,Ord,9,orders-and-deliveries-july-2026.xlsx
FLIGHTLEASE,SWITZERLAND,E,Europe and CIS,A320ceo,A320 Family,Del,9,orders-and-deliveries-july-2026.xlsx
FLIGHTLEASE,SWITZERLAND,E,Europe and CIS,A321ceo,A320 Family,Ord,1,orders-and-deliveries-july-2026.xlsx
FLIGHTLEASE,SWITZERLAND,E,Europe and CIS,A321ceo,A320 Family,Del,1,orders-and-deliveries-july-2026.xlsx
FLIGHTLEASE,SWITZERLAND,E,Europe and CIS,A330-200,A330,Ord,9,orders-and-deliveries-july-2026.xlsx
FLIGHTLEASE,SWITZERLAND,E,Europe and CIS,A330-200,A330,Del,9,orders-and-deliveries-july-2026.xlsx
FLIGHTLEASE,SWITZERLAND,E,Europe and CIS,A340-200/300,A340,Ord,2,orders-and-deliveries-july-2026.xlsx
FLIGHTLEASE,SWITZERLAND,E,Europe and CIS,A340-200/300,A340,Del,2,orders-and-deliveries-july-2026.xlsx
FLY2SKY,BULGARIA,E,Europe and CIS,A320ceo,A320 Family,Opr,11,orders-and-deliveries-july-2026.xlsx
FLY2SKY,BULGARIA,E,Europe and CIS,A321ceo,A320 Family,Opr,1,orders-and-deliveries-july-2026.xlsx
FLY2SKY  MALTA,MALTA,E,Europe and CIS,A320ceo,A320 Family,Opr,1,orders-and-deliveries-july-2026.xlsx
FLYADEAL,SAUDI ARABIA,M,Middle East,A320ceo,A320 Family,Opr,11,orders-and-deliveries-july-2026.xlsx
FLYADEAL,SAUDI ARABIA,M,Middle East,A320neo,A320 Family,Opr,36,orders-and-deliveries-july-2026.xlsx
FLY ADEN**,YEMEN,M,Middle East,A320ceo,A320 Family,Opr,2,orders-and-deliveries-july-2026.xlsx
FLY AIR41 AIRWAYS,CROATIA,E,Europe and CIS,A319ceo,A320 Family,Opr,4,orders-and-deliveries-july-2026.xlsx
FLY AIR41 AIRWAYS,CROATIA,E,Europe and CIS,A320ceo,A320 Family,Opr,3,orders-and-deliveries-july-2026.xlsx
FLY ALLWAYS,SURINAME,L,Latin America & Caribbean,A320ceo,A320 Family,Opr,1,orders-and-deliveries-july-2026.xlsx
FLYARYSTAN,KAZAKHSTAN,E,Europe and CIS,A320ceo,A320 Family,Opr,15,orders-and-deliveries-july-2026.xlsx
FLYARYSTAN,KAZAKHSTAN,E,Europe and CIS,A320neo,A320 Family,Opr,13,orders-and-deliveries-july-2026.xlsx
FLY ERBIL**,IRAQ,M,Middle East,A320ceo,A320 Family,Opr,2,orders-and-deliveries-july-2026.xlsx
FLY EUROPE**,BULGARIA,E,Europe and CIS,A320ceo,A320 Family,Opr,1,orders-and-deliveries-july-2026.xlsx
FLY JINNAH,PAKISTAN,A,Asia-Pacific,A320ceo,A320 Family,Opr,9,orders-and-deliveries-july-2026.xlsx
FLY LILI,ROMANIA,E,Europe and CIS,A319ceo,A320 Family,Opr,3,orders-and-deliveries-july-2026.xlsx
FLY LILI,ROMANIA,E,Europe and CIS,A320ceo,A320 Family,Opr,2,orders-and-deliveries-july-2026.xlsx
FLYNAS,SAUDI ARABIA,M,Middle East,A320ceo,A320 Family,Opr,4,orders-and-deliveries-july-2026.xlsx
FLYNAS,SAUDI ARABIA,M,Middle East,A320neo,A320 Family,Ord,161,orders-and-deliveries-july-2026.xlsx
FLYNAS,SAUDI ARABIA,M,Middle East,A320neo,A320 Family,Del,63,orders-and-deliveries-july-2026.xlsx
FLYNAS,SAUDI ARABIA,M,Middle East,A320neo,A320 Family,Opr,64,orders-and-deliveries-july-2026.xlsx
FLYNAS,SAUDI ARABIA,M,Middle East,A321neo,A320 Family,Ord,56,orders-and-deliveries-july-2026.xlsx
FLYNAS,SAUDI ARABIA,M,Middle East,A330-300,A330,Opr,2,orders-and-deliveries-july-2026.xlsx
FLYNAS,SAUDI ARABIA,M,Middle East,A330-900,A330,Ord,20,orders-and-deliveries-july-2026.xlsx
FLYONE,MOLDOVA,E,Europe and CIS,A320ceo,A320 Family,Opr,9,orders-and-deliveries-july-2026.xlsx
FLYONE,MOLDOVA,E,Europe and CIS,A321ceo,A320 Family,Opr,4,orders-and-deliveries-july-2026.xlsx
FLYONE ARMENIA,ARMENIA,E,Europe and CIS,A319ceo,A320 Family,Opr,1,orders-and-deliveries-july-2026.xlsx
FLYONE ARMENIA,ARMENIA,E,Europe and CIS,A320ceo,A320 Family,Opr,5,orders-and-deliveries-july-2026.xlsx
FLYONE ARMENIA,ARMENIA,E,Europe and CIS,A321ceo,A320 Family,Opr,1,orders-and-deliveries-july-2026.xlsx
FLYONE ASIA,UZBEKISTAN,E,Europe and CIS,A320ceo,A320 Family,Opr,1,orders-and-deliveries-july-2026.xlsx
FLYONE ROMANIA,ROMANIA,E,Europe and CIS,A320ceo,A320 Family,Opr,1,orders-and-deliveries-july-2026.xlsx
FLYONE ROMANIA,ROMANIA,E,Europe and CIS,A321ceo,A320 Family,Opr,3,orders-and-deliveries-july-2026.xlsx
FLY OYA,LIBYA,F,Africa,A320ceo,A320 Family,Opr,1,orders-and-deliveries-july-2026.xlsx
FLY VAAYU,UNITED ARAB EMIRATES,M,Middle East,A320ceo,A320 Family,Opr,2,orders-and-deliveries-july-2026.xlsx
FLYYO,ROMANIA,E,Europe and CIS,A320ceo,A320 Family,Opr,1,orders-and-deliveries-july-2026.xlsx
FREEBIRD AIRLINES,TURKEY,E,Europe and CIS,A320ceo,A320 Family,Opr,11,orders-and-deliveries-july-2026.xlsx
FREEBIRD EUROPE,MALTA,E,Europe and CIS,A320ceo,A320 Family,Opr,3,orders-and-deliveries-july-2026.xlsx
FRENCH BEE,FRANCE,E,Europe and CIS,A350-900,A350,Opr,4,orders-and-deliveries-july-2026.xlsx
FRENCH BEE,FRANCE,E,Europe and CIS,A350-1000,A350,Opr,2,orders-and-deliveries-july-2026.xlsx
FRONTIER AIRLINES,UNITED STATES OF AMERICA,N,North America,A318,A320 Family,Ord,9,orders-and-deliveries-july-2026.xlsx
FRONTIER AIRLINES,UNITED STATES OF AMERICA,N,North America,A318,A320 Family,Del,9,orders-and-deliveries-july-2026.xlsx
FRONTIER AIRLINES,UNITED STATES OF AMERICA,N,North America,A319ceo,A320 Family,Ord,19,orders-and-deliveries-july-2026.xlsx
FRONTIER AIRLINES,UNITED STATES OF AMERICA,N,North America,A319ceo,A320 Family,Del,19,orders-and-deliveries-july-2026.xlsx
FRONTIER AIRLINES,UNITED STATES OF AMERICA,N,North America,A320ceo,A320 Family,Ord,4,orders-and-deliveries-july-2026.xlsx
FRONTIER AIRLINES,UNITED STATES OF AMERICA,N,North America,A320ceo,A320 Family,Del,4,orders-and-deliveries-july-2026.xlsx
FRONTIER AIRLINES,UNITED STATES OF AMERICA,N,North America,A320ceo,A320 Family,Opr,6,orders-and-deliveries-july-2026.xlsx
FRONTIER AIRLINES,UNITED STATES OF AMERICA,N,North America,A320neo,A320 Family,Ord,107,orders-and-deliveries-july-2026.xlsx
FRONTIER AIRLINES,UNITED STATES OF AMERICA,N,North America,A320neo,A320 Family,Del,95,orders-and-deliveries-july-2026.xlsx
FRONTIER AIRLINES,UNITED STATES OF AMERICA,N,North America,A320neo,A320 Family,Opr,97,orders-and-deliveries-july-2026.xlsx
FRONTIER AIRLINES,UNITED STATES OF AMERICA,N,North America,A321ceo,A320 Family,Ord,19,orders-and-deliveries-july-2026.xlsx
FRONTIER AIRLINES,UNITED STATES OF AMERICA,N,North America,A321ceo,A320 Family,Del,19,orders-and-deliveries-july-2026.xlsx
FRONTIER AIRLINES,UNITED STATES OF AMERICA,N,North America,A321ceo,A320 Family,Opr,21,orders-and-deliveries-july-2026.xlsx
FRONTIER AIRLINES,UNITED STATES OF AMERICA,N,North America,A321neo,A320 Family,Ord,198,orders-and-deliveries-july-2026.xlsx
FRONTIER AIRLINES,UNITED STATES OF AMERICA,N,North America,A321neo,A320 Family,Del,58,orders-and-deliveries-july-2026.xlsx
FRONTIER AIRLINES,UNITED STATES OF AMERICA,N,North America,A321neo,A320 Family,Opr,68,orders-and-deliveries-july-2026.xlsx
FTL AIRLINES,FRANCE,E,Europe and CIS,A330-200,A330,Opr,1,orders-and-deliveries-july-2026.xlsx
FTL AIRLINES,FRANCE,E,Europe and CIS,A330-300,A330,Opr,1,orders-and-deliveries-july-2026.xlsx
GALAXY AIRLINES,JAPAN,A,Asia-Pacific,A300,A300/A310,Ord,1,orders-and-deliveries-july-2026.xlsx
GALAXY AIRLINES,JAPAN,A,Asia-Pacific,A300,A300/A310,Del,1,orders-and-deliveries-july-2026.xlsx
GALISTAIR,MALTA,E,Europe and CIS,A320ceo,A320 Family,Opr,1,orders-and-deliveries-july-2026.xlsx
GALISTAIR,MALTA,E,Europe and CIS,A330-300,A330,Opr,2,orders-and-deliveries-july-2026.xlsx
GARUDA INDONESIA,INDONESIA,A,Asia-Pacific,A320ceo,A320 Family,Ord,7,orders-and-deliveries-july-2026.xlsx
GARUDA INDONESIA,INDONESIA,A,Asia-Pacific,A320ceo,A320 Family,Del,7,orders-and-deliveries-july-2026.xlsx
GARUDA INDONESIA,INDONESIA,A,Asia-Pacific,A320neo,A320 Family,Ord,8,orders-and-deliveries-july-2026.xlsx
GARUDA INDONESIA,INDONESIA,A,Asia-Pacific,A320neo,A320 Family,Del,8,orders-and-deliveries-july-2026.xlsx
GARUDA INDONESIA,INDONESIA,A,Asia-Pacific,A300,A300/A310,Ord,9,orders-and-deliveries-july-2026.xlsx
GARUDA INDONESIA,INDONESIA,A,Asia-Pacific,A300,A300/A310,Del,9,orders-and-deliveries-july-2026.xlsx
GARUDA INDONESIA,INDONESIA,A,Asia-Pacific,A330-200,A330,Ord,3,orders-and-deliveries-july-2026.xlsx
GARUDA INDONESIA,INDONESIA,A,Asia-Pacific,A330-200,A330,Del,3,orders-and-deliveries-july-2026.xlsx
GARUDA INDONESIA,INDONESIA,A,Asia-Pacific,A330-200,A330,Opr,3,orders-and-deliveries-july-2026.xlsx
GARUDA INDONESIA,INDONESIA,A,Asia-Pacific,A330-300,A330,Ord,17,orders-and-deliveries-july-2026.xlsx
GARUDA INDONESIA,INDONESIA,A,Asia-Pacific,A330-300,A330,Del,17,orders-and-deliveries-july-2026.xlsx
GARUDA INDONESIA,INDONESIA,A,Asia-Pacific,A330-300,A330,Opr,17,orders-and-deliveries-july-2026.xlsx
GARUDA INDONESIA,INDONESIA,A,Asia-Pacific,A330-800,A330,Ord,4,orders-and-deliveries-july-2026.xlsx
GARUDA INDONESIA,INDONESIA,A,Asia-Pacific,A330-900,A330,Ord,12,orders-and-deliveries-july-2026.xlsx
GARUDA INDONESIA,INDONESIA,A,Asia-Pacific,A330-900,A330,Del,3,orders-and-deliveries-july-2026.xlsx
GARUDA INDONESIA,INDONESIA,A,Asia-Pacific,A330-900,A330,Opr,5,orders-and-deliveries-july-2026.xlsx
GATX FLIGHTLEASE,SWITZERLAND,E,Europe and CIS,A320ceo,A320 Family,Ord,2,orders-and-deliveries-july-2026.xlsx
GATX FLIGHTLEASE,SWITZERLAND,E,Europe and CIS,A320ceo,A320 Family,Del,2,orders-and-deliveries-july-2026.xlsx
GB AIRWAYS,UNITED KINGDOM,E,Europe and CIS,A320ceo,A320 Family,Ord,7,orders-and-deliveries-july-2026.xlsx
GB AIRWAYS,UNITED KINGDOM,E,Europe and CIS,A320ceo,A320 Family,Del,7,orders-and-deliveries-july-2026.xlsx
GB AIRWAYS,UNITED KINGDOM,E,Europe and CIS,A321ceo,A320 Family,Ord,6,orders-and-deliveries-july-2026.xlsx
GB AIRWAYS,UNITED KINGDOM,E,Europe and CIS,A321ceo,A320 Family,Del,6,orders-and-deliveries-july-2026.xlsx
GENERIC - UNKNOWN ENTITY,UNITED STATES OF AMERICA,N,North America,A330-200,A330,Ord,3,orders-and-deliveries-july-2026.xlsx
GENERIC - UNKNOWN ENTITY,UNITED STATES OF AMERICA,N,North America,A330-200,A330,Del,3,orders-and-deliveries-july-2026.xlsx
GENERIC - UNKNOWN ENTITY,UNITED STATES OF AMERICA,N,North America,A330-300,A330,Ord,2,orders-and-deliveries-july-2026.xlsx
GENERIC - UNKNOWN ENTITY,UNITED STATES OF AMERICA,N,North America,A330-300,A330,Del,2,orders-and-deliveries-july-2026.xlsx
GENERIC - UNKNOWN ENTITY,UNITED STATES OF AMERICA,N,North America,A350-900,A350,Ord,2,orders-and-deliveries-july-2026.xlsx
GENERIC - UNKNOWN ENTITY,UNITED STATES OF AMERICA,N,North America,A350-900,A350,Del,2,orders-and-deliveries-july-2026.xlsx
GERMANIA,GERMANY,E,Europe and CIS,A319ceo,A320 Family,Ord,3,orders-and-deliveries-july-2026.xlsx
GERMANIA,GERMANY,E,Europe and CIS,A319ceo,A320 Family,Del,3,orders-and-deliveries-july-2026.xlsx
GERMANIA,GERMANY,E,Europe and CIS,A321ceo,A320 Family,Ord,2,orders-and-deliveries-july-2026.xlsx
GERMANIA,GERMANY,E,Europe and CIS,A321ceo,A320 Family,Del,2,orders-and-deliveries-july-2026.xlsx
GERMANWINGS,GERMANY,E,Europe and CIS,A319ceo,A320 Family,Ord,31,orders-and-deliveries-july-2026.xlsx
GERMANWINGS,GERMANY,E,Europe and CIS,A319ceo,A320 Family,Del,31,orders-and-deliveries-july-2026.xlsx
GETJET AIRLINES,LITHUANIA,E,Europe and CIS,A320ceo,A320 Family,Opr,13,orders-and-deliveries-july-2026.xlsx
GETJET AIRLINES,LITHUANIA,E,Europe and CIS,A321ceo,A320 Family,Opr,1,orders-and-deliveries-july-2026.xlsx
GGAM BORROWER,IRELAND,E,Europe and CIS,A220-300,A220,Ord,6,orders-and-deliveries-july-2026.xlsx
GGAM BORROWER,IRELAND,E,Europe and CIS,A220-300,A220,Del,2,orders-and-deliveries-july-2026.xlsx
GLOBAL AIRCRAFT TRADING,SINGAPORE,A,Asia-Pacific,A320ceo,A320 Family,Ord,8,orders-and-deliveries-july-2026.xlsx
GLOBAL AIRCRAFT TRADING,SINGAPORE,A,Asia-Pacific,A320ceo,A320 Family,Del,8,orders-and-deliveries-july-2026.xlsx
GLOBAL AIRCRAFT TRADING,SINGAPORE,A,Asia-Pacific,A321ceo,A320 Family,Ord,3,orders-and-deliveries-july-2026.xlsx
GLOBAL AIRCRAFT TRADING,SINGAPORE,A,Asia-Pacific,A321ceo,A320 Family,Del,3,orders-and-deliveries-july-2026.xlsx
GLOBAL AIRWAYS (SOUTH AFRICA),SOUTH AFRICA,F,Africa,A320ceo,A320 Family,Opr,9,orders-and-deliveries-july-2026.xlsx
GLOBAL AIRWAYS (SOUTH AFRICA),SOUTH AFRICA,F,Africa,A340-500/600,A340,Opr,2,orders-and-deliveries-july-2026.xlsx
GLOBAL AVIATION,IRAQ,M,Middle East,A320ceo,A320 Family,Opr,2,orders-and-deliveries-july-2026.xlsx
GLOBAL CROSSING AIRLINES,UNITED STATES OF AMERICA,N,North America,A319ceo,A320 Family,Opr,3,orders-and-deliveries-july-2026.xlsx
GLOBAL CROSSING AIRLINES,UNITED STATES OF AMERICA,N,North America,A320ceo,A320 Family,Opr,11,orders-and-deliveries-july-2026.xlsx
GLOBAL CROSSING AIRLINES,UNITED STATES OF AMERICA,N,North America,A321ceo,A320 Family,Opr,8,orders-and-deliveries-july-2026.xlsx
GO FIRST,INDIA,A,Asia-Pacific,A320ceo,A320 Family,Ord,15,orders-and-deliveries-july-2026.xlsx
GO FIRST,INDIA,A,Asia-Pacific,A320ceo,A320 Family,Del,15,orders-and-deliveries-july-2026.xlsx
GO FIRST,INDIA,A,Asia-Pacific,A320neo,A320 Family,Ord,56,orders-and-deliveries-july-2026.xlsx
GO FIRST,INDIA,A,Asia-Pacific,A320neo,A320 Family,Del,56,orders-and-deliveries-july-2026.xlsx
GPA AIRBUS,IRELAND,E,Europe and CIS,A320ceo,A320 Family,Ord,51,orders-and-deliveries-july-2026.xlsx
GPA AIRBUS,IRELAND,E,Europe and CIS,A320ceo,A320 Family,Del,51,orders-and-deliveries-july-2026.xlsx
GROUPE DUBREUIL,FRANCE,E,Europe and CIS,A330-300,A330,Ord,1,orders-and-deliveries-july-2026.xlsx
GROUPE DUBREUIL,FRANCE,E,Europe and CIS,A330-300,A330,Del,1,orders-and-deliveries-july-2026.xlsx
GROUPE DUBREUIL,FRANCE,E,Europe and CIS,A350-900,A350,Ord,1,orders-and-deliveries-july-2026.xlsx
GROUPE DUBREUIL,FRANCE,E,Europe and CIS,A350-900,A350,Del,1,orders-and-deliveries-july-2026.xlsx
GRUPO MARSANS,SPAIN,E,Europe and CIS,A330-200,A330,Ord,4,orders-and-deliveries-july-2026.xlsx
GRUPO MARSANS,SPAIN,E,Europe and CIS,A330-200,A330,Del,4,orders-and-deliveries-july-2026.xlsx
GRUPO TACA,BAHAMAS,L,Latin America & Caribbean,A320ceo,A320 Family,Ord,1,orders-and-deliveries-july-2026.xlsx
GRUPO TACA,BAHAMAS,L,Latin America & Caribbean,A320ceo,A320 Family,Del,1,orders-and-deliveries-july-2026.xlsx
GTLK,RUSSIAN FEDERATION,E,Europe and CIS,A220-300,A220,Ord,6,orders-and-deliveries-july-2026.xlsx
GTLK,RUSSIAN FEDERATION,E,Europe and CIS,A220-300,A220,Del,6,orders-and-deliveries-july-2026.xlsx
GUANGXI BEIBU GULF AIRLINES,CHINA,A,Asia-Pacific,A320ceo,A320 Family,Opr,14,orders-and-deliveries-july-2026.xlsx
GUANGXI BEIBU GULF AIRLINES,CHINA,A,Asia-Pacific,A320neo,A320 Family,Opr,6,orders-and-deliveries-july-2026.xlsx
GULF AIR,BAHRAIN,M,Middle East,A320ceo,A320 Family,Ord,30,orders-and-deliveries-july-2026.xlsx
GULF AIR,BAHRAIN,M,Middle East,A320ceo,A320 Family,Del,30,orders-and-deliveries-july-2026.xlsx
GULF AIR,BAHRAIN,M,Middle East,A320ceo,A320 Family,Opr,8,orders-and-deliveries-july-2026.xlsx
GULF AIR,BAHRAIN,M,Middle East,A320neo,A320 Family,Ord,9,orders-and-deliveries-july-2026.xlsx
GULF AIR,BAHRAIN,M,Middle East,A320neo,A320 Family,Del,9,orders-and-deliveries-july-2026.xlsx
GULF AIR,BAHRAIN,M,Middle East,A320neo,A320 Family,Opr,9,orders-and-deliveries-july-2026.xlsx
GULF AIR,BAHRAIN,M,Middle East,A321ceo,A320 Family,Ord,6,orders-and-deliveries-july-2026.xlsx
GULF AIR,BAHRAIN,M,Middle East,A321ceo,A320 Family,Del,6,orders-and-deliveries-july-2026.xlsx
GULF AIR,BAHRAIN,M,Middle East,A321ceo,A320 Family,Opr,4,orders-and-deliveries-july-2026.xlsx
GULF AIR,BAHRAIN,M,Middle East,A321neo,A320 Family,Ord,16,orders-and-deliveries-july-2026.xlsx
GULF AIR,BAHRAIN,M,Middle East,A321neo,A320 Family,Del,16,orders-and-deliveries-july-2026.xlsx
GULF AIR,BAHRAIN,M,Middle East,A321neo,A320 Family,Opr,16,orders-and-deliveries-july-2026.xlsx
GULF AIR,BAHRAIN,M,Middle East,A330-200,A330,Ord,6,orders-and-deliveries-july-2026.xlsx
GULF AIR,BAHRAIN,M,Middle East,A330-200,A330,Del,6,orders-and-deliveries-july-2026.xlsx
GULF AIR,BAHRAIN,M,Middle East,A340-200/300,A340,Ord,6,orders-and-deliveries-july-2026.xlsx
GULF AIR,BAHRAIN,M,Middle East,A340-200/300,A340,Del,6,orders-and-deliveries-july-2026.xlsx
GULLIVAIR,BULGARIA,E,Europe and CIS,A330-200,A330,Opr,2,orders-and-deliveries-july-2026.xlsx
HAINAN AIRLINES,CHINA,A,Asia-Pacific,A319ceo,A320 Family,Ord,28,orders-and-deliveries-july-2026.xlsx
HAINAN AIRLINES,CHINA,A,Asia-Pacific,A319ceo,A320 Family,Del,28,orders-and-deliveries-july-2026.xlsx
HAINAN AIRLINES,CHINA,A,Asia-Pacific,A320ceo,A320 Family,Ord,28,orders-and-deliveries-july-2026.xlsx
HAINAN AIRLINES,CHINA,A,Asia-Pacific,A320ceo,A320 Family,Del,28,orders-and-deliveries-july-2026.xlsx
HAINAN AIRLINES,CHINA,A,Asia-Pacific,A320neo,A320 Family,Ord,27,orders-and-deliveries-july-2026.xlsx
HAINAN AIRLINES,CHINA,A,Asia-Pacific,A320neo,A320 Family,Opr,15,orders-and-deliveries-july-2026.xlsx
HAINAN AIRLINES,CHINA,A,Asia-Pacific,A321neo,A320 Family,Ord,13,orders-and-deliveries-july-2026.xlsx
HAINAN AIRLINES,CHINA,A,Asia-Pacific,A321neo,A320 Family,Opr,4,orders-and-deliveries-july-2026.xlsx
HAINAN AIRLINES,CHINA,A,Asia-Pacific,A330-200,A330,Ord,3,orders-and-deliveries-july-2026.xlsx
HAINAN AIRLINES,CHINA,A,Asia-Pacific,A330-200,A330,Del,3,orders-and-deliveries-july-2026.xlsx
HAINAN AIRLINES,CHINA,A,Asia-Pacific,A330-200,A330,Opr,4,orders-and-deliveries-july-2026.xlsx
HAINAN AIRLINES,CHINA,A,Asia-Pacific,A330-300,A330,Ord,18,orders-and-deliveries-july-2026.xlsx
HAINAN AIRLINES,CHINA,A,Asia-Pacific,A330-300,A330,Del,18,orders-and-deliveries-july-2026.xlsx
HAINAN AIRLINES,CHINA,A,Asia-Pacific,A330-300,A330,Opr,22,orders-and-deliveries-july-2026.xlsx
HAINAN AIRLINES,CHINA,A,Asia-Pacific,A330-900,A330,Ord,2,orders-and-deliveries-july-2026.xlsx
HAINAN AIRLINES,CHINA,A,Asia-Pacific,A330-900,A330,Del,2,orders-and-deliveries-july-2026.xlsx
HAINAN AIRLINES,CHINA,A,Asia-Pacific,A330-900,A330,Opr,2,orders-and-deliveries-july-2026.xlsx
HAMBURG INTERNATIONAL AIRLINES,GERMANY,E,Europe and CIS,A319ceo,A320 Family,Ord,12,orders-and-deliveries-july-2026.xlsx
HAMBURG INTERNATIONAL AIRLINES,GERMANY,E,Europe and CIS,A319ceo,A320 Family,Del,10,orders-and-deliveries-july-2026.xlsx
HAPAGFLY,GERMANY,E,Europe and CIS,A300,A300/A310,Ord,7,orders-and-deliveries-july-2026.xlsx
HAPAGFLY,GERMANY,E,Europe and CIS,A300,A300/A310,Del,7,orders-and-deliveries-july-2026.xlsx
HAPAGFLY,GERMANY,E,Europe and CIS,A310,A300/A310,Ord,7,orders-and-deliveries-july-2026.xlsx
HAPAGFLY,GERMANY,E,Europe and CIS,A310,A300/A310,Del,7,orders-and-deliveries-july-2026.xlsx
HAWAIIAN AIRLINES,UNITED STATES OF AMERICA,N,North America,A321neo,A320 Family,Ord,16,orders-and-deliveries-july-2026.xlsx
HAWAIIAN AIRLINES,UNITED STATES OF AMERICA,N,North America,A321neo,A320 Family,Del,16,orders-and-deliveries-july-2026.xlsx
HAWAIIAN AIRLINES,UNITED STATES OF AMERICA,N,North America,A321neo,A320 Family,Opr,18,orders-and-deliveries-july-2026.xlsx
HAWAIIAN AIRLINES,UNITED STATES OF AMERICA,N,North America,A330-200,A330,Ord,19,orders-and-deliveries-july-2026.xlsx
HAWAIIAN AIRLINES,UNITED STATES OF AMERICA,N,North America,A330-200,A330,Del,19,orders-and-deliveries-july-2026.xlsx
HAWAIIAN AIRLINES,UNITED STATES OF AMERICA,N,North America,A330-200,A330,Opr,24,orders-and-deliveries-july-2026.xlsx
HAWAIIAN AIRLINES,UNITED STATES OF AMERICA,N,North America,A330-300,A330,Opr,11,orders-and-deliveries-july-2026.xlsx
HELLOJETS,ROMANIA,E,Europe and CIS,A320ceo,A320 Family,Opr,4,orders-and-deliveries-july-2026.xlsx
HESTON AIRLINES,LITHUANIA,E,Europe and CIS,A320ceo,A320 Family,Opr,10,orders-and-deliveries-july-2026.xlsx
HI FLY,MALTA,E,Europe and CIS,A330-200,A330,Opr,5,orders-and-deliveries-july-2026.xlsx
HI FLY,MALTA,E,Europe and CIS,A330-300,A330,Opr,2,orders-and-deliveries-july-2026.xlsx
HI FLY,MALTA,E,Europe and CIS,A380,A380,Opr,1,orders-and-deliveries-july-2026.xlsx
HIMALAYA AIRLINES,NEPAL,A,Asia-Pacific,A319ceo,A320 Family,Opr,1,orders-and-deliveries-july-2026.xlsx
HIMALAYA AIRLINES,NEPAL,A,Asia-Pacific,A320ceo,A320 Family,Opr,3,orders-and-deliveries-july-2026.xlsx
HISKY,MOLDOVA,E,Europe and CIS,A319ceo,A320 Family,Opr,1,orders-and-deliveries-july-2026.xlsx
HISKY EUROPE,ROMANIA,E,Europe and CIS,A320ceo,A320 Family,Opr,4,orders-and-deliveries-july-2026.xlsx
HISKY EUROPE,ROMANIA,E,Europe and CIS,A321neo,A320 Family,Opr,2,orders-and-deliveries-july-2026.xlsx
HISKY EUROPE,ROMANIA,E,Europe and CIS,A330-200,A330,Opr,1,orders-and-deliveries-july-2026.xlsx
HK EXPRESS,HONG KONG,A,Asia-Pacific,A320ceo,A320 Family,Opr,6,orders-and-deliveries-july-2026.xlsx
HK EXPRESS,HONG KONG,A,Asia-Pacific,A320neo,A320 Family,Ord,5,orders-and-deliveries-july-2026.xlsx
HK EXPRESS,HONG KONG,A,Asia-Pacific,A320neo,A320 Family,Del,5,orders-and-deliveries-july-2026.xlsx
HK EXPRESS,HONG KONG,A,Asia-Pacific,A320neo,A320 Family,Opr,10,orders-and-deliveries-july-2026.xlsx
HK EXPRESS,HONG KONG,A,Asia-Pacific,A321ceo,A320 Family,Opr,10,orders-and-deliveries-july-2026.xlsx
HK EXPRESS,HONG KONG,A,Asia-Pacific,A321neo,A320 Family,Opr,16,orders-and-deliveries-july-2026.xlsx
HONG KONG AIR CARGO,HONG KONG,A,Asia-Pacific,A330-200,A330,Opr,1,orders-and-deliveries-july-2026.xlsx
HONG KONG AIR CARGO,HONG KONG,A,Asia-Pacific,A330-200F,A330,Opr,5,orders-and-deliveries-july-2026.xlsx
HONG KONG AIRLINES,HONG KONG,A,Asia-Pacific,A320ceo,A320 Family,Ord,30,orders-and-deliveries-july-2026.xlsx
HONG KONG AIRLINES,HONG KONG,A,Asia-Pacific,A320ceo,A320 Family,Del,30,orders-and-deliveries-july-2026.xlsx
HONG KONG AIRLINES,HONG KONG,A,Asia-Pacific,A320ceo,A320 Family,Opr,17,orders-and-deliveries-july-2026.xlsx
HONG KONG AIRLINES,HONG KONG,A,Asia-Pacific,A321ceo,A320 Family,Opr,3,orders-and-deliveries-july-2026.xlsx
HONG KONG AIRLINES,HONG KONG,A,Asia-Pacific,A330-200,A330,Ord,9,orders-and-deliveries-july-2026.xlsx
HONG KONG AIRLINES,HONG KONG,A,Asia-Pacific,A330-200,A330,Del,9,orders-and-deliveries-july-2026.xlsx
HONG KONG AIRLINES,HONG KONG,A,Asia-Pacific,A330-200,A330,Opr,1,orders-and-deliveries-july-2026.xlsx
HONG KONG AIRLINES,HONG KONG,A,Asia-Pacific,A330-300,A330,Ord,9,orders-and-deliveries-july-2026.xlsx
HONG KONG AIRLINES,HONG KONG,A,Asia-Pacific,A330-300,A330,Del,9,orders-and-deliveries-july-2026.xlsx
HONG KONG AIRLINES,HONG KONG,A,Asia-Pacific,A330-300,A330,Opr,8,orders-and-deliveries-july-2026.xlsx
HONG KONG AIRLINES,HONG KONG,A,Asia-Pacific,A350-900,A350,Ord,3,orders-and-deliveries-july-2026.xlsx
HONG KONG AIRLINES,HONG KONG,A,Asia-Pacific,A350-900,A350,Del,3,orders-and-deliveries-july-2026.xlsx
HONG KONG INTERNATIONAL AVIATION LEASING,HONG KONG,A,Asia-Pacific,A330-300,A330,Ord,8,orders-and-deliveries-july-2026.xlsx
HONG KONG INTERNATIONAL AVIATION LEASING,HONG KONG,A,Asia-Pacific,A330-300,A330,Del,8,orders-and-deliveries-july-2026.xlsx
HSH NORDBANK,GERMANY,E,Europe and CIS,A330-200,A330,Ord,2,orders-and-deliveries-july-2026.xlsx
HSH NORDBANK,GERMANY,E,Europe and CIS,A330-200,A330,Del,2,orders-and-deliveries-july-2026.xlsx
HUNGARY AIRLINES,HUNGARY,E,Europe and CIS,A330-200,A330,Opr,1,orders-and-deliveries-july-2026.xlsx
HUNGARY AIRLINES,HUNGARY,E,Europe and CIS,A330-200F,A330,Opr,1,orders-and-deliveries-july-2026.xlsx
IBERIA,SPAIN,E,Europe and CIS,A319ceo,A320 Family,Ord,21,orders-and-deliveries-july-2026.xlsx
IBERIA,SPAIN,E,Europe and CIS,A319ceo,A320 Family,Del,21,orders-and-deliveries-july-2026.xlsx
IBERIA,SPAIN,E,Europe and CIS,A319ceo,A320 Family,Opr,3,orders-and-deliveries-july-2026.xlsx
IBERIA,SPAIN,E,Europe and CIS,A320ceo,A320 Family,Ord,85,orders-and-deliveries-july-2026.xlsx
IBERIA,SPAIN,E,Europe and CIS,A320ceo,A320 Family,Del,85,orders-and-deliveries-july-2026.xlsx
IBERIA,SPAIN,E,Europe and CIS,A320ceo,A320 Family,Opr,9,orders-and-deliveries-july-2026.xlsx
IBERIA,SPAIN,E,Europe and CIS,A320neo,A320 Family,Ord,21,orders-and-deliveries-july-2026.xlsx
IBERIA,SPAIN,E,Europe and CIS,A320neo,A320 Family,Del,15,orders-and-deliveries-july-2026.xlsx
IBERIA,SPAIN,E,Europe and CIS,A320neo,A320 Family,Opr,23,orders-and-deliveries-july-2026.xlsx
IBERIA,SPAIN,E,Europe and CIS,A321ceo,A320 Family,Ord,19,orders-and-deliveries-july-2026.xlsx
IBERIA,SPAIN,E,Europe and CIS,A321ceo,A320 Family,Del,19,orders-and-deliveries-july-2026.xlsx
IBERIA,SPAIN,E,Europe and CIS,A321ceo,A320 Family,Opr,12,orders-and-deliveries-july-2026.xlsx
IBERIA,SPAIN,E,Europe and CIS,A321neo,A320 Family,Ord,27,orders-and-deliveries-july-2026.xlsx
IBERIA,SPAIN,E,Europe and CIS,A321neo,A320 Family,Del,20,orders-and-deliveries-july-2026.xlsx
IBERIA,SPAIN,E,Europe and CIS,A321neo,A320 Family,Opr,8,orders-and-deliveries-july-2026.xlsx
IBERIA,SPAIN,E,Europe and CIS,A300,A300/A310,Ord,6,orders-and-deliveries-july-2026.xlsx
IBERIA,SPAIN,E,Europe and CIS,A300,A300/A310,Del,6,orders-and-deliveries-july-2026.xlsx
IBERIA,SPAIN,E,Europe and CIS,A330-200,A330,Ord,16,orders-and-deliveries-july-2026.xlsx
IBERIA,SPAIN,E,Europe and CIS,A330-200,A330,Del,16,orders-and-deliveries-july-2026.xlsx
IBERIA,SPAIN,E,Europe and CIS,A330-200,A330,Opr,12,orders-and-deliveries-july-2026.xlsx
IBERIA,SPAIN,E,Europe and CIS,A330-300,A330,Ord,8,orders-and-deliveries-july-2026.xlsx
IBERIA,SPAIN,E,Europe and CIS,A330-300,A330,Del,8,orders-and-deliveries-july-2026.xlsx
IBERIA,SPAIN,E,Europe and CIS,A330-300,A330,Opr,8,orders-and-deliveries-july-2026.xlsx
IBERIA,SPAIN,E,Europe and CIS,A340-200/300,A340,Ord,18,orders-and-deliveries-july-2026.xlsx
IBERIA,SPAIN,E,Europe and CIS,A340-200/300,A340,Del,18,orders-and-deliveries-july-2026.xlsx
IBERIA,SPAIN,E,Europe and CIS,A340-500/600,A340,Ord,16,orders-and-deliveries-july-2026.xlsx
IBERIA,SPAIN,E,Europe and CIS,A340-500/600,A340,Del,16,orders-and-deliveries-july-2026.xlsx
IBERIA,SPAIN,E,Europe and CIS,A350-900,A350,Ord,29,orders-and-deliveries-july-2026.xlsx
IBERIA,SPAIN,E,Europe and CIS,A350-900,A350,Del,21,orders-and-deliveries-july-2026.xlsx
IBERIA,SPAIN,E,Europe and CIS,A350-900,A350,Opr,23,orders-and-deliveries-july-2026.xlsx
IBERIA EXPRESS,SPAIN,E,Europe and CIS,A320ceo,A320 Family,Opr,12,orders-and-deliveries-july-2026.xlsx
IBERIA EXPRESS,SPAIN,E,Europe and CIS,A321neo,A320 Family,Opr,12,orders-and-deliveries-july-2026.xlsx
IBEROJET,SPAIN,E,Europe and CIS,A320ceo,A320 Family,Opr,1,orders-and-deliveries-july-2026.xlsx
IBEROJET,SPAIN,E,Europe and CIS,A330-300,A330,Opr,1,orders-and-deliveries-july-2026.xlsx
IBEROJET,SPAIN,E,Europe and CIS,A350-900,A350,Opr,2,orders-and-deliveries-july-2026.xlsx
IBEROJET (PORTUGAL),PORTUGAL,E,Europe and CIS,A330-900,A330,Opr,2,orders-and-deliveries-july-2026.xlsx
IBOM AIR,NIGERIA,F,Africa,A220-300,A220,Ord,10,orders-and-deliveries-july-2026.xlsx
IBOM AIR,NIGERIA,F,Africa,A220-300,A220,Del,1,orders-and-deliveries-july-2026.xlsx
IBOM AIR,NIGERIA,F,Africa,A220-300,A220,Opr,2,orders-and-deliveries-july-2026.xlsx
ICBC LEASING,CHINA,A,Asia-Pacific,A319ceo,A320 Family,Ord,2,orders-and-deliveries-july-2026.xlsx
ICBC LEASING,CHINA,A,Asia-Pacific,A319ceo,A320 Family,Del,2,orders-and-deliveries-july-2026.xlsx
ICBC LEASING,CHINA,A,Asia-Pacific,A320ceo,A320 Family,Ord,48,orders-and-deliveries-july-2026.xlsx
ICBC LEASING,CHINA,A,Asia-Pacific,A320ceo,A320 Family,Del,48,orders-and-deliveries-july-2026.xlsx
ICBC LEASING,CHINA,A,Asia-Pacific,A320neo,A320 Family,Ord,44,orders-and-deliveries-july-2026.xlsx
ICBC LEASING,CHINA,A,Asia-Pacific,A320neo,A320 Family,Del,44,orders-and-deliveries-july-2026.xlsx
ICBC LEASING,CHINA,A,Asia-Pacific,A321ceo,A320 Family,Ord,16,orders-and-deliveries-july-2026.xlsx
ICBC LEASING,CHINA,A,Asia-Pacific,A321ceo,A320 Family,Del,16,orders-and-deliveries-july-2026.xlsx
ICBC LEASING,CHINA,A,Asia-Pacific,A321neo,A320 Family,Ord,33,orders-and-deliveries-july-2026.xlsx
ICBC LEASING,CHINA,A,Asia-Pacific,A321neo,A320 Family,Del,33,orders-and-deliveries-july-2026.xlsx
ICELANDAIR,ICELAND,E,Europe and CIS,A320ceo,A320 Family,Opr,1,orders-and-deliveries-july-2026.xlsx
ICELANDAIR,ICELAND,E,Europe and CIS,A321neo,A320 Family,Ord,13,orders-and-deliveries-july-2026.xlsx
ICELANDAIR,ICELAND,E,Europe and CIS,A321neo,A320 Family,Opr,6,orders-and-deliveries-july-2026.xlsx
I FLY,RUSSIAN FEDERATION,E,Europe and CIS,A330-200,A330,Opr,3,orders-and-deliveries-july-2026.xlsx
I FLY,RUSSIAN FEDERATION,E,Europe and CIS,A330-300,A330,Opr,3,orders-and-deliveries-july-2026.xlsx
ILFC,UNITED STATES OF AMERICA,N,North America,A319ceo,A320 Family,Ord,153,orders-and-deliveries-july-2026.xlsx
ILFC,UNITED STATES OF AMERICA,N,North America,A319ceo,A320 Family,Del,153,orders-and-deliveries-july-2026.xlsx
ILFC,UNITED STATES OF AMERICA,N,North America,A320ceo,A320 Family,Ord,213,orders-and-deliveries-july-2026.xlsx
ILFC,UNITED STATES OF AMERICA,N,North America,A320ceo,A320 Family,Del,213,orders-and-deliveries-july-2026.xlsx
ILFC,UNITED STATES OF AMERICA,N,North America,A321ceo,A320 Family,Ord,91,orders-and-deliveries-july-2026.xlsx
ILFC,UNITED STATES OF AMERICA,N,North America,A321ceo,A320 Family,Del,91,orders-and-deliveries-july-2026.xlsx
ILFC,UNITED STATES OF AMERICA,N,North America,A300,A300/A310,Ord,9,orders-and-deliveries-july-2026.xlsx
ILFC,UNITED STATES OF AMERICA,N,North America,A300,A300/A310,Del,9,orders-and-deliveries-july-2026.xlsx
ILFC,UNITED STATES OF AMERICA,N,North America,A310,A300/A310,Ord,7,orders-and-deliveries-july-2026.xlsx
ILFC,UNITED STATES OF AMERICA,N,North America,A310,A300/A310,Del,7,orders-and-deliveries-july-2026.xlsx
ILFC,UNITED STATES OF AMERICA,N,North America,A330-200,A330,Ord,68,orders-and-deliveries-july-2026.xlsx
ILFC,UNITED STATES OF AMERICA,N,North America,A330-200,A330,Del,68,orders-and-deliveries-july-2026.xlsx
ILFC,UNITED STATES OF AMERICA,N,North America,A330-300,A330,Ord,30,orders-and-deliveries-july-2026.xlsx
ILFC,UNITED STATES OF AMERICA,N,North America,A330-300,A330,Del,30,orders-and-deliveries-july-2026.xlsx
ILFC,UNITED STATES OF AMERICA,N,North America,A340-200/300,A340,Ord,16,orders-and-deliveries-july-2026.xlsx
ILFC,UNITED STATES OF AMERICA,N,North America,A340-200/300,A340,Del,16,orders-and-deliveries-july-2026.xlsx
ILFC,UNITED STATES OF AMERICA,N,North America,A340-500/600,A340,Ord,13,orders-and-deliveries-july-2026.xlsx
ILFC,UNITED STATES OF AMERICA,N,North America,A340-500/600,A340,Del,13,orders-and-deliveries-july-2026.xlsx
INDIGO,INDIA,A,Asia-Pacific,A320ceo,A320 Family,Ord,100,orders-and-deliveries-july-2026.xlsx
INDIGO,INDIA,A,Asia-Pacific,A320ceo,A320 Family,Del,100,orders-and-deliveries-july-2026.xlsx
INDIGO,INDIA,A,Asia-Pacific,A320ceo,A320 Family,Opr,26,orders-and-deliveries-july-2026.xlsx
INDIGO,INDIA,A,Asia-Pacific,A320neo,A320 Family,Ord,449,orders-and-deliveries-july-2026.xlsx
INDIGO,INDIA,A,Asia-Pacific,A320neo,A320 Family,Del,227,orders-and-deliveries-july-2026.xlsx
INDIGO,INDIA,A,Asia-Pacific,A320neo,A320 Family,Opr,180,orders-and-deliveries-july-2026.xlsx
INDIGO,INDIA,A,Asia-Pacific,A321ceo,A320 Family,Opr,3,orders-and-deliveries-july-2026.xlsx
INDIGO,INDIA,A,Asia-Pacific,A321neo,A320 Family,Ord,791,orders-and-deliveries-july-2026.xlsx
INDIGO,INDIA,A,Asia-Pacific,A321neo,A320 Family,Del,192,orders-and-deliveries-july-2026.xlsx
INDIGO,INDIA,A,Asia-Pacific,A321neo,A320 Family,Opr,183,orders-and-deliveries-july-2026.xlsx
INDIGO,INDIA,A,Asia-Pacific,A350-900,A350,Ord,60,orders-and-deliveries-july-2026.xlsx
INTERFLUG,GERMANY,E,Europe and CIS,A310,A300/A310,Ord,3,orders-and-deliveries-july-2026.xlsx
INTERFLUG,GERMANY,E,Europe and CIS,A310,A300/A310,Del,3,orders-and-deliveries-july-2026.xlsx
INTERJET,MEXICO,L,Latin America & Caribbean,A320ceo,A320 Family,Ord,20,orders-and-deliveries-july-2026.xlsx
INTERJET,MEXICO,L,Latin America & Caribbean,A320ceo,A320 Family,Del,20,orders-and-deliveries-july-2026.xlsx
INTERJET,MEXICO,L,Latin America & Caribbean,A320neo,A320 Family,Ord,2,orders-and-deliveries-july-2026.xlsx
INTERJET,MEXICO,L,Latin America & Caribbean,A320neo,A320 Family,Del,2,orders-and-deliveries-july-2026.xlsx
INTERNATIONAL AIRFINANCECORPORATION,UNITED ARAB EMIRATES,M,Middle East,A320ceo,A320 Family,Ord,30,orders-and-deliveries-july-2026.xlsx
INTERNATIONAL AIRFINANCECORPORATION,UNITED ARAB EMIRATES,M,Middle East,A320ceo,A320 Family,Del,30,orders-and-deliveries-july-2026.xlsx
INTERNATIONAL AIRFINANCECORPORATION,UNITED ARAB EMIRATES,M,Middle East,A330-200,A330,Ord,5,orders-and-deliveries-july-2026.xlsx
INTERNATIONAL AIRFINANCECORPORATION,UNITED ARAB EMIRATES,M,Middle East,A330-200,A330,Del,5,orders-and-deliveries-july-2026.xlsx
INTERNATIONAL AIRFINANCECORPORATION,UNITED ARAB EMIRATES,M,Middle East,A330-300,A330,Ord,20,orders-and-deliveries-july-2026.xlsx
INTERNATIONAL AIRFINANCECORPORATION,UNITED ARAB EMIRATES,M,Middle East,A330-300,A330,Del,20,orders-and-deliveries-july-2026.xlsx
INTERNATIONAL AIRLINES GROUP (IAG),UNITED KINGDOM,E,Europe and CIS,A320neo,A320 Family,Ord,31,orders-and-deliveries-july-2026.xlsx
INTERNATIONAL AIRLINES GROUP (IAG),UNITED KINGDOM,E,Europe and CIS,A321neo,A320 Family,Ord,21,orders-and-deliveries-july-2026.xlsx
INTERNATIONAL AIRLINES GROUP (IAG),UNITED KINGDOM,E,Europe and CIS,A330-200,A330,Ord,3,orders-and-deliveries-july-2026.xlsx
INTERNATIONAL AIRLINES GROUP (IAG),UNITED KINGDOM,E,Europe and CIS,A330-200,A330,Del,3,orders-and-deliveries-july-2026.xlsx
INTERNATIONAL AIRLINES GROUP (IAG),UNITED KINGDOM,E,Europe and CIS,A330-900,A330,Ord,21,orders-and-deliveries-july-2026.xlsx
INTERNATIONAL AVIATION INVESTMENTS TRADING,UNITED ARAB EMIRATES,M,Middle East,A320ceo,A320 Family,Ord,6,orders-and-deliveries-july-2026.xlsx
INTERNATIONAL AVIATION INVESTMENTS TRADING,UNITED ARAB EMIRATES,M,Middle East,A320ceo,A320 Family,Del,6,orders-and-deliveries-july-2026.xlsx
INTERNATIONAL AVIATION INVESTMENTS TRADING,UNITED ARAB EMIRATES,M,Middle East,A321ceo,A320 Family,Ord,5,orders-and-deliveries-july-2026.xlsx
INTERNATIONAL AVIATION INVESTMENTS TRADING,UNITED ARAB EMIRATES,M,Middle East,A321ceo,A320 Family,Del,5,orders-and-deliveries-july-2026.xlsx
IRAERO AIRLINES,RUSSIAN FEDERATION,E,Europe and CIS,A319ceo,A320 Family,Opr,1,orders-and-deliveries-july-2026.xlsx
IRAN AIR,IRAN,M,Middle East,A319ceo,A320 Family,Opr,2,orders-and-deliveries-july-2026.xlsx
IRAN AIR,IRAN,M,Middle East,A320ceo,A320 Family,Opr,5,orders-and-deliveries-july-2026.xlsx
IRAN AIR,IRAN,M,Middle East,A321ceo,A320 Family,Ord,1,orders-and-deliveries-july-2026.xlsx
IRAN AIR,IRAN,M,Middle East,A321ceo,A320 Family,Del,1,orders-and-deliveries-july-2026.xlsx
IRAN AIR,IRAN,M,Middle East,A321ceo,A320 Family,Opr,1,orders-and-deliveries-july-2026.xlsx
IRAN AIR,IRAN,M,Middle East,A300,A300/A310,Ord,8,orders-and-deliveries-july-2026.xlsx
IRAN AIR,IRAN,M,Middle East,A300,A300/A310,Del,8,orders-and-deliveries-july-2026.xlsx
IRAN AIR,IRAN,M,Middle East,A300,A300/A310,Opr,4,orders-and-deliveries-july-2026.xlsx
IRAN AIR,IRAN,M,Middle East,A310,A300/A310,Opr,1,orders-and-deliveries-july-2026.xlsx
IRAN AIR,IRAN,M,Middle East,A330-200,A330,Opr,4,orders-and-deliveries-july-2026.xlsx
IRAN AIR TOURS,IRAN,M,Middle East,A320ceo,A320 Family,Opr,5,orders-and-deliveries-july-2026.xlsx
IRAN AIR TOURS,IRAN,M,Middle East,A300,A300/A310,Opr,4,orders-and-deliveries-july-2026.xlsx
IRAN AIR TOURS,IRAN,M,Middle East,A310,A300/A310,Opr,2,orders-and-deliveries-july-2026.xlsx
IRAN ASEMAN AIRLINE,IRAN,M,Middle East,A320ceo,A320 Family,Opr,4,orders-and-deliveries-july-2026.xlsx
IRAN ASEMAN AIRLINE,IRAN,M,Middle East,A340-200/300,A340,Opr,1,orders-and-deliveries-july-2026.xlsx
IRAQI AIRWAYS,IRAQ,M,Middle East,A220-300,A220,Ord,5,orders-and-deliveries-july-2026.xlsx
IRAQI AIRWAYS,IRAQ,M,Middle East,A220-300,A220,Del,5,orders-and-deliveries-july-2026.xlsx
IRAQI AIRWAYS,IRAQ,M,Middle East,A220-300,A220,Opr,5,orders-and-deliveries-july-2026.xlsx
IRAQI AIRWAYS,IRAQ,M,Middle East,A320ceo,A320 Family,Opr,3,orders-and-deliveries-july-2026.xlsx
IRAQI AIRWAYS,IRAQ,M,Middle East,A321ceo,A320 Family,Opr,2,orders-and-deliveries-july-2026.xlsx
IRAQI AIRWAYS,IRAQ,M,Middle East,A330-200,A330,Opr,1,orders-and-deliveries-july-2026.xlsx
ISRAIR AIRLINES,ISRAEL,M,Middle East,A320ceo,A320 Family,Ord,3,orders-and-deliveries-july-2026.xlsx
ISRAIR AIRLINES,ISRAEL,M,Middle East,A320ceo,A320 Family,Del,3,orders-and-deliveries-july-2026.xlsx
ISRAIR AIRLINES,ISRAEL,M,Middle East,A320ceo,A320 Family,Opr,8,orders-and-deliveries-july-2026.xlsx
ISRAIR AIRLINES,ISRAEL,M,Middle East,A330-200,A330,Opr,2,orders-and-deliveries-july-2026.xlsx
ITA AIRWAYS,ITALY,E,Europe and CIS,A220-100,A220,Ord,7,orders-and-deliveries-july-2026.xlsx
ITA AIRWAYS,ITALY,E,Europe and CIS,A220-100,A220,Del,7,orders-and-deliveries-july-2026.xlsx
ITA AIRWAYS,ITALY,E,Europe and CIS,A220-100,A220,Opr,12,orders-and-deliveries-july-2026.xlsx
ITA AIRWAYS,ITALY,E,Europe and CIS,A220-300,A220,Opr,19,orders-and-deliveries-july-2026.xlsx
ITA AIRWAYS,ITALY,E,Europe and CIS,A319ceo,A320 Family,Opr,11,orders-and-deliveries-july-2026.xlsx
ITA AIRWAYS,ITALY,E,Europe and CIS,A320ceo,A320 Family,Opr,17,orders-and-deliveries-july-2026.xlsx
ITA AIRWAYS,ITALY,E,Europe and CIS,A320neo,A320 Family,Ord,11,orders-and-deliveries-july-2026.xlsx
ITA AIRWAYS,ITALY,E,Europe and CIS,A320neo,A320 Family,Opr,19,orders-and-deliveries-july-2026.xlsx
ITA AIRWAYS,ITALY,E,Europe and CIS,A321neo,A320 Family,Opr,8,orders-and-deliveries-july-2026.xlsx
ITA AIRWAYS,ITALY,E,Europe and CIS,A330-200,A330,Opr,4,orders-and-deliveries-july-2026.xlsx
ITA AIRWAYS,ITALY,E,Europe and CIS,A330-900,A330,Ord,10,orders-and-deliveries-july-2026.xlsx
ITA AIRWAYS,ITALY,E,Europe and CIS,A330-900,A330,Del,9,orders-and-deliveries-july-2026.xlsx
ITA AIRWAYS,ITALY,E,Europe and CIS,A330-900,A330,Opr,16,orders-and-deliveries-july-2026.xlsx
ITA AIRWAYS,ITALY,E,Europe and CIS,A350-900,A350,Opr,6,orders-and-deliveries-july-2026.xlsx
JACKSON SQUARE AVIATION,UNITED STATES OF AMERICA,N,North America,A320ceo,A320 Family,Ord,4,orders-and-deliveries-july-2026.xlsx
JACKSON SQUARE AVIATION,UNITED STATES OF AMERICA,N,North America,A320ceo,A320 Family,Del,4,orders-and-deliveries-july-2026.xlsx
JACKSON SQUARE AVIATION,UNITED STATES OF AMERICA,N,North America,A320neo,A320 Family,Ord,17,orders-and-deliveries-july-2026.xlsx
JACKSON SQUARE AVIATION,UNITED STATES OF AMERICA,N,North America,A321neo,A320 Family,Ord,33,orders-and-deliveries-july-2026.xlsx
JAPAN AIRLINES,JAPAN,A,Asia-Pacific,A321neo,A320 Family,Ord,11,orders-and-deliveries-july-2026.xlsx
JAPAN AIRLINES,JAPAN,A,Asia-Pacific,A350-900,A350,Ord,39,orders-and-deliveries-july-2026.xlsx
JAPAN AIRLINES,JAPAN,A,Asia-Pacific,A350-900,A350,Del,18,orders-and-deliveries-july-2026.xlsx
JAPAN AIRLINES,JAPAN,A,Asia-Pacific,A350-900,A350,Opr,17,orders-and-deliveries-july-2026.xlsx
JAPAN AIRLINES,JAPAN,A,Asia-Pacific,A350-1000,A350,Ord,13,orders-and-deliveries-july-2026.xlsx
JAPAN AIRLINES,JAPAN,A,Asia-Pacific,A350-1000,A350,Del,11,orders-and-deliveries-july-2026.xlsx
JAPAN AIRLINES,JAPAN,A,Asia-Pacific,A350-1000,A350,Opr,11,orders-and-deliveries-july-2026.xlsx
JAPAN AIR SYSTEM,JAPAN,A,Asia-Pacific,A300,A300/A310,Ord,32,orders-and-deliveries-july-2026.xlsx
JAPAN AIR SYSTEM,JAPAN,A,Asia-Pacific,A300,A300/A310,Del,32,orders-and-deliveries-july-2026.xlsx
JAZEERA AIRWAYS,KUWAIT,M,Middle East,A320ceo,A320 Family,Ord,10,orders-and-deliveries-july-2026.xlsx
JAZEERA AIRWAYS,KUWAIT,M,Middle East,A320ceo,A320 Family,Del,10,orders-and-deliveries-july-2026.xlsx
JAZEERA AIRWAYS,KUWAIT,M,Middle East,A320ceo,A320 Family,Opr,11,orders-and-deliveries-july-2026.xlsx
JAZEERA AIRWAYS,KUWAIT,M,Middle East,A320neo,A320 Family,Ord,20,orders-and-deliveries-july-2026.xlsx
JAZEERA AIRWAYS,KUWAIT,M,Middle East,A320neo,A320 Family,Del,2,orders-and-deliveries-july-2026.xlsx
JAZEERA AIRWAYS,KUWAIT,M,Middle East,A320neo,A320 Family,Opr,11,orders-and-deliveries-july-2026.xlsx
JAZEERA AIRWAYS,KUWAIT,M,Middle East,A321neo,A320 Family,Ord,8,orders-and-deliveries-july-2026.xlsx
JDL AIRLINES,CHINA,A,Asia-Pacific,A330-200,A330,Opr,1,orders-and-deliveries-july-2026.xlsx
JET2,UNITED KINGDOM,E,Europe and CIS,A321neo,A320 Family,Ord,146,orders-and-deliveries-july-2026.xlsx
JET2,UNITED KINGDOM,E,Europe and CIS,A321neo,A320 Family,Del,22,orders-and-deliveries-july-2026.xlsx
JET2.COM,UNITED KINGDOM,E,Europe and CIS,A321ceo,A320 Family,Opr,3,orders-and-deliveries-july-2026.xlsx
JET2.COM,UNITED KINGDOM,E,Europe and CIS,A321neo,A320 Family,Opr,30,orders-and-deliveries-july-2026.xlsx
JET AIRWAYS (INDIA),INDIA,A,Asia-Pacific,A330-200,A330,Ord,10,orders-and-deliveries-july-2026.xlsx
JET AIRWAYS (INDIA),INDIA,A,Asia-Pacific,A330-200,A330,Del,10,orders-and-deliveries-july-2026.xlsx
JETBLUE AIRWAYS,UNITED STATES OF AMERICA,N,North America,A220-300,A220,Ord,100,orders-and-deliveries-july-2026.xlsx
JETBLUE AIRWAYS,UNITED STATES OF AMERICA,N,North America,A220-300,A220,Del,65,orders-and-deliveries-july-2026.xlsx
JETBLUE AIRWAYS,UNITED STATES OF AMERICA,N,North America,A220-300,A220,Opr,65,orders-and-deliveries-july-2026.xlsx
JETBLUE AIRWAYS,UNITED STATES OF AMERICA,N,North America,A320ceo,A320 Family,Ord,132,orders-and-deliveries-july-2026.xlsx
JETBLUE AIRWAYS,UNITED STATES OF AMERICA,N,North America,A320ceo,A320 Family,Del,132,orders-and-deliveries-july-2026.xlsx
JETBLUE AIRWAYS,UNITED STATES OF AMERICA,N,North America,A320ceo,A320 Family,Opr,130,orders-and-deliveries-july-2026.xlsx
JETBLUE AIRWAYS,UNITED STATES OF AMERICA,N,North America,A321ceo,A320 Family,Ord,61,orders-and-deliveries-july-2026.xlsx
JETBLUE AIRWAYS,UNITED STATES OF AMERICA,N,North America,A321ceo,A320 Family,Del,61,orders-and-deliveries-july-2026.xlsx
JETBLUE AIRWAYS,UNITED STATES OF AMERICA,N,North America,A321ceo,A320 Family,Opr,63,orders-and-deliveries-july-2026.xlsx
JETBLUE AIRWAYS,UNITED STATES OF AMERICA,N,North America,A321neo,A320 Family,Ord,85,orders-and-deliveries-july-2026.xlsx
JETBLUE AIRWAYS,UNITED STATES OF AMERICA,N,North America,A321neo,A320 Family,Del,41,orders-and-deliveries-july-2026.xlsx
JETBLUE AIRWAYS,UNITED STATES OF AMERICA,N,North America,A321neo,A320 Family,Opr,41,orders-and-deliveries-july-2026.xlsx
JETSMART (ARGENTINA),ARGENTINA,L,Latin America & Caribbean,A320ceo,A320 Family,Opr,5,orders-and-deliveries-july-2026.xlsx
JETSMART (CHILE),CHILE,L,Latin America & Caribbean,A320ceo,A320 Family,Ord,6,orders-and-deliveries-july-2026.xlsx
JETSMART (CHILE),CHILE,L,Latin America & Caribbean,A320ceo,A320 Family,Del,6,orders-and-deliveries-july-2026.xlsx
JETSMART (CHILE),CHILE,L,Latin America & Caribbean,A320ceo,A320 Family,Opr,6,orders-and-deliveries-july-2026.xlsx
JETSMART (CHILE),CHILE,L,Latin America & Caribbean,A320neo,A320 Family,Ord,40,orders-and-deliveries-july-2026.xlsx
JETSMART (CHILE),CHILE,L,Latin America & Caribbean,A320neo,A320 Family,Del,21,orders-and-deliveries-july-2026.xlsx
JETSMART (CHILE),CHILE,L,Latin America & Caribbean,A320neo,A320 Family,Opr,29,orders-and-deliveries-july-2026.xlsx
JETSMART (CHILE),CHILE,L,Latin America & Caribbean,A321neo,A320 Family,Ord,58,orders-and-deliveries-july-2026.xlsx
JETSMART (CHILE),CHILE,L,Latin America & Caribbean,A321neo,A320 Family,Del,10,orders-and-deliveries-july-2026.xlsx
JETSMART (CHILE),CHILE,L,Latin America & Caribbean,A321neo,A320 Family,Opr,16,orders-and-deliveries-july-2026.xlsx
JETSTAR AIRWAYS,AUSTRALIA,A,Asia-Pacific,A320ceo,A320 Family,Opr,51,orders-and-deliveries-july-2026.xlsx
JETSTAR AIRWAYS,AUSTRALIA,A,Asia-Pacific,A320neo,A320 Family,Opr,5,orders-and-deliveries-july-2026.xlsx
JETSTAR AIRWAYS,AUSTRALIA,A,Asia-Pacific,A321ceo,A320 Family,Opr,6,orders-and-deliveries-july-2026.xlsx
JETSTAR AIRWAYS,AUSTRALIA,A,Asia-Pacific,A321neo,A320 Family,Opr,25,orders-and-deliveries-july-2026.xlsx
JETSTAR JAPAN,JAPAN,A,Asia-Pacific,A320ceo,A320 Family,Opr,22,orders-and-deliveries-july-2026.xlsx
JETSTAR JAPAN,JAPAN,A,Asia-Pacific,A321neo,A320 Family,Opr,3,orders-and-deliveries-july-2026.xlsx
JFS - JAPAN FLEET SERVICE,JAPAN,A,Asia-Pacific,A300,A300/A310,Ord,2,orders-and-deliveries-july-2026.xlsx
JFS - JAPAN FLEET SERVICE,JAPAN,A,Asia-Pacific,A300,A300/A310,Del,2,orders-and-deliveries-july-2026.xlsx
JIN AIR,SOUTH KOREA,A,Asia-Pacific,A321ceo,A320 Family,Opr,1,orders-and-deliveries-july-2026.xlsx
JORDAN AVIATION,JORDAN,M,Middle East,A320ceo,A320 Family,Opr,2,orders-and-deliveries-july-2026.xlsx
JORDAN AVIATION,JORDAN,M,Middle East,A330-200,A330,Opr,2,orders-and-deliveries-july-2026.xlsx
JSC NOVATEK,RUSSIAN FEDERATION,E,Europe and CIS,A321neo,A320 Family,Del,2,orders-and-deliveries-july-2026.xlsx
JUNEYAO AIR,CHINA,A,Asia-Pacific,A320ceo,A320 Family,Ord,19,orders-and-deliveries-july-2026.xlsx
JUNEYAO AIR,CHINA,A,Asia-Pacific,A320ceo,A320 Family,Del,19,orders-and-deliveries-july-2026.xlsx
JUNEYAO AIR,CHINA,A,Asia-Pacific,A320ceo,A320 Family,Opr,30,orders-and-deliveries-july-2026.xlsx
JUNEYAO AIR,CHINA,A,Asia-Pacific,A320neo,A320 Family,Ord,28,orders-and-deliveries-july-2026.xlsx
JUNEYAO AIR,CHINA,A,Asia-Pacific,A320neo,A320 Family,Del,15,orders-and-deliveries-july-2026.xlsx
JUNEYAO AIR,CHINA,A,Asia-Pacific,A320neo,A320 Family,Opr,22,orders-and-deliveries-july-2026.xlsx
JUNEYAO AIR,CHINA,A,Asia-Pacific,A321ceo,A320 Family,Ord,15,orders-and-deliveries-july-2026.xlsx
JUNEYAO AIR,CHINA,A,Asia-Pacific,A321ceo,A320 Family,Del,15,orders-and-deliveries-july-2026.xlsx
JUNEYAO AIR,CHINA,A,Asia-Pacific,A321ceo,A320 Family,Opr,27,orders-and-deliveries-july-2026.xlsx
JUNEYAO AIR,CHINA,A,Asia-Pacific,A321neo,A320 Family,Ord,25,orders-and-deliveries-july-2026.xlsx
JUNEYAO AIR,CHINA,A,Asia-Pacific,A321neo,A320 Family,Del,13,orders-and-deliveries-july-2026.xlsx
JUNEYAO AIR,CHINA,A,Asia-Pacific,A321neo,A320 Family,Opr,15,orders-and-deliveries-july-2026.xlsx
KAM AIR,AFGHANISTAN,M,Middle East,A340-200/300,A340,Opr,6,orders-and-deliveries-july-2026.xlsx
KAPAJET,GREECE,E,Europe and CIS,A320ceo,A320 Family,Opr,1,orders-and-deliveries-july-2026.xlsx
KAWASAKI LEASING INTERNATIONAL,JAPAN,A,Asia-Pacific,A320ceo,A320 Family,Ord,8,orders-and-deliveries-july-2026.xlsx
KAWASAKI LEASING INTERNATIONAL,JAPAN,A,Asia-Pacific,A320ceo,A320 Family,Del,8,orders-and-deliveries-july-2026.xlsx
KENYA AIRWAYS,KENYA,F,Africa,A310,A300/A310,Ord,2,orders-and-deliveries-july-2026.xlsx
KENYA AIRWAYS,KENYA,F,Africa,A310,A300/A310,Del,2,orders-and-deliveries-july-2026.xlsx
KINGFISHER AIRLINES,INDIA,A,Asia-Pacific,A320ceo,A320 Family,Ord,2,orders-and-deliveries-july-2026.xlsx
KINGFISHER AIRLINES,INDIA,A,Asia-Pacific,A320ceo,A320 Family,Del,2,orders-and-deliveries-july-2026.xlsx
KINGFISHER AIRLINES,INDIA,A,Asia-Pacific,A321ceo,A320 Family,Ord,6,orders-and-deliveries-july-2026.xlsx
KINGFISHER AIRLINES,INDIA,A,Asia-Pacific,A321ceo,A320 Family,Del,6,orders-and-deliveries-july-2026.xlsx
KINGFISHER AIRLINES,INDIA,A,Asia-Pacific,A330-200,A330,Ord,5,orders-and-deliveries-july-2026.xlsx
KINGFISHER AIRLINES,INDIA,A,Asia-Pacific,A330-200,A330,Del,5,orders-and-deliveries-july-2026.xlsx
KISH AIR,IRAN,M,Middle East,A321ceo,A320 Family,Opr,2,orders-and-deliveries-july-2026.xlsx
KLM ROYAL DUTCH AIRLINES,NETHERLANDS,E,Europe and CIS,A321neo,A320 Family,Ord,10,orders-and-deliveries-july-2026.xlsx
KLM ROYAL DUTCH AIRLINES,NETHERLANDS,E,Europe and CIS,A321neo,A320 Family,Del,10,orders-and-deliveries-july-2026.xlsx
KLM ROYAL DUTCH AIRLINES,NETHERLANDS,E,Europe and CIS,A321neo,A320 Family,Opr,17,orders-and-deliveries-july-2026.xlsx
KLM ROYAL DUTCH AIRLINES,NETHERLANDS,E,Europe and CIS,A310,A300/A310,Ord,10,orders-and-deliveries-july-2026.xlsx
KLM ROYAL DUTCH AIRLINES,NETHERLANDS,E,Europe and CIS,A310,A300/A310,Del,10,orders-and-deliveries-july-2026.xlsx
KLM ROYAL DUTCH AIRLINES,NETHERLANDS,E,Europe and CIS,A330-200,A330,Ord,7,orders-and-deliveries-july-2026.xlsx
KLM ROYAL DUTCH AIRLINES,NETHERLANDS,E,Europe and CIS,A330-200,A330,Del,7,orders-and-deliveries-july-2026.xlsx
KLM ROYAL DUTCH AIRLINES,NETHERLANDS,E,Europe and CIS,A330-200,A330,Opr,5,orders-and-deliveries-july-2026.xlsx
KLM ROYAL DUTCH AIRLINES,NETHERLANDS,E,Europe and CIS,A330-300,A330,Ord,1,orders-and-deliveries-july-2026.xlsx
KLM ROYAL DUTCH AIRLINES,NETHERLANDS,E,Europe and CIS,A330-300,A330,Del,1,orders-and-deliveries-july-2026.xlsx
KLM ROYAL DUTCH AIRLINES,NETHERLANDS,E,Europe and CIS,A330-300,A330,Opr,5,orders-and-deliveries-july-2026.xlsx
KM MALTA AIRLINES,MALTA,E,Europe and CIS,A320neo,A320 Family,Opr,8,orders-and-deliveries-july-2026.xlsx
KOREAN AIR,SOUTH KOREA,A,Asia-Pacific,A220-300,A220,Ord,10,orders-and-deliveries-july-2026.xlsx
KOREAN AIR,SOUTH KOREA,A,Asia-Pacific,A220-300,A220,Del,10,orders-and-deliveries-july-2026.xlsx
KOREAN AIR,SOUTH KOREA,A,Asia-Pacific,A220-300,A220,Opr,10,orders-and-deliveries-july-2026.xlsx
KOREAN AIR,SOUTH KOREA,A,Asia-Pacific,A321neo,A320 Family,Ord,56,orders-and-deliveries-july-2026.xlsx
KOREAN AIR,SOUTH KOREA,A,Asia-Pacific,A321neo,A320 Family,Del,20,orders-and-deliveries-july-2026.xlsx
KOREAN AIR,SOUTH KOREA,A,Asia-Pacific,A321neo,A320 Family,Opr,21,orders-and-deliveries-july-2026.xlsx
KOREAN AIR,SOUTH KOREA,A,Asia-Pacific,A300,A300/A310,Ord,32,orders-and-deliveries-july-2026.xlsx
KOREAN AIR,SOUTH KOREA,A,Asia-Pacific,A300,A300/A310,Del,32,orders-and-deliveries-july-2026.xlsx
KOREAN AIR,SOUTH KOREA,A,Asia-Pacific,A330-200,A330,Ord,8,orders-and-deliveries-july-2026.xlsx
KOREAN AIR,SOUTH KOREA,A,Asia-Pacific,A330-200,A330,Del,8,orders-and-deliveries-july-2026.xlsx
KOREAN AIR,SOUTH KOREA,A,Asia-Pacific,A330-300,A330,Ord,22,orders-and-deliveries-july-2026.xlsx
KOREAN AIR,SOUTH KOREA,A,Asia-Pacific,A330-300,A330,Del,22,orders-and-deliveries-july-2026.xlsx
KOREAN AIR,SOUTH KOREA,A,Asia-Pacific,A330-300,A330,Opr,17,orders-and-deliveries-july-2026.xlsx
KOREAN AIR,SOUTH KOREA,A,Asia-Pacific,A350F,A350,Ord,7,orders-and-deliveries-july-2026.xlsx
KOREAN AIR,SOUTH KOREA,A,Asia-Pacific,A350-900,A350,Ord,6,orders-and-deliveries-july-2026.xlsx
KOREAN AIR,SOUTH KOREA,A,Asia-Pacific,A350-900,A350,Del,3,orders-and-deliveries-july-2026.xlsx
KOREAN AIR,SOUTH KOREA,A,Asia-Pacific,A350-900,A350,Opr,3,orders-and-deliveries-july-2026.xlsx
KOREAN AIR,SOUTH KOREA,A,Asia-Pacific,A350-1000,A350,Ord,20,orders-and-deliveries-july-2026.xlsx
KOREAN AIR,SOUTH KOREA,A,Asia-Pacific,A380,A380,Ord,10,orders-and-deliveries-july-2026.xlsx
KOREAN AIR,SOUTH KOREA,A,Asia-Pacific,A380,A380,Del,10,orders-and-deliveries-july-2026.xlsx
KOREAN AIR,SOUTH KOREA,A,Asia-Pacific,A380,A380,Opr,5,orders-and-deliveries-july-2026.xlsx
KUWAIT AIRWAYS,KUWAIT,M,Middle East,A320ceo,A320 Family,Ord,3,orders-and-deliveries-july-2026.xlsx
KUWAIT AIRWAYS,KUWAIT,M,Middle East,A320ceo,A320 Family,Del,3,orders-and-deliveries-july-2026.xlsx
KUWAIT AIRWAYS,KUWAIT,M,Middle East,A320ceo,A320 Family,Opr,1,orders-and-deliveries-july-2026.xlsx
KUWAIT AIRWAYS,KUWAIT,M,Middle East,A320neo,A320 Family,Ord,9,orders-and-deliveries-july-2026.xlsx
KUWAIT AIRWAYS,KUWAIT,M,Middle East,A320neo,A320 Family,Del,9,orders-and-deliveries-july-2026.xlsx
KUWAIT AIRWAYS,KUWAIT,M,Middle East,A320neo,A320 Family,Opr,9,orders-and-deliveries-july-2026.xlsx
KUWAIT AIRWAYS,KUWAIT,M,Middle East,A321neo,A320 Family,Ord,9,orders-and-deliveries-july-2026.xlsx
KUWAIT AIRWAYS,KUWAIT,M,Middle East,A321neo,A320 Family,Del,3,orders-and-deliveries-july-2026.xlsx
KUWAIT AIRWAYS,KUWAIT,M,Middle East,A321neo,A320 Family,Opr,3,orders-and-deliveries-july-2026.xlsx
KUWAIT AIRWAYS,KUWAIT,M,Middle East,A300,A300/A310,Ord,8,orders-and-deliveries-july-2026.xlsx
KUWAIT AIRWAYS,KUWAIT,M,Middle East,A300,A300/A310,Del,8,orders-and-deliveries-july-2026.xlsx
KUWAIT AIRWAYS,KUWAIT,M,Middle East,A310,A300/A310,Ord,11,orders-and-deliveries-july-2026.xlsx
KUWAIT AIRWAYS,KUWAIT,M,Middle East,A310,A300/A310,Del,11,orders-and-deliveries-july-2026.xlsx
KUWAIT AIRWAYS,KUWAIT,M,Middle East,A330-800,A330,Ord,4,orders-and-deliveries-july-2026.xlsx
KUWAIT AIRWAYS,KUWAIT,M,Middle East,A330-800,A330,Del,4,orders-and-deliveries-july-2026.xlsx
KUWAIT AIRWAYS,KUWAIT,M,Middle East,A330-800,A330,Opr,4,orders-and-deliveries-july-2026.xlsx
KUWAIT AIRWAYS,KUWAIT,M,Middle East,A330-900,A330,Ord,7,orders-and-deliveries-july-2026.xlsx
KUWAIT AIRWAYS,KUWAIT,M,Middle East,A330-900,A330,Del,5,orders-and-deliveries-july-2026.xlsx
KUWAIT AIRWAYS,KUWAIT,M,Middle East,A330-900,A330,Opr,5,orders-and-deliveries-july-2026.xlsx
KUWAIT AIRWAYS,KUWAIT,M,Middle East,A340-200/300,A340,Ord,4,orders-and-deliveries-july-2026.xlsx
KUWAIT AIRWAYS,KUWAIT,M,Middle East,A340-200/300,A340,Del,4,orders-and-deliveries-july-2026.xlsx
KUWAIT AIRWAYS,KUWAIT,M,Middle East,A340-500/600,A340,Opr,2,orders-and-deliveries-july-2026.xlsx
KUWAIT AIRWAYS,KUWAIT,M,Middle East,A350-900,A350,Ord,2,orders-and-deliveries-july-2026.xlsx
LA COMPAGNIE,FRANCE,E,Europe and CIS,A321neo,A320 Family,Opr,2,orders-and-deliveries-july-2026.xlsx
LAKER AIRWAYS,UNITED KINGDOM,E,Europe and CIS,A300,A300/A310,Ord,3,orders-and-deliveries-july-2026.xlsx
LAKER AIRWAYS,UNITED KINGDOM,E,Europe and CIS,A300,A300/A310,Del,3,orders-and-deliveries-july-2026.xlsx
LAO AIRLINES,LAOS,A,Asia-Pacific,A320ceo,A320 Family,Ord,2,orders-and-deliveries-july-2026.xlsx
LAO AIRLINES,LAOS,A,Asia-Pacific,A320ceo,A320 Family,Del,2,orders-and-deliveries-july-2026.xlsx
LAO AIRLINES,LAOS,A,Asia-Pacific,A320ceo,A320 Family,Opr,4,orders-and-deliveries-july-2026.xlsx
LATAM AIRLINES BRASIL,BRAZIL,L,Latin America & Caribbean,A319ceo,A320 Family,Ord,25,orders-and-deliveries-july-2026.xlsx
LATAM AIRLINES BRASIL,BRAZIL,L,Latin America & Caribbean,A319ceo,A320 Family,Del,25,orders-and-deliveries-july-2026.xlsx
LATAM AIRLINES BRASIL,BRAZIL,L,Latin America & Caribbean,A319ceo,A320 Family,Opr,18,orders-and-deliveries-july-2026.xlsx
LATAM AIRLINES BRASIL,BRAZIL,L,Latin America & Caribbean,A320ceo,A320 Family,Ord,78,orders-and-deliveries-july-2026.xlsx
LATAM AIRLINES BRASIL,BRAZIL,L,Latin America & Caribbean,A320ceo,A320 Family,Del,78,orders-and-deliveries-july-2026.xlsx
LATAM AIRLINES BRASIL,BRAZIL,L,Latin America & Caribbean,A320ceo,A320 Family,Opr,57,orders-and-deliveries-july-2026.xlsx
LATAM AIRLINES BRASIL,BRAZIL,L,Latin America & Caribbean,A320neo,A320 Family,Opr,36,orders-and-deliveries-july-2026.xlsx
LATAM AIRLINES BRASIL,BRAZIL,L,Latin America & Caribbean,A321ceo,A320 Family,Ord,12,orders-and-deliveries-july-2026.xlsx
LATAM AIRLINES BRASIL,BRAZIL,L,Latin America & Caribbean,A321ceo,A320 Family,Del,12,orders-and-deliveries-july-2026.xlsx
LATAM AIRLINES BRASIL,BRAZIL,L,Latin America & Caribbean,A321ceo,A320 Family,Opr,31,orders-and-deliveries-july-2026.xlsx
LATAM AIRLINES BRASIL,BRAZIL,L,Latin America & Caribbean,A321neo,A320 Family,Opr,20,orders-and-deliveries-july-2026.xlsx
LATAM AIRLINES BRASIL,BRAZIL,L,Latin America & Caribbean,A330-200,A330,Ord,15,orders-and-deliveries-july-2026.xlsx
LATAM AIRLINES BRASIL,BRAZIL,L,Latin America & Caribbean,A330-200,A330,Del,15,orders-and-deliveries-july-2026.xlsx
LATAM AIRLINES GROUP,CHILE,L,Latin America & Caribbean,A318,A320 Family,Ord,15,orders-and-deliveries-july-2026.xlsx
LATAM AIRLINES GROUP,CHILE,L,Latin America & Caribbean,A318,A320 Family,Del,15,orders-and-deliveries-july-2026.xlsx
LATAM AIRLINES GROUP,CHILE,L,Latin America & Caribbean,A319ceo,A320 Family,Ord,26,orders-and-deliveries-july-2026.xlsx
LATAM AIRLINES GROUP,CHILE,L,Latin America & Caribbean,A319ceo,A320 Family,Del,26,orders-and-deliveries-july-2026.xlsx
LATAM AIRLINES GROUP,CHILE,L,Latin America & Caribbean,A319ceo,A320 Family,Opr,21,orders-and-deliveries-july-2026.xlsx
LATAM AIRLINES GROUP,CHILE,L,Latin America & Caribbean,A320ceo,A320 Family,Ord,68,orders-and-deliveries-july-2026.xlsx
LATAM AIRLINES GROUP,CHILE,L,Latin America & Caribbean,A320ceo,A320 Family,Del,68,orders-and-deliveries-july-2026.xlsx
LATAM AIRLINES GROUP,CHILE,L,Latin America & Caribbean,A320ceo,A320 Family,Opr,78,orders-and-deliveries-july-2026.xlsx
LATAM AIRLINES GROUP,CHILE,L,Latin America & Caribbean,A320neo,A320 Family,Ord,48,orders-and-deliveries-july-2026.xlsx
LATAM AIRLINES GROUP,CHILE,L,Latin America & Caribbean,A320neo,A320 Family,Del,37,orders-and-deliveries-july-2026.xlsx
LATAM AIRLINES GROUP,CHILE,L,Latin America & Caribbean,A320neo,A320 Family,Opr,24,orders-and-deliveries-july-2026.xlsx
LATAM AIRLINES GROUP,CHILE,L,Latin America & Caribbean,A321ceo,A320 Family,Ord,38,orders-and-deliveries-july-2026.xlsx
LATAM AIRLINES GROUP,CHILE,L,Latin America & Caribbean,A321ceo,A320 Family,Del,38,orders-and-deliveries-july-2026.xlsx
LATAM AIRLINES GROUP,CHILE,L,Latin America & Caribbean,A321ceo,A320 Family,Opr,18,orders-and-deliveries-july-2026.xlsx
LATAM AIRLINES GROUP,CHILE,L,Latin America & Caribbean,A321neo,A320 Family,Ord,65,orders-and-deliveries-july-2026.xlsx
LATAM AIRLINES GROUP,CHILE,L,Latin America & Caribbean,A321neo,A320 Family,Del,5,orders-and-deliveries-july-2026.xlsx
LATAM AIRLINES GROUP,CHILE,L,Latin America & Caribbean,A321neo,A320 Family,Opr,4,orders-and-deliveries-july-2026.xlsx
LATAM AIRLINES GROUP,CHILE,L,Latin America & Caribbean,A340-200/300,A340,Ord,4,orders-and-deliveries-july-2026.xlsx
LATAM AIRLINES GROUP,CHILE,L,Latin America & Caribbean,A340-200/300,A340,Del,4,orders-and-deliveries-july-2026.xlsx
LATAM AIRLINES GROUP,CHILE,L,Latin America & Caribbean,A350-900,A350,Ord,13,orders-and-deliveries-july-2026.xlsx
LATAM AIRLINES GROUP,CHILE,L,Latin America & Caribbean,A350-900,A350,Del,13,orders-and-deliveries-july-2026.xlsx
LAUDA EUROPE,MALTA,E,Europe and CIS,A320ceo,A320 Family,Opr,26,orders-and-deliveries-july-2026.xlsx
LEAF - LEASE AND FLY,MALTA,E,Europe and CIS,A340-200/300,A340,Opr,1,orders-and-deliveries-july-2026.xlsx
LEASE CORPORATION INTERNATIONAL,IRELAND,E,Europe and CIS,A330-300,A330,Ord,11,orders-and-deliveries-july-2026.xlsx
LEASE CORPORATION INTERNATIONAL,IRELAND,E,Europe and CIS,A330-300,A330,Del,11,orders-and-deliveries-july-2026.xlsx
LEAV AVIATION,GERMANY,E,Europe and CIS,A320ceo,A320 Family,Opr,3,orders-and-deliveries-july-2026.xlsx
LEGEND AIRLINES,ROMANIA,E,Europe and CIS,A340-200/300,A340,Opr,2,orders-and-deliveries-july-2026.xlsx
LEISURE INTERNATIONAL AIRWAYS,UNITED KINGDOM,E,Europe and CIS,A321ceo,A320 Family,Ord,2,orders-and-deliveries-july-2026.xlsx
LEISURE INTERNATIONAL AIRWAYS,UNITED KINGDOM,E,Europe and CIS,A321ceo,A320 Family,Del,2,orders-and-deliveries-july-2026.xlsx
LERNER ENTERPRISES,UNITED STATES OF AMERICA,N,North America,A319ceo,A320 Family,Ord,1,orders-and-deliveries-july-2026.xlsx
LERNER ENTERPRISES,UNITED STATES OF AMERICA,N,North America,A319ceo,A320 Family,Del,1,orders-and-deliveries-july-2026.xlsx
LEVEL SPAIN,SPAIN,E,Europe and CIS,A330-200,A330,Opr,7,orders-and-deliveries-july-2026.xlsx
LEVU AIRCARGO,BRAZIL,L,Latin America & Caribbean,A321ceo,A320 Family,Opr,1,orders-and-deliveries-july-2026.xlsx
LIBYAN AIRLINES,LIBYA,F,Africa,A320ceo,A320 Family,Ord,7,orders-and-deliveries-july-2026.xlsx
LIBYAN AIRLINES,LIBYA,F,Africa,A320ceo,A320 Family,Del,7,orders-and-deliveries-july-2026.xlsx
LIBYAN AIRLINES,LIBYA,F,Africa,A320ceo,A320 Family,Opr,3,orders-and-deliveries-july-2026.xlsx
LIBYAN AIRLINES,LIBYA,F,Africa,A330-200,A330,Ord,4,orders-and-deliveries-july-2026.xlsx
LIBYAN AIRLINES,LIBYA,F,Africa,A330-200,A330,Del,4,orders-and-deliveries-july-2026.xlsx
LIBYAN AIRLINES,LIBYA,F,Africa,A330-200,A330,Opr,2,orders-and-deliveries-july-2026.xlsx
LIBYAN AIRLINES,LIBYA,F,Africa,A350-900,A350,Ord,6,orders-and-deliveries-july-2026.xlsx
LIBYAN WINGS,LIBYA,F,Africa,A319ceo,A320 Family,Opr,4,orders-and-deliveries-july-2026.xlsx
LION AIR,INDONESIA,A,Asia-Pacific,A320ceo,A320 Family,Ord,44,orders-and-deliveries-july-2026.xlsx
LION AIR,INDONESIA,A,Asia-Pacific,A320ceo,A320 Family,Del,44,orders-and-deliveries-july-2026.xlsx
LION AIR,INDONESIA,A,Asia-Pacific,A320neo,A320 Family,Ord,113,orders-and-deliveries-july-2026.xlsx
LION AIR,INDONESIA,A,Asia-Pacific,A320neo,A320 Family,Del,1,orders-and-deliveries-july-2026.xlsx
LION AIR,INDONESIA,A,Asia-Pacific,A321neo,A320 Family,Ord,65,orders-and-deliveries-july-2026.xlsx
LION AIR,INDONESIA,A,Asia-Pacific,A330-300,A330,Ord,6,orders-and-deliveries-july-2026.xlsx
LION AIR,INDONESIA,A,Asia-Pacific,A330-300,A330,Del,6,orders-and-deliveries-july-2026.xlsx
LION AIR,INDONESIA,A,Asia-Pacific,A330-300,A330,Opr,4,orders-and-deliveries-july-2026.xlsx
LION AIR,INDONESIA,A,Asia-Pacific,A330-900,A330,Ord,2,orders-and-deliveries-july-2026.xlsx
LION AIR,INDONESIA,A,Asia-Pacific,A330-900,A330,Del,2,orders-and-deliveries-july-2026.xlsx
LION AIR,INDONESIA,A,Asia-Pacific,A330-900,A330,Opr,8,orders-and-deliveries-july-2026.xlsx
LONGJIANG AIRLINES,CHINA,A,Asia-Pacific,A320ceo,A320 Family,Opr,8,orders-and-deliveries-july-2026.xlsx
LONGJIANG AIRLINES,CHINA,A,Asia-Pacific,A321ceo,A320 Family,Opr,3,orders-and-deliveries-july-2026.xlsx
LOONG AIR,CHINA,A,Asia-Pacific,A319ceo,A320 Family,Opr,1,orders-and-deliveries-july-2026.xlsx
LOONG AIR,CHINA,A,Asia-Pacific,A320ceo,A320 Family,Ord,11,orders-and-deliveries-july-2026.xlsx
LOONG AIR,CHINA,A,Asia-Pacific,A320ceo,A320 Family,Del,11,orders-and-deliveries-july-2026.xlsx
LOONG AIR,CHINA,A,Asia-Pacific,A320ceo,A320 Family,Opr,27,orders-and-deliveries-july-2026.xlsx
LOONG AIR,CHINA,A,Asia-Pacific,A320neo,A320 Family,Ord,9,orders-and-deliveries-july-2026.xlsx
LOONG AIR,CHINA,A,Asia-Pacific,A320neo,A320 Family,Del,9,orders-and-deliveries-july-2026.xlsx
LOONG AIR,CHINA,A,Asia-Pacific,A320neo,A320 Family,Opr,37,orders-and-deliveries-july-2026.xlsx
LOONG AIR,CHINA,A,Asia-Pacific,A321neo,A320 Family,Opr,12,orders-and-deliveries-july-2026.xlsx
LOT POLISH AIRLINES,POLAND,E,Europe and CIS,A220-100,A220,Ord,20,orders-and-deliveries-july-2026.xlsx
LOT POLISH AIRLINES,POLAND,E,Europe and CIS,A220-300,A220,Ord,20,orders-and-deliveries-july-2026.xlsx
LOTUS AIR,EGYPT,F,Africa,A320ceo,A320 Family,Ord,1,orders-and-deliveries-july-2026.xlsx
LOTUS AIR,EGYPT,F,Africa,A320ceo,A320 Family,Del,1,orders-and-deliveries-july-2026.xlsx
LTU,GERMANY,E,Europe and CIS,A320ceo,A320 Family,Ord,4,orders-and-deliveries-july-2026.xlsx
LTU,GERMANY,E,Europe and CIS,A320ceo,A320 Family,Del,4,orders-and-deliveries-july-2026.xlsx
LTU,GERMANY,E,Europe and CIS,A321ceo,A320 Family,Ord,2,orders-and-deliveries-july-2026.xlsx
LTU,GERMANY,E,Europe and CIS,A321ceo,A320 Family,Del,2,orders-and-deliveries-july-2026.xlsx
LTU,GERMANY,E,Europe and CIS,A330-300,A330,Ord,5,orders-and-deliveries-july-2026.xlsx
LTU,GERMANY,E,Europe and CIS,A330-300,A330,Del,5,orders-and-deliveries-july-2026.xlsx
LUCKY AIR,CHINA,A,Asia-Pacific,A320ceo,A320 Family,Opr,6,orders-and-deliveries-july-2026.xlsx
LUCKY AIR,CHINA,A,Asia-Pacific,A320neo,A320 Family,Opr,6,orders-and-deliveries-july-2026.xlsx
LUCKY AIR,CHINA,A,Asia-Pacific,A321neo,A320 Family,Opr,3,orders-and-deliveries-july-2026.xlsx
LUCKY AIR,CHINA,A,Asia-Pacific,A330-300,A330,Opr,4,orders-and-deliveries-july-2026.xlsx
LUFTHANSA,GERMANY,E,Europe and CIS,A220-300,A220,Ord,40,orders-and-deliveries-july-2026.xlsx
LUFTHANSA,GERMANY,E,Europe and CIS,A319ceo,A320 Family,Ord,30,orders-and-deliveries-july-2026.xlsx
LUFTHANSA,GERMANY,E,Europe and CIS,A319ceo,A320 Family,Del,30,orders-and-deliveries-july-2026.xlsx
LUFTHANSA,GERMANY,E,Europe and CIS,A319ceo,A320 Family,Opr,23,orders-and-deliveries-july-2026.xlsx
LUFTHANSA,GERMANY,E,Europe and CIS,A320ceo,A320 Family,Ord,123,orders-and-deliveries-july-2026.xlsx
LUFTHANSA,GERMANY,E,Europe and CIS,A320ceo,A320 Family,Del,123,orders-and-deliveries-july-2026.xlsx
LUFTHANSA,GERMANY,E,Europe and CIS,A320ceo,A320 Family,Opr,45,orders-and-deliveries-july-2026.xlsx
LUFTHANSA,GERMANY,E,Europe and CIS,A320neo,A320 Family,Ord,85,orders-and-deliveries-july-2026.xlsx
LUFTHANSA,GERMANY,E,Europe and CIS,A320neo,A320 Family,Del,63,orders-and-deliveries-july-2026.xlsx
LUFTHANSA,GERMANY,E,Europe and CIS,A320neo,A320 Family,Opr,27,orders-and-deliveries-july-2026.xlsx
LUFTHANSA,GERMANY,E,Europe and CIS,A321ceo,A320 Family,Ord,64,orders-and-deliveries-july-2026.xlsx
LUFTHANSA,GERMANY,E,Europe and CIS,A321ceo,A320 Family,Del,64,orders-and-deliveries-july-2026.xlsx
LUFTHANSA,GERMANY,E,Europe and CIS,A321ceo,A320 Family,Opr,54,orders-and-deliveries-july-2026.xlsx
LUFTHANSA,GERMANY,E,Europe and CIS,A321neo,A320 Family,Ord,39,orders-and-deliveries-july-2026.xlsx
LUFTHANSA,GERMANY,E,Europe and CIS,A321neo,A320 Family,Del,25,orders-and-deliveries-july-2026.xlsx
LUFTHANSA,GERMANY,E,Europe and CIS,A321neo,A320 Family,Opr,20,orders-and-deliveries-july-2026.xlsx
LUFTHANSA,GERMANY,E,Europe and CIS,A300,A300/A310,Ord,23,orders-and-deliveries-july-2026.xlsx
LUFTHANSA,GERMANY,E,Europe and CIS,A300,A300/A310,Del,23,orders-and-deliveries-july-2026.xlsx
LUFTHANSA,GERMANY,E,Europe and CIS,A310,A300/A310,Ord,20,orders-and-deliveries-july-2026.xlsx
LUFTHANSA,GERMANY,E,Europe and CIS,A310,A300/A310,Del,20,orders-and-deliveries-july-2026.xlsx
LUFTHANSA,GERMANY,E,Europe and CIS,A330-300,A330,Ord,19,orders-and-deliveries-july-2026.xlsx
LUFTHANSA,GERMANY,E,Europe and CIS,A330-300,A330,Del,19,orders-and-deliveries-july-2026.xlsx
LUFTHANSA,GERMANY,E,Europe and CIS,A330-300,A330,Opr,5,orders-and-deliveries-july-2026.xlsx
LUFTHANSA,GERMANY,E,Europe and CIS,A340-200/300,A340,Ord,35,orders-and-deliveries-july-2026.xlsx
LUFTHANSA,GERMANY,E,Europe and CIS,A340-200/300,A340,Del,35,orders-and-deliveries-july-2026.xlsx
LUFTHANSA,GERMANY,E,Europe and CIS,A340-200/300,A340,Opr,16,orders-and-deliveries-july-2026.xlsx
LUFTHANSA,GERMANY,E,Europe and CIS,A340-500/600,A340,Ord,24,orders-and-deliveries-july-2026.xlsx
LUFTHANSA,GERMANY,E,Europe and CIS,A340-500/600,A340,Del,24,orders-and-deliveries-july-2026.xlsx
LUFTHANSA,GERMANY,E,Europe and CIS,A340-500/600,A340,Opr,5,orders-and-deliveries-july-2026.xlsx
LUFTHANSA,GERMANY,E,Europe and CIS,A350-900,A350,Ord,60,orders-and-deliveries-july-2026.xlsx
LUFTHANSA,GERMANY,E,Europe and CIS,A350-900,A350,Del,29,orders-and-deliveries-july-2026.xlsx
LUFTHANSA,GERMANY,E,Europe and CIS,A350-900,A350,Opr,31,orders-and-deliveries-july-2026.xlsx
LUFTHANSA,GERMANY,E,Europe and CIS,A350-1000,A350,Ord,15,orders-and-deliveries-july-2026.xlsx
LUFTHANSA,GERMANY,E,Europe and CIS,A380,A380,Ord,14,orders-and-deliveries-july-2026.xlsx
LUFTHANSA,GERMANY,E,Europe and CIS,A380,A380,Del,14,orders-and-deliveries-july-2026.xlsx
LUFTHANSA,GERMANY,E,Europe and CIS,A380,A380,Opr,8,orders-and-deliveries-july-2026.xlsx
LUFTHANSA CITY AIRLINES,GERMANY,E,Europe and CIS,A319ceo,A320 Family,Opr,16,orders-and-deliveries-july-2026.xlsx
LUFTHANSA CITY AIRLINES,GERMANY,E,Europe and CIS,A320neo,A320 Family,Opr,15,orders-and-deliveries-july-2026.xlsx
LUFTHANSA CITY AIRLINES,GERMANY,E,Europe and CIS,A321ceo,A320 Family,Opr,4,orders-and-deliveries-july-2026.xlsx
MAB LEASING,MALAYSIA,A,Asia-Pacific,A330-900,A330,Ord,20,orders-and-deliveries-july-2026.xlsx
MACQUARIE AIRFINANCE (US),UNITED STATES OF AMERICA,N,North America,A319ceo,A320 Family,Ord,1,orders-and-deliveries-july-2026.xlsx
MACQUARIE AIRFINANCE (US),UNITED STATES OF AMERICA,N,North America,A319ceo,A320 Family,Del,1,orders-and-deliveries-july-2026.xlsx
MACQUARIE AIRFINANCE (US),UNITED STATES OF AMERICA,N,North America,A320ceo,A320 Family,Ord,36,orders-and-deliveries-july-2026.xlsx
MACQUARIE AIRFINANCE (US),UNITED STATES OF AMERICA,N,North America,A320ceo,A320 Family,Del,36,orders-and-deliveries-july-2026.xlsx
MACQUARIE AIRFINANCE (US),UNITED STATES OF AMERICA,N,North America,A321ceo,A320 Family,Ord,7,orders-and-deliveries-july-2026.xlsx
MACQUARIE AIRFINANCE (US),UNITED STATES OF AMERICA,N,North America,A321ceo,A320 Family,Del,7,orders-and-deliveries-july-2026.xlsx
MACQUARIE FINANCIAL HOLDINGS,AUSTRALIA,A,Asia-Pacific,A220-300,A220,Ord,17,orders-and-deliveries-july-2026.xlsx
MACQUARIE FINANCIAL HOLDINGS,AUSTRALIA,A,Asia-Pacific,A220-300,A220,Del,5,orders-and-deliveries-july-2026.xlsx
MACQUARIE FINANCIAL HOLDINGS,AUSTRALIA,A,Asia-Pacific,A320neo,A320 Family,Ord,20,orders-and-deliveries-july-2026.xlsx
MACQUARIE FINANCIAL HOLDINGS,AUSTRALIA,A,Asia-Pacific,A320neo,A320 Family,Del,11,orders-and-deliveries-july-2026.xlsx
MAHAN AIR,IRAN,M,Middle East,A300,A300/A310,Opr,6,orders-and-deliveries-july-2026.xlsx
MAHAN AIR,IRAN,M,Middle East,A310,A300/A310,Opr,8,orders-and-deliveries-july-2026.xlsx
MAHAN AIR,IRAN,M,Middle East,A340-200/300,A340,Opr,12,orders-and-deliveries-july-2026.xlsx
MAHAN AIR,IRAN,M,Middle East,A340-500/600,A340,Opr,7,orders-and-deliveries-july-2026.xlsx
MALAYSIA AIRLINES,MALAYSIA,A,Asia-Pacific,A300,A300/A310,Ord,4,orders-and-deliveries-july-2026.xlsx
MALAYSIA AIRLINES,MALAYSIA,A,Asia-Pacific,A300,A300/A310,Del,4,orders-and-deliveries-july-2026.xlsx
MALAYSIA AIRLINES,MALAYSIA,A,Asia-Pacific,A330-200,A330,Opr,3,orders-and-deliveries-july-2026.xlsx
MALAYSIA AIRLINES,MALAYSIA,A,Asia-Pacific,A330-200F,A330,Ord,4,orders-and-deliveries-july-2026.xlsx
MALAYSIA AIRLINES,MALAYSIA,A,Asia-Pacific,A330-200F,A330,Del,4,orders-and-deliveries-july-2026.xlsx
MALAYSIA AIRLINES,MALAYSIA,A,Asia-Pacific,A330-200F,A330,Opr,3,orders-and-deliveries-july-2026.xlsx
MALAYSIA AIRLINES,MALAYSIA,A,Asia-Pacific,A330-300,A330,Ord,25,orders-and-deliveries-july-2026.xlsx
MALAYSIA AIRLINES,MALAYSIA,A,Asia-Pacific,A330-300,A330,Del,25,orders-and-deliveries-july-2026.xlsx
MALAYSIA AIRLINES,MALAYSIA,A,Asia-Pacific,A330-300,A330,Opr,13,orders-and-deliveries-july-2026.xlsx
MALAYSIA AIRLINES,MALAYSIA,A,Asia-Pacific,A330-900,A330,Opr,10,orders-and-deliveries-july-2026.xlsx
MALAYSIA AIRLINES,MALAYSIA,A,Asia-Pacific,A350-900,A350,Opr,7,orders-and-deliveries-july-2026.xlsx
MALAYSIA AIRLINES,MALAYSIA,A,Asia-Pacific,A380,A380,Ord,6,orders-and-deliveries-july-2026.xlsx
MALAYSIA AIRLINES,MALAYSIA,A,Asia-Pacific,A380,A380,Del,6,orders-and-deliveries-july-2026.xlsx
MALDIVIAN,MALDIVES,A,Asia-Pacific,A320ceo,A320 Family,Opr,1,orders-and-deliveries-july-2026.xlsx
MALDIVIAN,MALDIVES,A,Asia-Pacific,A330-200,A330,Opr,1,orders-and-deliveries-july-2026.xlsx
MALTA MEDAIR,MALTA,E,Europe and CIS,A320ceo,A320 Family,Opr,3,orders-and-deliveries-july-2026.xlsx
MALTA MEDAIR,MALTA,E,Europe and CIS,A320neo,A320 Family,Ord,3,orders-and-deliveries-july-2026.xlsx
MALTA MEDAIR,MALTA,E,Europe and CIS,A320neo,A320 Family,Del,3,orders-and-deliveries-july-2026.xlsx
MARABU AIRLINES,ESTONIA,E,Europe and CIS,A320neo,A320 Family,Opr,12,orders-and-deliveries-july-2026.xlsx
MARTINAIR,NETHERLANDS,E,Europe and CIS,A310,A300/A310,Ord,2,orders-and-deliveries-july-2026.xlsx
MARTINAIR,NETHERLANDS,E,Europe and CIS,A310,A300/A310,Del,2,orders-and-deliveries-july-2026.xlsx
MARTINAIR,NETHERLANDS,E,Europe and CIS,A350F,A350,Ord,3,orders-and-deliveries-july-2026.xlsx
MASAIR,MEXICO,L,Latin America & Caribbean,A330-200,A330,Opr,2,orders-and-deliveries-july-2026.xlsx
MASAIR,MEXICO,L,Latin America & Caribbean,A330-300,A330,Opr,1,orders-and-deliveries-july-2026.xlsx
MEDSKY AIRWAYS,LIBYA,F,Africa,A320ceo,A320 Family,Opr,1,orders-and-deliveries-july-2026.xlsx
MERAJ AIR,IRAN,M,Middle East,A319ceo,A320 Family,Opr,2,orders-and-deliveries-july-2026.xlsx
MERAJ AIR,IRAN,M,Middle East,A320ceo,A320 Family,Opr,4,orders-and-deliveries-july-2026.xlsx
MERAJ AIR,IRAN,M,Middle East,A321ceo,A320 Family,Opr,3,orders-and-deliveries-july-2026.xlsx
MERAJ AIR,IRAN,M,Middle East,A300,A300/A310,Opr,2,orders-and-deliveries-july-2026.xlsx
MERIDIAN AIR COMPANY,RUSSIAN FEDERATION,E,Europe and CIS,A320ceo,A320 Family,Opr,1,orders-and-deliveries-july-2026.xlsx
MERIDIAN AVIATION PARTNERS LIMITED,IRELAND,E,Europe and CIS,A330-300,A330,Ord,6,orders-and-deliveries-july-2026.xlsx
MERIDIAN AVIATION PARTNERS LIMITED,IRELAND,E,Europe and CIS,A330-300,A330,Del,6,orders-and-deliveries-july-2026.xlsx
MEXICANA DE AVIACION,MEXICO,L,Latin America & Caribbean,A320ceo,A320 Family,Ord,16,orders-and-deliveries-july-2026.xlsx
MEXICANA DE AVIACION,MEXICO,L,Latin America & Caribbean,A320ceo,A320 Family,Del,12,orders-and-deliveries-july-2026.xlsx
MG AVIATION,HONG KONG,A,Asia-Pacific,A330-900,A330,Ord,2,orders-and-deliveries-july-2026.xlsx
MG AVIATION,HONG KONG,A,Asia-Pacific,A330-900,A330,Del,2,orders-and-deliveries-july-2026.xlsx
MIDDLE EAST AIRLINES,LEBANON,M,Middle East,A320ceo,A320 Family,Ord,7,orders-and-deliveries-july-2026.xlsx
MIDDLE EAST AIRLINES,LEBANON,M,Middle East,A320ceo,A320 Family,Del,7,orders-and-deliveries-july-2026.xlsx
MIDDLE EAST AIRLINES,LEBANON,M,Middle East,A320ceo,A320 Family,Opr,10,orders-and-deliveries-july-2026.xlsx
MIDDLE EAST AIRLINES,LEBANON,M,Middle East,A321ceo,A320 Family,Ord,6,orders-and-deliveries-july-2026.xlsx
MIDDLE EAST AIRLINES,LEBANON,M,Middle East,A321ceo,A320 Family,Del,6,orders-and-deliveries-july-2026.xlsx
MIDDLE EAST AIRLINES,LEBANON,M,Middle East,A321neo,A320 Family,Ord,15,orders-and-deliveries-july-2026.xlsx
MIDDLE EAST AIRLINES,LEBANON,M,Middle East,A321neo,A320 Family,Del,10,orders-and-deliveries-july-2026.xlsx
MIDDLE EAST AIRLINES,LEBANON,M,Middle East,A321neo,A320 Family,Opr,10,orders-and-deliveries-july-2026.xlsx
MIDDLE EAST AIRLINES,LEBANON,M,Middle East,A330-200,A330,Ord,5,orders-and-deliveries-july-2026.xlsx
MIDDLE EAST AIRLINES,LEBANON,M,Middle East,A330-200,A330,Del,5,orders-and-deliveries-july-2026.xlsx
MIDDLE EAST AIRLINES,LEBANON,M,Middle East,A330-200,A330,Opr,4,orders-and-deliveries-july-2026.xlsx
MIDDLE EAST AIRLINES,LEBANON,M,Middle East,A330-900,A330,Ord,4,orders-and-deliveries-july-2026.xlsx
MNG AIRLINES CARGO,TURKEY,E,Europe and CIS,A321ceo,A320 Family,Opr,2,orders-and-deliveries-july-2026.xlsx
MNG AIRLINES CARGO,TURKEY,E,Europe and CIS,A300,A300/A310,Opr,1,orders-and-deliveries-july-2026.xlsx
MNG AIRLINES CARGO,TURKEY,E,Europe and CIS,A330-200F,A330,Ord,1,orders-and-deliveries-july-2026.xlsx
MNG AIRLINES CARGO,TURKEY,E,Europe and CIS,A330-200F,A330,Del,1,orders-and-deliveries-july-2026.xlsx
MNG AIRLINES CARGO,TURKEY,E,Europe and CIS,A330-200F,A330,Opr,2,orders-and-deliveries-july-2026.xlsx
MNG AIRLINES CARGO,TURKEY,E,Europe and CIS,A330-300,A330,Opr,4,orders-and-deliveries-july-2026.xlsx
MNG AIRLINES CARGO,TURKEY,E,Europe and CIS,A350F,A350,Ord,2,orders-and-deliveries-july-2026.xlsx
MONARCH AIRLINES,UNITED KINGDOM,E,Europe and CIS,A320ceo,A320 Family,Ord,2,orders-and-deliveries-july-2026.xlsx
MONARCH AIRLINES,UNITED KINGDOM,E,Europe and CIS,A320ceo,A320 Family,Del,2,orders-and-deliveries-july-2026.xlsx
MONARCH AIRLINES,UNITED KINGDOM,E,Europe and CIS,A321ceo,A320 Family,Ord,7,orders-and-deliveries-july-2026.xlsx
MONARCH AIRLINES,UNITED KINGDOM,E,Europe and CIS,A321ceo,A320 Family,Del,7,orders-and-deliveries-july-2026.xlsx
MONARCH AIRLINES,UNITED KINGDOM,E,Europe and CIS,A300,A300/A310,Ord,4,orders-and-deliveries-july-2026.xlsx
MONARCH AIRLINES,UNITED KINGDOM,E,Europe and CIS,A300,A300/A310,Del,4,orders-and-deliveries-july-2026.xlsx
MONARCH AIRLINES,UNITED KINGDOM,E,Europe and CIS,A330-200,A330,Ord,2,orders-and-deliveries-july-2026.xlsx
MONARCH AIRLINES,UNITED KINGDOM,E,Europe and CIS,A330-200,A330,Del,2,orders-and-deliveries-july-2026.xlsx
MONGOLIAN AIRWAYS INTERNATIONAL,MONGOLIA,A,Asia-Pacific,A320ceo,A320 Family,Opr,2,orders-and-deliveries-july-2026.xlsx
MUKHTARA AIR,INDONESIA,A,Asia-Pacific,A320ceo,A320 Family,Opr,1,orders-and-deliveries-july-2026.xlsx
MUKHTARA AIR,INDONESIA,A,Asia-Pacific,A330-300,A330,Opr,1,orders-and-deliveries-july-2026.xlsx
MYANMAR AIRWAYS INTERNATIONAL,BURMA,A,Asia-Pacific,A319ceo,A320 Family,Opr,6,orders-and-deliveries-july-2026.xlsx
MYANMAR AIRWAYS INTERNATIONAL,BURMA,A,Asia-Pacific,A320ceo,A320 Family,Opr,2,orders-and-deliveries-july-2026.xlsx
MY FREIGHTER,UZBEKISTAN,E,Europe and CIS,A319neo,A320 Family,Opr,1,orders-and-deliveries-july-2026.xlsx
MY FREIGHTER,UZBEKISTAN,E,Europe and CIS,A320ceo,A320 Family,Opr,6,orders-and-deliveries-july-2026.xlsx
MY FREIGHTER,UZBEKISTAN,E,Europe and CIS,A320neo,A320 Family,Opr,2,orders-and-deliveries-july-2026.xlsx
MY FREIGHTER,UZBEKISTAN,E,Europe and CIS,A321neo,A320 Family,Opr,4,orders-and-deliveries-july-2026.xlsx
MY FREIGHTER,UZBEKISTAN,E,Europe and CIS,A330-300,A330,Opr,4,orders-and-deliveries-july-2026.xlsx
MYTRAVEL AIRWAYS,UNITED KINGDOM,E,Europe and CIS,A321ceo,A320 Family,Ord,4,orders-and-deliveries-july-2026.xlsx
MYTRAVEL AIRWAYS,UNITED KINGDOM,E,Europe and CIS,A321ceo,A320 Family,Del,4,orders-and-deliveries-july-2026.xlsx
MYTRAVEL AIRWAYS,UNITED KINGDOM,E,Europe and CIS,A330-200,A330,Ord,4,orders-and-deliveries-july-2026.xlsx
MYTRAVEL AIRWAYS,UNITED KINGDOM,E,Europe and CIS,A330-200,A330,Del,4,orders-and-deliveries-july-2026.xlsx
MYTRAVEL AIRWAYS,UNITED KINGDOM,E,Europe and CIS,A330-300,A330,Ord,3,orders-and-deliveries-july-2026.xlsx
MYTRAVEL AIRWAYS,UNITED KINGDOM,E,Europe and CIS,A330-300,A330,Del,3,orders-and-deliveries-july-2026.xlsx
NACIL - INDIAN AIRLINES,INDIA,A,Asia-Pacific,A319ceo,A320 Family,Ord,19,orders-and-deliveries-july-2026.xlsx
NACIL - INDIAN AIRLINES,INDIA,A,Asia-Pacific,A319ceo,A320 Family,Del,19,orders-and-deliveries-july-2026.xlsx
NACIL - INDIAN AIRLINES,INDIA,A,Asia-Pacific,A320ceo,A320 Family,Ord,35,orders-and-deliveries-july-2026.xlsx
NACIL - INDIAN AIRLINES,INDIA,A,Asia-Pacific,A320ceo,A320 Family,Del,35,orders-and-deliveries-july-2026.xlsx
NACIL - INDIAN AIRLINES,INDIA,A,Asia-Pacific,A321ceo,A320 Family,Ord,20,orders-and-deliveries-july-2026.xlsx
NACIL - INDIAN AIRLINES,INDIA,A,Asia-Pacific,A321ceo,A320 Family,Del,20,orders-and-deliveries-july-2026.xlsx
NACIL - INDIAN AIRLINES,INDIA,A,Asia-Pacific,A300,A300/A310,Ord,10,orders-and-deliveries-july-2026.xlsx
NACIL - INDIAN AIRLINES,INDIA,A,Asia-Pacific,A300,A300/A310,Del,10,orders-and-deliveries-july-2026.xlsx
NAS AVIATION SERVICES,UNITED STATES OF AMERICA,N,North America,A318,A320 Family,Ord,12,orders-and-deliveries-july-2026.xlsx
NAS AVIATION SERVICES,UNITED STATES OF AMERICA,N,North America,A318,A320 Family,Del,12,orders-and-deliveries-july-2026.xlsx
NAS AVIATION SERVICES,UNITED STATES OF AMERICA,N,North America,A319ceo,A320 Family,Ord,69,orders-and-deliveries-july-2026.xlsx
NAS AVIATION SERVICES,UNITED STATES OF AMERICA,N,North America,A319ceo,A320 Family,Del,69,orders-and-deliveries-july-2026.xlsx
NAS AVIATION SERVICES,UNITED STATES OF AMERICA,N,North America,A320ceo,A320 Family,Ord,236,orders-and-deliveries-july-2026.xlsx
NAS AVIATION SERVICES,UNITED STATES OF AMERICA,N,North America,A320ceo,A320 Family,Del,236,orders-and-deliveries-july-2026.xlsx
NAS AVIATION SERVICES,UNITED STATES OF AMERICA,N,North America,A320neo,A320 Family,Ord,153,orders-and-deliveries-july-2026.xlsx
NAS AVIATION SERVICES,UNITED STATES OF AMERICA,N,North America,A320neo,A320 Family,Del,99,orders-and-deliveries-july-2026.xlsx
NAS AVIATION SERVICES,UNITED STATES OF AMERICA,N,North America,A321ceo,A320 Family,Ord,38,orders-and-deliveries-july-2026.xlsx
NAS AVIATION SERVICES,UNITED STATES OF AMERICA,N,North America,A321ceo,A320 Family,Del,38,orders-and-deliveries-july-2026.xlsx
NAS AVIATION SERVICES,UNITED STATES OF AMERICA,N,North America,A321neo,A320 Family,Ord,248,orders-and-deliveries-july-2026.xlsx
NAS AVIATION SERVICES,UNITED STATES OF AMERICA,N,North America,A321neo,A320 Family,Del,85,orders-and-deliveries-july-2026.xlsx
NAS AVIATION SERVICES,UNITED STATES OF AMERICA,N,North America,A330-200,A330,Ord,21,orders-and-deliveries-july-2026.xlsx
NAS AVIATION SERVICES,UNITED STATES OF AMERICA,N,North America,A330-200,A330,Del,21,orders-and-deliveries-july-2026.xlsx
NAS AVIATION SERVICES,UNITED STATES OF AMERICA,N,North America,A330-300,A330,Ord,12,orders-and-deliveries-july-2026.xlsx
NAS AVIATION SERVICES,UNITED STATES OF AMERICA,N,North America,A330-300,A330,Del,12,orders-and-deliveries-july-2026.xlsx
NAS AVIATION SERVICES,UNITED STATES OF AMERICA,N,North America,A330-900,A330,Ord,12,orders-and-deliveries-july-2026.xlsx
NAS AVIATION SERVICES,UNITED STATES OF AMERICA,N,North America,A330-900,A330,Del,12,orders-and-deliveries-july-2026.xlsx
NATIONAL AIRLINES,UNITED STATES OF AMERICA,N,North America,A330-200,A330,Opr,2,orders-and-deliveries-july-2026.xlsx
NATIONAL AIRLINES,UNITED STATES OF AMERICA,N,North America,A330-300,A330,Opr,1,orders-and-deliveries-july-2026.xlsx
NATIONAL JET SYSTEMS,AUSTRALIA,A,Asia-Pacific,A220-300,A220,Opr,13,orders-and-deliveries-july-2026.xlsx
NEPAL AIRLINES,NEPAL,A,Asia-Pacific,A320ceo,A320 Family,Ord,2,orders-and-deliveries-july-2026.xlsx
NEPAL AIRLINES,NEPAL,A,Asia-Pacific,A320ceo,A320 Family,Del,2,orders-and-deliveries-july-2026.xlsx
NEPAL AIRLINES,NEPAL,A,Asia-Pacific,A320ceo,A320 Family,Opr,2,orders-and-deliveries-july-2026.xlsx
NEPAL AIRLINES,NEPAL,A,Asia-Pacific,A330-200,A330,Opr,2,orders-and-deliveries-july-2026.xlsx
NESMA AIRLINES,EGYPT,F,Africa,A320ceo,A320 Family,Opr,8,orders-and-deliveries-july-2026.xlsx
NESMA AIRLINES,EGYPT,F,Africa,A321ceo,A320 Family,Opr,5,orders-and-deliveries-july-2026.xlsx
NETWORK AVIATION,AUSTRALIA,A,Asia-Pacific,A319ceo,A320 Family,Opr,9,orders-and-deliveries-july-2026.xlsx
NETWORK AVIATION,AUSTRALIA,A,Asia-Pacific,A320ceo,A320 Family,Opr,19,orders-and-deliveries-july-2026.xlsx
NIGERIA AIRWAYS,NIGERIA,F,Africa,A310,A300/A310,Ord,4,orders-and-deliveries-july-2026.xlsx
NIGERIA AIRWAYS,NIGERIA,F,Africa,A310,A300/A310,Del,4,orders-and-deliveries-july-2026.xlsx
NIKI,AUSTRIA,E,Europe and CIS,A319ceo,A320 Family,Ord,2,orders-and-deliveries-july-2026.xlsx
NIKI,AUSTRIA,E,Europe and CIS,A319ceo,A320 Family,Del,2,orders-and-deliveries-july-2026.xlsx
NIKI,AUSTRIA,E,Europe and CIS,A320ceo,A320 Family,Ord,14,orders-and-deliveries-july-2026.xlsx
NIKI,AUSTRIA,E,Europe and CIS,A320ceo,A320 Family,Del,14,orders-and-deliveries-july-2026.xlsx
NIKI,AUSTRIA,E,Europe and CIS,A321ceo,A320 Family,Ord,4,orders-and-deliveries-july-2026.xlsx
NIKI,AUSTRIA,E,Europe and CIS,A321ceo,A320 Family,Del,4,orders-and-deliveries-july-2026.xlsx
NILE AIR,EGYPT,F,Africa,A320ceo,A320 Family,Opr,5,orders-and-deliveries-july-2026.xlsx
NILE AIR,EGYPT,F,Africa,A321ceo,A320 Family,Opr,2,orders-and-deliveries-july-2026.xlsx
NORDWIND AIRLINES,RUSSIAN FEDERATION,E,Europe and CIS,A321ceo,A320 Family,Opr,4,orders-and-deliveries-july-2026.xlsx
NORDWIND AIRLINES,RUSSIAN FEDERATION,E,Europe and CIS,A321neo,A320 Family,Opr,2,orders-and-deliveries-july-2026.xlsx
NORDWIND AIRLINES,RUSSIAN FEDERATION,E,Europe and CIS,A330-200,A330,Opr,2,orders-and-deliveries-july-2026.xlsx
NORDWIND AIRLINES,RUSSIAN FEDERATION,E,Europe and CIS,A330-300,A330,Opr,3,orders-and-deliveries-july-2026.xlsx
NORTH-WEST AIR COMPANY,RUSSIAN FEDERATION,E,Europe and CIS,A318,A320 Family,Opr,1,orders-and-deliveries-july-2026.xlsx
NORTH-WEST AIR COMPANY,RUSSIAN FEDERATION,E,Europe and CIS,A320ceo,A320 Family,Opr,1,orders-and-deliveries-july-2026.xlsx
NORTH-WEST AIR COMPANY,RUSSIAN FEDERATION,E,Europe and CIS,A320neo,A320 Family,Opr,1,orders-and-deliveries-july-2026.xlsx
NORTH-WEST AIR COMPANY,RUSSIAN FEDERATION,E,Europe and CIS,A321neo,A320 Family,Opr,2,orders-and-deliveries-july-2026.xlsx
NORTHWEST AIRLINES,UNITED STATES OF AMERICA,N,North America,A319ceo,A320 Family,Ord,77,orders-and-deliveries-july-2026.xlsx
NORTHWEST AIRLINES,UNITED STATES OF AMERICA,N,North America,A319ceo,A320 Family,Del,77,orders-and-deliveries-july-2026.xlsx
NORTHWEST AIRLINES,UNITED STATES OF AMERICA,N,North America,A320ceo,A320 Family,Ord,78,orders-and-deliveries-july-2026.xlsx
NORTHWEST AIRLINES,UNITED STATES OF AMERICA,N,North America,A320ceo,A320 Family,Del,78,orders-and-deliveries-july-2026.xlsx
NORTHWEST AIRLINES,UNITED STATES OF AMERICA,N,North America,A330-200,A330,Ord,11,orders-and-deliveries-july-2026.xlsx
NORTHWEST AIRLINES,UNITED STATES OF AMERICA,N,North America,A330-200,A330,Del,11,orders-and-deliveries-july-2026.xlsx
NORTHWEST AIRLINES,UNITED STATES OF AMERICA,N,North America,A330-300,A330,Ord,21,orders-and-deliveries-july-2026.xlsx
NORTHWEST AIRLINES,UNITED STATES OF AMERICA,N,North America,A330-300,A330,Del,21,orders-and-deliveries-july-2026.xlsx
NOUVELAIR TUNISIE,TUNISIA,F,Africa,A320ceo,A320 Family,Ord,3,orders-and-deliveries-july-2026.xlsx
NOUVELAIR TUNISIE,TUNISIA,F,Africa,A320ceo,A320 Family,Del,3,orders-and-deliveries-july-2026.xlsx
NOUVELAIR TUNISIE,TUNISIA,F,Africa,A320ceo,A320 Family,Opr,15,orders-and-deliveries-july-2026.xlsx
NOUVELAIR TUNISIE,TUNISIA,F,Africa,A320neo,A320 Family,Opr,3,orders-and-deliveries-july-2026.xlsx
OASIS GROUP,MEXICO,L,Latin America & Caribbean,A310,A300/A310,Ord,2,orders-and-deliveries-july-2026.xlsx
OASIS GROUP,MEXICO,L,Latin America & Caribbean,A310,A300/A310,Del,2,orders-and-deliveries-july-2026.xlsx
OHA CENTRE STREET AIRCRAFT HOLDCO,UNITED STATES OF AMERICA,N,North America,A319ceo,A320 Family,Ord,2,orders-and-deliveries-july-2026.xlsx
OHA CENTRE STREET AIRCRAFT HOLDCO,UNITED STATES OF AMERICA,N,North America,A319ceo,A320 Family,Del,2,orders-and-deliveries-july-2026.xlsx
OLYMPIC AIRLINES,GREECE,E,Europe and CIS,A300,A300/A310,Ord,10,orders-and-deliveries-july-2026.xlsx
OLYMPIC AIRLINES,GREECE,E,Europe and CIS,A300,A300/A310,Del,10,orders-and-deliveries-july-2026.xlsx
OLYMPIC AIRLINES,GREECE,E,Europe and CIS,A340-200/300,A340,Ord,4,orders-and-deliveries-july-2026.xlsx
OLYMPIC AIRLINES,GREECE,E,Europe and CIS,A340-200/300,A340,Del,4,orders-and-deliveries-july-2026.xlsx
OMAN AIR,OMAN,M,Middle East,A330-200,A330,Ord,2,orders-and-deliveries-july-2026.xlsx
OMAN AIR,OMAN,M,Middle East,A330-200,A330,Del,2,orders-and-deliveries-july-2026.xlsx
OMAN AIR,OMAN,M,Middle East,A330-300,A330,Ord,6,orders-and-deliveries-july-2026.xlsx
OMAN AIR,OMAN,M,Middle East,A330-300,A330,Del,6,orders-and-deliveries-july-2026.xlsx
ONUR AIR,TURKEY,E,Europe and CIS,A321ceo,A320 Family,Ord,2,orders-and-deliveries-july-2026.xlsx
ONUR AIR,TURKEY,E,Europe and CIS,A321ceo,A320 Family,Del,2,orders-and-deliveries-july-2026.xlsx
ORBEST ORIZONIA,SPAIN,E,Europe and CIS,A320ceo,A320 Family,Ord,2,orders-and-deliveries-july-2026.xlsx
ORBEST ORIZONIA,SPAIN,E,Europe and CIS,A320ceo,A320 Family,Del,2,orders-and-deliveries-july-2026.xlsx
ORIX CORPORATION,JAPAN,A,Asia-Pacific,A320ceo,A320 Family,Ord,24,orders-and-deliveries-july-2026.xlsx
ORIX CORPORATION,JAPAN,A,Asia-Pacific,A320ceo,A320 Family,Del,24,orders-and-deliveries-july-2026.xlsx
PACIFIC AIRLINES,VIETNAM,A,Asia-Pacific,A320ceo,A320 Family,Ord,10,orders-and-deliveries-july-2026.xlsx
PACIFIC AIRLINES,VIETNAM,A,Asia-Pacific,A320ceo,A320 Family,Del,10,orders-and-deliveries-july-2026.xlsx
PAKISTAN INTERNATIONAL AIRLINES,PAKISTAN,A,Asia-Pacific,A320ceo,A320 Family,Opr,14,orders-and-deliveries-july-2026.xlsx
PAKISTAN INTERNATIONAL AIRLINES,PAKISTAN,A,Asia-Pacific,A300,A300/A310,Ord,4,orders-and-deliveries-july-2026.xlsx
PAKISTAN INTERNATIONAL AIRLINES,PAKISTAN,A,Asia-Pacific,A300,A300/A310,Del,4,orders-and-deliveries-july-2026.xlsx
PAKISTAN INTERNATIONAL AIRLINES,PAKISTAN,A,Asia-Pacific,A310,A300/A310,Ord,6,orders-and-deliveries-july-2026.xlsx
PAKISTAN INTERNATIONAL AIRLINES,PAKISTAN,A,Asia-Pacific,A310,A300/A310,Del,6,orders-and-deliveries-july-2026.xlsx
PAL EXPRESS,PHILIPPINES,A,Asia-Pacific,A320ceo,A320 Family,Opr,19,orders-and-deliveries-july-2026.xlsx
PAL EXPRESS,PHILIPPINES,A,Asia-Pacific,A321ceo,A320 Family,Opr,4,orders-and-deliveries-july-2026.xlsx
PAN AM,UNITED STATES OF AMERICA,N,North America,A300,A300/A310,Ord,12,orders-and-deliveries-july-2026.xlsx
PAN AM,UNITED STATES OF AMERICA,N,North America,A300,A300/A310,Del,12,orders-and-deliveries-july-2026.xlsx
PAN AM,UNITED STATES OF AMERICA,N,North America,A310,A300/A310,Ord,18,orders-and-deliveries-july-2026.xlsx
PAN AM,UNITED STATES OF AMERICA,N,North America,A310,A300/A310,Del,18,orders-and-deliveries-july-2026.xlsx
PARATA AIR,SOUTH KOREA,A,Asia-Pacific,A320ceo,A320 Family,Opr,2,orders-and-deliveries-july-2026.xlsx
PARATA AIR,SOUTH KOREA,A,Asia-Pacific,A330-200,A330,Opr,3,orders-and-deliveries-july-2026.xlsx
PEACH,JAPAN,A,Asia-Pacific,A320ceo,A320 Family,Ord,10,orders-and-deliveries-july-2026.xlsx
PEACH,JAPAN,A,Asia-Pacific,A320ceo,A320 Family,Del,10,orders-and-deliveries-july-2026.xlsx
PEACH,JAPAN,A,Asia-Pacific,A320ceo,A320 Family,Opr,13,orders-and-deliveries-july-2026.xlsx
PEACH,JAPAN,A,Asia-Pacific,A320neo,A320 Family,Ord,9,orders-and-deliveries-july-2026.xlsx
PEACH,JAPAN,A,Asia-Pacific,A320neo,A320 Family,Del,9,orders-and-deliveries-july-2026.xlsx
PEACH,JAPAN,A,Asia-Pacific,A320neo,A320 Family,Opr,24,orders-and-deliveries-july-2026.xlsx
PEACH,JAPAN,A,Asia-Pacific,A321neo,A320 Family,Ord,1,orders-and-deliveries-july-2026.xlsx
PEACH,JAPAN,A,Asia-Pacific,A321neo,A320 Family,Del,1,orders-and-deliveries-july-2026.xlsx
PEACH,JAPAN,A,Asia-Pacific,A321neo,A320 Family,Opr,3,orders-and-deliveries-july-2026.xlsx
PEGASUS AIRLINES,TURKEY,E,Europe and CIS,A320ceo,A320 Family,Opr,6,orders-and-deliveries-july-2026.xlsx
PEGASUS AIRLINES,TURKEY,E,Europe and CIS,A320neo,A320 Family,Ord,42,orders-and-deliveries-july-2026.xlsx
PEGASUS AIRLINES,TURKEY,E,Europe and CIS,A320neo,A320 Family,Del,42,orders-and-deliveries-july-2026.xlsx
PEGASUS AIRLINES,TURKEY,E,Europe and CIS,A320neo,A320 Family,Opr,46,orders-and-deliveries-july-2026.xlsx
PEGASUS AIRLINES,TURKEY,E,Europe and CIS,A321neo,A320 Family,Ord,108,orders-and-deliveries-july-2026.xlsx
PEGASUS AIRLINES,TURKEY,E,Europe and CIS,A321neo,A320 Family,Del,70,orders-and-deliveries-july-2026.xlsx
PEGASUS AIRLINES,TURKEY,E,Europe and CIS,A321neo,A320 Family,Opr,71,orders-and-deliveries-july-2026.xlsx
PELITA AIR SERVICE,INDONESIA,A,Asia-Pacific,A320ceo,A320 Family,Opr,16,orders-and-deliveries-july-2026.xlsx
PEMBROKE AIRCRAFT LEASING 4 LTD,UNITED KINGDOM,E,Europe and CIS,A330-300,A330,Ord,2,orders-and-deliveries-july-2026.xlsx
PEMBROKE AIRCRAFT LEASING 4 LTD,UNITED KINGDOM,E,Europe and CIS,A330-300,A330,Del,2,orders-and-deliveries-july-2026.xlsx
PHILIPPINE AIRLINES,PHILIPPINES,A,Asia-Pacific,A320ceo,A320 Family,Ord,15,orders-and-deliveries-july-2026.xlsx
PHILIPPINE AIRLINES,PHILIPPINES,A,Asia-Pacific,A320ceo,A320 Family,Del,15,orders-and-deliveries-july-2026.xlsx
PHILIPPINE AIRLINES,PHILIPPINES,A,Asia-Pacific,A321ceo,A320 Family,Ord,24,orders-and-deliveries-july-2026.xlsx
PHILIPPINE AIRLINES,PHILIPPINES,A,Asia-Pacific,A321ceo,A320 Family,Del,24,orders-and-deliveries-july-2026.xlsx
PHILIPPINE AIRLINES,PHILIPPINES,A,Asia-Pacific,A321ceo,A320 Family,Opr,18,orders-and-deliveries-july-2026.xlsx
PHILIPPINE AIRLINES,PHILIPPINES,A,Asia-Pacific,A321neo,A320 Family,Ord,21,orders-and-deliveries-july-2026.xlsx
PHILIPPINE AIRLINES,PHILIPPINES,A,Asia-Pacific,A321neo,A320 Family,Del,8,orders-and-deliveries-july-2026.xlsx
PHILIPPINE AIRLINES,PHILIPPINES,A,Asia-Pacific,A321neo,A320 Family,Opr,8,orders-and-deliveries-july-2026.xlsx
PHILIPPINE AIRLINES,PHILIPPINES,A,Asia-Pacific,A300,A300/A310,Ord,5,orders-and-deliveries-july-2026.xlsx
PHILIPPINE AIRLINES,PHILIPPINES,A,Asia-Pacific,A300,A300/A310,Del,5,orders-and-deliveries-july-2026.xlsx
PHILIPPINE AIRLINES,PHILIPPINES,A,Asia-Pacific,A330-300,A330,Ord,23,orders-and-deliveries-july-2026.xlsx
PHILIPPINE AIRLINES,PHILIPPINES,A,Asia-Pacific,A330-300,A330,Del,23,orders-and-deliveries-july-2026.xlsx
PHILIPPINE AIRLINES,PHILIPPINES,A,Asia-Pacific,A330-300,A330,Opr,11,orders-and-deliveries-july-2026.xlsx
PHILIPPINE AIRLINES,PHILIPPINES,A,Asia-Pacific,A340-200/300,A340,Ord,8,orders-and-deliveries-july-2026.xlsx
PHILIPPINE AIRLINES,PHILIPPINES,A,Asia-Pacific,A340-200/300,A340,Del,8,orders-and-deliveries-july-2026.xlsx
PHILIPPINE AIRLINES,PHILIPPINES,A,Asia-Pacific,A350-900,A350,Ord,6,orders-and-deliveries-july-2026.xlsx
PHILIPPINE AIRLINES,PHILIPPINES,A,Asia-Pacific,A350-900,A350,Del,6,orders-and-deliveries-july-2026.xlsx
PHILIPPINE AIRLINES,PHILIPPINES,A,Asia-Pacific,A350-900,A350,Opr,2,orders-and-deliveries-july-2026.xlsx
PHILIPPINE AIRLINES,PHILIPPINES,A,Asia-Pacific,A350-1000,A350,Ord,9,orders-and-deliveries-july-2026.xlsx
PHILIPPINE AIRLINES,PHILIPPINES,A,Asia-Pacific,A350-1000,A350,Del,3,orders-and-deliveries-july-2026.xlsx
PHILIPPINE AIRLINES,PHILIPPINES,A,Asia-Pacific,A350-1000,A350,Opr,3,orders-and-deliveries-july-2026.xlsx
PILIPINAS ASIAN PEARL AIRWAYS,PHILIPPINES,A,Asia-Pacific,A319ceo,A320 Family,Opr,1,orders-and-deliveries-july-2026.xlsx
PLUS ULTRA,SPAIN,E,Europe and CIS,A330-200,A330,Opr,5,orders-and-deliveries-july-2026.xlsx
PLUS ULTRA,SPAIN,E,Europe and CIS,A330-300,A330,Opr,2,orders-and-deliveries-july-2026.xlsx
POLARIS,UNITED STATES OF AMERICA,N,North America,A300,A300/A310,Ord,5,orders-and-deliveries-july-2026.xlsx
POLARIS,UNITED STATES OF AMERICA,N,North America,A300,A300/A310,Del,5,orders-and-deliveries-july-2026.xlsx
PRADHAAN AIR EXPRESS,INDIA,A,Asia-Pacific,A320ceo,A320 Family,Opr,1,orders-and-deliveries-july-2026.xlsx
PRIVILEGE STYLE,SPAIN,E,Europe and CIS,A321ceo,A320 Family,Opr,2,orders-and-deliveries-july-2026.xlsx
PRIVILEGE STYLE,SPAIN,E,Europe and CIS,A330-200,A330,Opr,1,orders-and-deliveries-july-2026.xlsx
PRIVILEGE STYLE,SPAIN,E,Europe and CIS,A330-300,A330,Opr,2,orders-and-deliveries-july-2026.xlsx
QANOT SHARQ AIRLINES,UZBEKISTAN,E,Europe and CIS,A320ceo,A320 Family,Opr,2,orders-and-deliveries-july-2026.xlsx
QANOT SHARQ AIRLINES,UZBEKISTAN,E,Europe and CIS,A321neo,A320 Family,Opr,3,orders-and-deliveries-july-2026.xlsx
QANOT SHARQ AIRLINES,UZBEKISTAN,E,Europe and CIS,A330-200,A330,Opr,2,orders-and-deliveries-july-2026.xlsx
QANTAS AIRWAYS,AUSTRALIA,A,Asia-Pacific,A220-300,A220,Ord,29,orders-and-deliveries-july-2026.xlsx
QANTAS AIRWAYS,AUSTRALIA,A,Asia-Pacific,A220-300,A220,Del,13,orders-and-deliveries-july-2026.xlsx
QANTAS AIRWAYS,AUSTRALIA,A,Asia-Pacific,A320ceo,A320 Family,Ord,75,orders-and-deliveries-july-2026.xlsx
QANTAS AIRWAYS,AUSTRALIA,A,Asia-Pacific,A320ceo,A320 Family,Del,75,orders-and-deliveries-july-2026.xlsx
QANTAS AIRWAYS,AUSTRALIA,A,Asia-Pacific,A320neo,A320 Family,Ord,46,orders-and-deliveries-july-2026.xlsx
QANTAS AIRWAYS,AUSTRALIA,A,Asia-Pacific,A320neo,A320 Family,Del,5,orders-and-deliveries-july-2026.xlsx
QANTAS AIRWAYS,AUSTRALIA,A,Asia-Pacific,A321ceo,A320 Family,Ord,1,orders-and-deliveries-july-2026.xlsx
QANTAS AIRWAYS,AUSTRALIA,A,Asia-Pacific,A321ceo,A320 Family,Del,1,orders-and-deliveries-july-2026.xlsx
QANTAS AIRWAYS,AUSTRALIA,A,Asia-Pacific,A321neo,A320 Family,Ord,103,orders-and-deliveries-july-2026.xlsx
QANTAS AIRWAYS,AUSTRALIA,A,Asia-Pacific,A321neo,A320 Family,Del,32,orders-and-deliveries-july-2026.xlsx
QANTAS AIRWAYS,AUSTRALIA,A,Asia-Pacific,A321neo,A320 Family,Opr,7,orders-and-deliveries-july-2026.xlsx
QANTAS AIRWAYS,AUSTRALIA,A,Asia-Pacific,A330-200,A330,Ord,10,orders-and-deliveries-july-2026.xlsx
QANTAS AIRWAYS,AUSTRALIA,A,Asia-Pacific,A330-200,A330,Del,10,orders-and-deliveries-july-2026.xlsx
QANTAS AIRWAYS,AUSTRALIA,A,Asia-Pacific,A330-200,A330,Opr,16,orders-and-deliveries-july-2026.xlsx
QANTAS AIRWAYS,AUSTRALIA,A,Asia-Pacific,A330-300,A330,Ord,10,orders-and-deliveries-july-2026.xlsx
QANTAS AIRWAYS,AUSTRALIA,A,Asia-Pacific,A330-300,A330,Del,10,orders-and-deliveries-july-2026.xlsx
QANTAS AIRWAYS,AUSTRALIA,A,Asia-Pacific,A330-300,A330,Opr,13,orders-and-deliveries-july-2026.xlsx
QANTAS AIRWAYS,AUSTRALIA,A,Asia-Pacific,A350-1000,A350,Ord,24,orders-and-deliveries-july-2026.xlsx
QANTAS AIRWAYS,AUSTRALIA,A,Asia-Pacific,A380,A380,Ord,12,orders-and-deliveries-july-2026.xlsx
QANTAS AIRWAYS,AUSTRALIA,A,Asia-Pacific,A380,A380,Del,12,orders-and-deliveries-july-2026.xlsx
QANTAS AIRWAYS,AUSTRALIA,A,Asia-Pacific,A380,A380,Opr,10,orders-and-deliveries-july-2026.xlsx
QANTAS FREIGHT,AUSTRALIA,A,Asia-Pacific,A321ceo,A320 Family,Opr,6,orders-and-deliveries-july-2026.xlsx
QANTAS FREIGHT,AUSTRALIA,A,Asia-Pacific,A330-200,A330,Opr,2,orders-and-deliveries-july-2026.xlsx
QATAR AIRWAYS,QATAR,M,Middle East,A320ceo,A320 Family,Ord,39,orders-and-deliveries-july-2026.xlsx
QATAR AIRWAYS,QATAR,M,Middle East,A320ceo,A320 Family,Del,39,orders-and-deliveries-july-2026.xlsx
QATAR AIRWAYS,QATAR,M,Middle East,A320ceo,A320 Family,Opr,27,orders-and-deliveries-july-2026.xlsx
QATAR AIRWAYS,QATAR,M,Middle East,A321ceo,A320 Family,Ord,6,orders-and-deliveries-july-2026.xlsx
QATAR AIRWAYS,QATAR,M,Middle East,A321ceo,A320 Family,Del,6,orders-and-deliveries-july-2026.xlsx
QATAR AIRWAYS,QATAR,M,Middle East,A321neo,A320 Family,Ord,50,orders-and-deliveries-july-2026.xlsx
QATAR AIRWAYS,QATAR,M,Middle East,A330-200,A330,Ord,13,orders-and-deliveries-july-2026.xlsx
QATAR AIRWAYS,QATAR,M,Middle East,A330-200,A330,Del,13,orders-and-deliveries-july-2026.xlsx
QATAR AIRWAYS,QATAR,M,Middle East,A330-200,A330,Opr,6,orders-and-deliveries-july-2026.xlsx
QATAR AIRWAYS,QATAR,M,Middle East,A330-200F,A330,Ord,5,orders-and-deliveries-july-2026.xlsx
QATAR AIRWAYS,QATAR,M,Middle East,A330-200F,A330,Del,5,orders-and-deliveries-july-2026.xlsx
QATAR AIRWAYS,QATAR,M,Middle East,A330-300,A330,Ord,13,orders-and-deliveries-july-2026.xlsx
QATAR AIRWAYS,QATAR,M,Middle East,A330-300,A330,Del,13,orders-and-deliveries-july-2026.xlsx
QATAR AIRWAYS,QATAR,M,Middle East,A330-300,A330,Opr,11,orders-and-deliveries-july-2026.xlsx
QATAR AIRWAYS,QATAR,M,Middle East,A340-500/600,A340,Ord,4,orders-and-deliveries-july-2026.xlsx
QATAR AIRWAYS,QATAR,M,Middle East,A340-500/600,A340,Del,4,orders-and-deliveries-july-2026.xlsx
QATAR AIRWAYS,QATAR,M,Middle East,A350-900,A350,Ord,34,orders-and-deliveries-july-2026.xlsx
QATAR AIRWAYS,QATAR,M,Middle East,A350-900,A350,Del,34,orders-and-deliveries-july-2026.xlsx
QATAR AIRWAYS,QATAR,M,Middle East,A350-900,A350,Opr,34,orders-and-deliveries-july-2026.xlsx
QATAR AIRWAYS,QATAR,M,Middle East,A350-1000,A350,Ord,42,orders-and-deliveries-july-2026.xlsx
QATAR AIRWAYS,QATAR,M,Middle East,A350-1000,A350,Del,29,orders-and-deliveries-july-2026.xlsx
QATAR AIRWAYS,QATAR,M,Middle East,A350-1000,A350,Opr,29,orders-and-deliveries-july-2026.xlsx
QATAR AIRWAYS,QATAR,M,Middle East,A380,A380,Ord,10,orders-and-deliveries-july-2026.xlsx
QATAR AIRWAYS,QATAR,M,Middle East,A380,A380,Del,10,orders-and-deliveries-july-2026.xlsx
QATAR AIRWAYS,QATAR,M,Middle East,A380,A380,Opr,8,orders-and-deliveries-july-2026.xlsx
QESHM AIR,IRAN,M,Middle East,A320ceo,A320 Family,Opr,3,orders-and-deliveries-july-2026.xlsx
QESHM AIR,IRAN,M,Middle East,A300,A300/A310,Opr,4,orders-and-deliveries-july-2026.xlsx
QINGDAO AIRLINES,CHINA,A,Asia-Pacific,A320ceo,A320 Family,Ord,5,orders-and-deliveries-july-2026.xlsx
QINGDAO AIRLINES,CHINA,A,Asia-Pacific,A320ceo,A320 Family,Del,5,orders-and-deliveries-july-2026.xlsx
QINGDAO AIRLINES,CHINA,A,Asia-Pacific,A320ceo,A320 Family,Opr,12,orders-and-deliveries-july-2026.xlsx
QINGDAO AIRLINES,CHINA,A,Asia-Pacific,A320neo,A320 Family,Ord,15,orders-and-deliveries-july-2026.xlsx
QINGDAO AIRLINES,CHINA,A,Asia-Pacific,A320neo,A320 Family,Del,15,orders-and-deliveries-july-2026.xlsx
QINGDAO AIRLINES,CHINA,A,Asia-Pacific,A320neo,A320 Family,Opr,22,orders-and-deliveries-july-2026.xlsx
QINGDAO AIRLINES,CHINA,A,Asia-Pacific,A321neo,A320 Family,Ord,3,orders-and-deliveries-july-2026.xlsx
QINGDAO AIRLINES,CHINA,A,Asia-Pacific,A321neo,A320 Family,Del,3,orders-and-deliveries-july-2026.xlsx
QINGDAO AIRLINES,CHINA,A,Asia-Pacific,A321neo,A320 Family,Opr,3,orders-and-deliveries-july-2026.xlsx
RAYA AIRWAYS,MALAYSIA,A,Asia-Pacific,A321ceo,A320 Family,Opr,3,orders-and-deliveries-july-2026.xlsx
RED WINGS AIRLINES,RUSSIAN FEDERATION,E,Europe and CIS,A320ceo,A320 Family,Opr,2,orders-and-deliveries-july-2026.xlsx
RED WINGS AIRLINES,RUSSIAN FEDERATION,E,Europe and CIS,A321ceo,A320 Family,Opr,6,orders-and-deliveries-july-2026.xlsx
RIYADH AIR,SAUDI ARABIA,M,Middle East,A321neo,A320 Family,Ord,60,orders-and-deliveries-july-2026.xlsx
RIYADH AIR,SAUDI ARABIA,M,Middle East,A350-1000,A350,Ord,31,orders-and-deliveries-july-2026.xlsx
ROSSIYA AIRLINES,RUSSIAN FEDERATION,E,Europe and CIS,A319ceo,A320 Family,Opr,18,orders-and-deliveries-july-2026.xlsx
ROSSIYA AIRLINES,RUSSIAN FEDERATION,E,Europe and CIS,A320ceo,A320 Family,Opr,8,orders-and-deliveries-july-2026.xlsx
ROYAL AIR MAROC,MOROCCO,F,Africa,A321ceo,A320 Family,Ord,4,orders-and-deliveries-july-2026.xlsx
ROYAL AIR MAROC,MOROCCO,F,Africa,A321ceo,A320 Family,Del,4,orders-and-deliveries-july-2026.xlsx
ROYAL AIR PHILIPPINES,PHILIPPINES,A,Asia-Pacific,A319ceo,A320 Family,Opr,1,orders-and-deliveries-july-2026.xlsx
ROYAL AIR PHILIPPINES,PHILIPPINES,A,Asia-Pacific,A320ceo,A320 Family,Opr,1,orders-and-deliveries-july-2026.xlsx
ROYAL AIR PHILIPPINES,PHILIPPINES,A,Asia-Pacific,A321ceo,A320 Family,Opr,3,orders-and-deliveries-july-2026.xlsx
ROYAL BRUNEI AIRLINES,BRUNEI DARUSSALAM,A,Asia-Pacific,A320neo,A320 Family,Ord,7,orders-and-deliveries-july-2026.xlsx
ROYAL BRUNEI AIRLINES,BRUNEI DARUSSALAM,A,Asia-Pacific,A320neo,A320 Family,Del,7,orders-and-deliveries-july-2026.xlsx
ROYAL BRUNEI AIRLINES,BRUNEI DARUSSALAM,A,Asia-Pacific,A320neo,A320 Family,Opr,7,orders-and-deliveries-july-2026.xlsx
ROYAL ESWATINI NATIONAL AIRWAYS CORPORATION,SWAZILAND,F,Africa,A340-200/300,A340,Opr,1,orders-and-deliveries-july-2026.xlsx
ROYAL JORDANIAN,JORDAN,M,Middle East,A320ceo,A320 Family,Ord,3,orders-and-deliveries-july-2026.xlsx
ROYAL JORDANIAN,JORDAN,M,Middle East,A320ceo,A320 Family,Del,3,orders-and-deliveries-july-2026.xlsx
ROYAL JORDANIAN,JORDAN,M,Middle East,A320ceo,A320 Family,Opr,2,orders-and-deliveries-july-2026.xlsx
ROYAL JORDANIAN,JORDAN,M,Middle East,A320neo,A320 Family,Opr,14,orders-and-deliveries-july-2026.xlsx
ROYAL JORDANIAN,JORDAN,M,Middle East,A321ceo,A320 Family,Opr,3,orders-and-deliveries-july-2026.xlsx
ROYAL JORDANIAN,JORDAN,M,Middle East,A321neo,A320 Family,Opr,2,orders-and-deliveries-july-2026.xlsx
ROYAL JORDANIAN,JORDAN,M,Middle East,A310,A300/A310,Ord,6,orders-and-deliveries-july-2026.xlsx
ROYAL JORDANIAN,JORDAN,M,Middle East,A310,A300/A310,Del,6,orders-and-deliveries-july-2026.xlsx
RWANDAIR,RWANDA,F,Africa,A330-200,A330,Ord,1,orders-and-deliveries-july-2026.xlsx
RWANDAIR,RWANDA,F,Africa,A330-200,A330,Del,1,orders-and-deliveries-july-2026.xlsx
RWANDAIR,RWANDA,F,Africa,A330-200,A330,Opr,3,orders-and-deliveries-july-2026.xlsx
RWANDAIR,RWANDA,F,Africa,A330-300,A330,Ord,1,orders-and-deliveries-july-2026.xlsx
RWANDAIR,RWANDA,F,Africa,A330-300,A330,Del,1,orders-and-deliveries-july-2026.xlsx
RWANDAIR,RWANDA,F,Africa,A330-300,A330,Opr,1,orders-and-deliveries-july-2026.xlsx
S7 AIRLINES,RUSSIAN FEDERATION,E,Europe and CIS,A320ceo,A320 Family,Opr,16,orders-and-deliveries-july-2026.xlsx
S7 AIRLINES,RUSSIAN FEDERATION,E,Europe and CIS,A320neo,A320 Family,Opr,31,orders-and-deliveries-july-2026.xlsx
S7 AIRLINES,RUSSIAN FEDERATION,E,Europe and CIS,A321ceo,A320 Family,Opr,8,orders-and-deliveries-july-2026.xlsx
S7 AIRLINES,RUSSIAN FEDERATION,E,Europe and CIS,A321neo,A320 Family,Opr,8,orders-and-deliveries-july-2026.xlsx
SABENA,BELGIUM,E,Europe and CIS,A319ceo,A320 Family,Ord,15,orders-and-deliveries-july-2026.xlsx
SABENA,BELGIUM,E,Europe and CIS,A319ceo,A320 Family,Del,15,orders-and-deliveries-july-2026.xlsx
SABENA,BELGIUM,E,Europe and CIS,A320ceo,A320 Family,Ord,3,orders-and-deliveries-july-2026.xlsx
SABENA,BELGIUM,E,Europe and CIS,A320ceo,A320 Family,Del,3,orders-and-deliveries-july-2026.xlsx
SABENA,BELGIUM,E,Europe and CIS,A321ceo,A320 Family,Ord,3,orders-and-deliveries-july-2026.xlsx
SABENA,BELGIUM,E,Europe and CIS,A321ceo,A320 Family,Del,3,orders-and-deliveries-july-2026.xlsx
SABENA,BELGIUM,E,Europe and CIS,A310,A300/A310,Ord,3,orders-and-deliveries-july-2026.xlsx
SABENA,BELGIUM,E,Europe and CIS,A310,A300/A310,Del,3,orders-and-deliveries-july-2026.xlsx
SABENA,BELGIUM,E,Europe and CIS,A330-200,A330,Ord,3,orders-and-deliveries-july-2026.xlsx
SABENA,BELGIUM,E,Europe and CIS,A330-200,A330,Del,3,orders-and-deliveries-july-2026.xlsx
SABENA,BELGIUM,E,Europe and CIS,A340-200/300,A340,Ord,5,orders-and-deliveries-july-2026.xlsx
SABENA,BELGIUM,E,Europe and CIS,A340-200/300,A340,Del,5,orders-and-deliveries-july-2026.xlsx
SAFI AIRWAYS,AFGHANISTAN,M,Middle East,A320ceo,A320 Family,Opr,1,orders-and-deliveries-july-2026.xlsx
SALAM AIR S.A.O.C,OMAN,M,Middle East,A320neo,A320 Family,Ord,1,orders-and-deliveries-july-2026.xlsx
SALAM AIR S.A.O.C,OMAN,M,Middle East,A320neo,A320 Family,Del,1,orders-and-deliveries-july-2026.xlsx
SALAM AIR S.A.O.C,OMAN,M,Middle East,A320neo,A320 Family,Opr,7,orders-and-deliveries-july-2026.xlsx
SALAM AIR S.A.O.C,OMAN,M,Middle East,A321ceo,A320 Family,Opr,1,orders-and-deliveries-july-2026.xlsx
SALAM AIR S.A.O.C,OMAN,M,Middle East,A321neo,A320 Family,Opr,9,orders-and-deliveries-july-2026.xlsx
SAS,SWEDEN,E,Europe and CIS,A319ceo,A320 Family,Ord,4,orders-and-deliveries-july-2026.xlsx
SAS,SWEDEN,E,Europe and CIS,A319ceo,A320 Family,Del,4,orders-and-deliveries-july-2026.xlsx
SAS,SWEDEN,E,Europe and CIS,A319ceo,A320 Family,Opr,4,orders-and-deliveries-july-2026.xlsx
SAS,SWEDEN,E,Europe and CIS,A320ceo,A320 Family,Opr,3,orders-and-deliveries-july-2026.xlsx
SAS,SWEDEN,E,Europe and CIS,A320neo,A320 Family,Ord,65,orders-and-deliveries-july-2026.xlsx
SAS,SWEDEN,E,Europe and CIS,A320neo,A320 Family,Del,65,orders-and-deliveries-july-2026.xlsx
SAS,SWEDEN,E,Europe and CIS,A320neo,A320 Family,Opr,82,orders-and-deliveries-july-2026.xlsx
SAS,SWEDEN,E,Europe and CIS,A321ceo,A320 Family,Ord,8,orders-and-deliveries-july-2026.xlsx
SAS,SWEDEN,E,Europe and CIS,A321ceo,A320 Family,Del,8,orders-and-deliveries-july-2026.xlsx
SAS,SWEDEN,E,Europe and CIS,A321neo,A320 Family,Opr,3,orders-and-deliveries-july-2026.xlsx
SAS,SWEDEN,E,Europe and CIS,A300,A300/A310,Ord,4,orders-and-deliveries-july-2026.xlsx
SAS,SWEDEN,E,Europe and CIS,A300,A300/A310,Del,4,orders-and-deliveries-july-2026.xlsx
SAS,SWEDEN,E,Europe and CIS,A330-300,A330,Ord,9,orders-and-deliveries-july-2026.xlsx
SAS,SWEDEN,E,Europe and CIS,A330-300,A330,Del,9,orders-and-deliveries-july-2026.xlsx
SAS,SWEDEN,E,Europe and CIS,A330-300,A330,Opr,8,orders-and-deliveries-july-2026.xlsx
SAS,SWEDEN,E,Europe and CIS,A330-900,A330,Ord,18,orders-and-deliveries-july-2026.xlsx
SAS,SWEDEN,E,Europe and CIS,A340-200/300,A340,Ord,7,orders-and-deliveries-july-2026.xlsx
SAS,SWEDEN,E,Europe and CIS,A340-200/300,A340,Del,7,orders-and-deliveries-july-2026.xlsx
SAS,SWEDEN,E,Europe and CIS,A350-900,A350,Ord,8,orders-and-deliveries-july-2026.xlsx
SAS,SWEDEN,E,Europe and CIS,A350-900,A350,Del,8,orders-and-deliveries-july-2026.xlsx
SAS,SWEDEN,E,Europe and CIS,A350-900,A350,Opr,6,orders-and-deliveries-july-2026.xlsx
SAUDIA,SAUDI ARABIA,M,Middle East,A320ceo,A320 Family,Ord,7,orders-and-deliveries-july-2026.xlsx
SAUDIA,SAUDI ARABIA,M,Middle East,A320ceo,A320 Family,Del,7,orders-and-deliveries-july-2026.xlsx
SAUDIA,SAUDI ARABIA,M,Middle East,A320ceo,A320 Family,Opr,37,orders-and-deliveries-july-2026.xlsx
SAUDIA,SAUDI ARABIA,M,Middle East,A320neo,A320 Family,Ord,42,orders-and-deliveries-july-2026.xlsx
SAUDIA,SAUDI ARABIA,M,Middle East,A320neo,A320 Family,Del,30,orders-and-deliveries-july-2026.xlsx
SAUDIA,SAUDI ARABIA,M,Middle East,A321ceo,A320 Family,Ord,15,orders-and-deliveries-july-2026.xlsx
SAUDIA,SAUDI ARABIA,M,Middle East,A321ceo,A320 Family,Del,15,orders-and-deliveries-july-2026.xlsx
SAUDIA,SAUDI ARABIA,M,Middle East,A321ceo,A320 Family,Opr,15,orders-and-deliveries-july-2026.xlsx
SAUDIA,SAUDI ARABIA,M,Middle East,A321neo,A320 Family,Ord,128,orders-and-deliveries-july-2026.xlsx
SAUDIA,SAUDI ARABIA,M,Middle East,A321neo,A320 Family,Del,16,orders-and-deliveries-july-2026.xlsx
SAUDIA,SAUDI ARABIA,M,Middle East,A321neo,A320 Family,Opr,16,orders-and-deliveries-july-2026.xlsx
SAUDIA,SAUDI ARABIA,M,Middle East,A300,A300/A310,Ord,11,orders-and-deliveries-july-2026.xlsx
SAUDIA,SAUDI ARABIA,M,Middle East,A300,A300/A310,Del,11,orders-and-deliveries-july-2026.xlsx
SAUDIA,SAUDI ARABIA,M,Middle East,A330-300,A330,Ord,12,orders-and-deliveries-july-2026.xlsx
SAUDIA,SAUDI ARABIA,M,Middle East,A330-300,A330,Del,12,orders-and-deliveries-july-2026.xlsx
SAUDIA,SAUDI ARABIA,M,Middle East,A330-300,A330,Opr,31,orders-and-deliveries-july-2026.xlsx
SAUDIA,SAUDI ARABIA,M,Middle East,A330-900,A330,Ord,10,orders-and-deliveries-july-2026.xlsx
SAUDIGULF AIRLINES,SAUDI ARABIA,M,Middle East,A320ceo,A320 Family,Ord,4,orders-and-deliveries-july-2026.xlsx
SAUDIGULF AIRLINES,SAUDI ARABIA,M,Middle East,A320ceo,A320 Family,Del,4,orders-and-deliveries-july-2026.xlsx
SCOOT,SINGAPORE,A,Asia-Pacific,A320ceo,A320 Family,Ord,49,orders-and-deliveries-july-2026.xlsx
SCOOT,SINGAPORE,A,Asia-Pacific,A320ceo,A320 Family,Del,49,orders-and-deliveries-july-2026.xlsx
SCOOT,SINGAPORE,A,Asia-Pacific,A320ceo,A320 Family,Opr,6,orders-and-deliveries-july-2026.xlsx
SCOOT,SINGAPORE,A,Asia-Pacific,A320neo,A320 Family,Ord,24,orders-and-deliveries-july-2026.xlsx
SCOOT,SINGAPORE,A,Asia-Pacific,A320neo,A320 Family,Del,13,orders-and-deliveries-july-2026.xlsx
SCOOT,SINGAPORE,A,Asia-Pacific,A320neo,A320 Family,Opr,13,orders-and-deliveries-july-2026.xlsx
SCOOT,SINGAPORE,A,Asia-Pacific,A321neo,A320 Family,Ord,11,orders-and-deliveries-july-2026.xlsx
SCOOT,SINGAPORE,A,Asia-Pacific,A321neo,A320 Family,Del,4,orders-and-deliveries-july-2026.xlsx
SCOOT,SINGAPORE,A,Asia-Pacific,A321neo,A320 Family,Opr,13,orders-and-deliveries-july-2026.xlsx
SERENEAIR,PAKISTAN,A,Asia-Pacific,A330-200,A330,Opr,3,orders-and-deliveries-july-2026.xlsx
SHANGHAI AIRLINES,CHINA,A,Asia-Pacific,A321ceo,A320 Family,Ord,5,orders-and-deliveries-july-2026.xlsx
SHANGHAI AIRLINES,CHINA,A,Asia-Pacific,A321ceo,A320 Family,Del,5,orders-and-deliveries-july-2026.xlsx
SHENZHEN AIRLINES,CHINA,A,Asia-Pacific,A319ceo,A320 Family,Ord,8,orders-and-deliveries-july-2026.xlsx
SHENZHEN AIRLINES,CHINA,A,Asia-Pacific,A319ceo,A320 Family,Del,8,orders-and-deliveries-july-2026.xlsx
SHENZHEN AIRLINES,CHINA,A,Asia-Pacific,A320ceo,A320 Family,Ord,64,orders-and-deliveries-july-2026.xlsx
SHENZHEN AIRLINES,CHINA,A,Asia-Pacific,A320ceo,A320 Family,Del,64,orders-and-deliveries-july-2026.xlsx
SHENZHEN AIRLINES,CHINA,A,Asia-Pacific,A320ceo,A320 Family,Opr,72,orders-and-deliveries-july-2026.xlsx
SHENZHEN AIRLINES,CHINA,A,Asia-Pacific,A320neo,A320 Family,Ord,35,orders-and-deliveries-july-2026.xlsx
SHENZHEN AIRLINES,CHINA,A,Asia-Pacific,A320neo,A320 Family,Del,35,orders-and-deliveries-july-2026.xlsx
SHENZHEN AIRLINES,CHINA,A,Asia-Pacific,A320neo,A320 Family,Opr,35,orders-and-deliveries-july-2026.xlsx
SHENZHEN AIRLINES,CHINA,A,Asia-Pacific,A321neo,A320 Family,Ord,24,orders-and-deliveries-july-2026.xlsx
SHENZHEN AIRLINES,CHINA,A,Asia-Pacific,A321neo,A320 Family,Del,2,orders-and-deliveries-july-2026.xlsx
SHENZHEN AIRLINES,CHINA,A,Asia-Pacific,A321neo,A320 Family,Opr,8,orders-and-deliveries-july-2026.xlsx
SHENZHEN AIRLINES,CHINA,A,Asia-Pacific,A330-300,A330,Ord,6,orders-and-deliveries-july-2026.xlsx
SHENZHEN AIRLINES,CHINA,A,Asia-Pacific,A330-300,A330,Del,6,orders-and-deliveries-july-2026.xlsx
SHENZHEN AIRLINES,CHINA,A,Asia-Pacific,A330-300,A330,Opr,6,orders-and-deliveries-july-2026.xlsx
SHENZHEN AIRLINES,CHINA,A,Asia-Pacific,A350-900,A350,Opr,2,orders-and-deliveries-july-2026.xlsx
SHOHIN AIRLINES*,TAJIKISTAN,E,Europe and CIS,A320neo,A320 Family,Ord,2,orders-and-deliveries-july-2026.xlsx
SHOHIN AIRLINES*,TAJIKISTAN,E,Europe and CIS,A321neo,A320 Family,Ord,2,orders-and-deliveries-july-2026.xlsx
SHOROUK AIR,EGYPT,F,Africa,A320ceo,A320 Family,Ord,2,orders-and-deliveries-july-2026.xlsx
SHOROUK AIR,EGYPT,F,Africa,A320ceo,A320 Family,Del,2,orders-and-deliveries-july-2026.xlsx
SICHUAN AIRLINES,CHINA,A,Asia-Pacific,A319ceo,A320 Family,Ord,16,orders-and-deliveries-july-2026.xlsx
SICHUAN AIRLINES,CHINA,A,Asia-Pacific,A319ceo,A320 Family,Del,16,orders-and-deliveries-july-2026.xlsx
SICHUAN AIRLINES,CHINA,A,Asia-Pacific,A319ceo,A320 Family,Opr,18,orders-and-deliveries-july-2026.xlsx
SICHUAN AIRLINES,CHINA,A,Asia-Pacific,A320ceo,A320 Family,Ord,35,orders-and-deliveries-july-2026.xlsx
SICHUAN AIRLINES,CHINA,A,Asia-Pacific,A320ceo,A320 Family,Del,35,orders-and-deliveries-july-2026.xlsx
SICHUAN AIRLINES,CHINA,A,Asia-Pacific,A320ceo,A320 Family,Opr,55,orders-and-deliveries-july-2026.xlsx
SICHUAN AIRLINES,CHINA,A,Asia-Pacific,A320neo,A320 Family,Ord,11,orders-and-deliveries-july-2026.xlsx
SICHUAN AIRLINES,CHINA,A,Asia-Pacific,A320neo,A320 Family,Del,8,orders-and-deliveries-july-2026.xlsx
SICHUAN AIRLINES,CHINA,A,Asia-Pacific,A320neo,A320 Family,Opr,41,orders-and-deliveries-july-2026.xlsx
SICHUAN AIRLINES,CHINA,A,Asia-Pacific,A321ceo,A320 Family,Ord,41,orders-and-deliveries-july-2026.xlsx
SICHUAN AIRLINES,CHINA,A,Asia-Pacific,A321ceo,A320 Family,Del,41,orders-and-deliveries-july-2026.xlsx
SICHUAN AIRLINES,CHINA,A,Asia-Pacific,A321ceo,A320 Family,Opr,48,orders-and-deliveries-july-2026.xlsx
SICHUAN AIRLINES,CHINA,A,Asia-Pacific,A321neo,A320 Family,Ord,8,orders-and-deliveries-july-2026.xlsx
SICHUAN AIRLINES,CHINA,A,Asia-Pacific,A321neo,A320 Family,Del,5,orders-and-deliveries-july-2026.xlsx
SICHUAN AIRLINES,CHINA,A,Asia-Pacific,A321neo,A320 Family,Opr,27,orders-and-deliveries-july-2026.xlsx
SICHUAN AIRLINES,CHINA,A,Asia-Pacific,A330-200,A330,Ord,2,orders-and-deliveries-july-2026.xlsx
SICHUAN AIRLINES,CHINA,A,Asia-Pacific,A330-200,A330,Del,2,orders-and-deliveries-july-2026.xlsx
SICHUAN AIRLINES,CHINA,A,Asia-Pacific,A330-200,A330,Opr,7,orders-and-deliveries-july-2026.xlsx
SICHUAN AIRLINES,CHINA,A,Asia-Pacific,A330-300,A330,Ord,3,orders-and-deliveries-july-2026.xlsx
SICHUAN AIRLINES,CHINA,A,Asia-Pacific,A330-300,A330,Del,3,orders-and-deliveries-july-2026.xlsx
SICHUAN AIRLINES,CHINA,A,Asia-Pacific,A330-300,A330,Opr,9,orders-and-deliveries-july-2026.xlsx
SICHUAN AIRLINES,CHINA,A,Asia-Pacific,A350-900,A350,Ord,10,orders-and-deliveries-july-2026.xlsx
SICHUAN AIRLINES,CHINA,A,Asia-Pacific,A350-900,A350,Del,7,orders-and-deliveries-july-2026.xlsx
SICHUAN AIRLINES,CHINA,A,Asia-Pacific,A350-900,A350,Opr,7,orders-and-deliveries-july-2026.xlsx
SILKAIR,SINGAPORE,A,Asia-Pacific,A319ceo,A320 Family,Ord,8,orders-and-deliveries-july-2026.xlsx
SILKAIR,SINGAPORE,A,Asia-Pacific,A319ceo,A320 Family,Del,8,orders-and-deliveries-july-2026.xlsx
SILKAIR,SINGAPORE,A,Asia-Pacific,A320ceo,A320 Family,Ord,19,orders-and-deliveries-july-2026.xlsx
SILKAIR,SINGAPORE,A,Asia-Pacific,A320ceo,A320 Family,Del,19,orders-and-deliveries-july-2026.xlsx
SILK WAY WEST AIRLINES,AZERBAIJAN,E,Europe and CIS,A350F,A350,Ord,4,orders-and-deliveries-july-2026.xlsx
SINGAPORE AIRLINES,SINGAPORE,A,Asia-Pacific,A300,A300/A310,Ord,8,orders-and-deliveries-july-2026.xlsx
SINGAPORE AIRLINES,SINGAPORE,A,Asia-Pacific,A300,A300/A310,Del,8,orders-and-deliveries-july-2026.xlsx
SINGAPORE AIRLINES,SINGAPORE,A,Asia-Pacific,A310,A300/A310,Ord,23,orders-and-deliveries-july-2026.xlsx
SINGAPORE AIRLINES,SINGAPORE,A,Asia-Pacific,A310,A300/A310,Del,23,orders-and-deliveries-july-2026.xlsx
SINGAPORE AIRLINES,SINGAPORE,A,Asia-Pacific,A340-200/300,A340,Ord,17,orders-and-deliveries-july-2026.xlsx
SINGAPORE AIRLINES,SINGAPORE,A,Asia-Pacific,A340-200/300,A340,Del,17,orders-and-deliveries-july-2026.xlsx
SINGAPORE AIRLINES,SINGAPORE,A,Asia-Pacific,A340-500/600,A340,Ord,5,orders-and-deliveries-july-2026.xlsx
SINGAPORE AIRLINES,SINGAPORE,A,Asia-Pacific,A340-500/600,A340,Del,5,orders-and-deliveries-july-2026.xlsx
SINGAPORE AIRLINES,SINGAPORE,A,Asia-Pacific,A350F,A350,Ord,7,orders-and-deliveries-july-2026.xlsx
SINGAPORE AIRLINES,SINGAPORE,A,Asia-Pacific,A350-900,A350,Ord,65,orders-and-deliveries-july-2026.xlsx
SINGAPORE AIRLINES,SINGAPORE,A,Asia-Pacific,A350-900,A350,Del,65,orders-and-deliveries-july-2026.xlsx
SINGAPORE AIRLINES,SINGAPORE,A,Asia-Pacific,A350-900,A350,Opr,65,orders-and-deliveries-july-2026.xlsx
SINGAPORE AIRLINES,SINGAPORE,A,Asia-Pacific,A380,A380,Ord,24,orders-and-deliveries-july-2026.xlsx
SINGAPORE AIRLINES,SINGAPORE,A,Asia-Pacific,A380,A380,Del,24,orders-and-deliveries-july-2026.xlsx
SINGAPORE AIRLINES,SINGAPORE,A,Asia-Pacific,A380,A380,Opr,12,orders-and-deliveries-july-2026.xlsx
SKY AIRLINE,CHILE,L,Latin America & Caribbean,A320neo,A320 Family,Opr,24,orders-and-deliveries-july-2026.xlsx
SKY AIRLINE,CHILE,L,Latin America & Caribbean,A321neo,A320 Family,Ord,10,orders-and-deliveries-july-2026.xlsx
SKY AIRLINE,CHILE,L,Latin America & Caribbean,A321neo,A320 Family,Opr,7,orders-and-deliveries-july-2026.xlsx
SKY ANGKOR AIRLINES,CAMBODIA,A,Asia-Pacific,A320ceo,A320 Family,Opr,4,orders-and-deliveries-july-2026.xlsx
SKY ANGKOR AIRLINES,CAMBODIA,A,Asia-Pacific,A320neo,A320 Family,Opr,1,orders-and-deliveries-july-2026.xlsx
SKY EXPRESS (GREECE),GREECE,E,Europe and CIS,A320ceo,A320 Family,Opr,1,orders-and-deliveries-july-2026.xlsx
SKY EXPRESS (GREECE),GREECE,E,Europe and CIS,A320neo,A320 Family,Ord,1,orders-and-deliveries-july-2026.xlsx
SKY EXPRESS (GREECE),GREECE,E,Europe and CIS,A320neo,A320 Family,Del,1,orders-and-deliveries-july-2026.xlsx
SKY EXPRESS (GREECE),GREECE,E,Europe and CIS,A320neo,A320 Family,Opr,12,orders-and-deliveries-july-2026.xlsx
SKY EXPRESS (GREECE),GREECE,E,Europe and CIS,A321neo,A320 Family,Opr,2,orders-and-deliveries-july-2026.xlsx
SKYSERV,GREECE,E,Europe and CIS,A320neo,A320 Family,Ord,4,orders-and-deliveries-july-2026.xlsx
SKYSERV,GREECE,E,Europe and CIS,A320neo,A320 Family,Del,4,orders-and-deliveries-july-2026.xlsx
SKYTRANS AUSTRALIA,AUSTRALIA,A,Asia-Pacific,A319ceo,A320 Family,Opr,2,orders-and-deliveries-july-2026.xlsx
SKY VISION AIRLINES,EGYPT,F,Africa,A320ceo,A320 Family,Opr,4,orders-and-deliveries-july-2026.xlsx
SKY VISION AIRLINES,EGYPT,F,Africa,A321ceo,A320 Family,Opr,3,orders-and-deliveries-july-2026.xlsx
SMARTAVIA AIRLINES,RUSSIAN FEDERATION,E,Europe and CIS,A320neo,A320 Family,Opr,2,orders-and-deliveries-july-2026.xlsx
SMARTWINGS CZECHIA,CZECH REPUBLIC,E,Europe and CIS,A220-300,A220,Opr,4,orders-and-deliveries-july-2026.xlsx
SMARTWINGS CZECHIA,CZECH REPUBLIC,E,Europe and CIS,A320ceo,A320 Family,Opr,2,orders-and-deliveries-july-2026.xlsx
SMBC AVIATION CAPITAL,IRELAND,E,Europe and CIS,A220-300,A220,Ord,31,orders-and-deliveries-july-2026.xlsx
SMBC AVIATION CAPITAL,IRELAND,E,Europe and CIS,A220-300,A220,Del,1,orders-and-deliveries-july-2026.xlsx
SMBC AVIATION CAPITAL,IRELAND,E,Europe and CIS,A319ceo,A320 Family,Ord,1,orders-and-deliveries-july-2026.xlsx
SMBC AVIATION CAPITAL,IRELAND,E,Europe and CIS,A319ceo,A320 Family,Del,1,orders-and-deliveries-july-2026.xlsx
SMBC AVIATION CAPITAL,IRELAND,E,Europe and CIS,A320ceo,A320 Family,Ord,89,orders-and-deliveries-july-2026.xlsx
SMBC AVIATION CAPITAL,IRELAND,E,Europe and CIS,A320ceo,A320 Family,Del,89,orders-and-deliveries-july-2026.xlsx
SMBC AVIATION CAPITAL,IRELAND,E,Europe and CIS,A320neo,A320 Family,Ord,191,orders-and-deliveries-july-2026.xlsx
SMBC AVIATION CAPITAL,IRELAND,E,Europe and CIS,A320neo,A320 Family,Del,77,orders-and-deliveries-july-2026.xlsx
SMBC AVIATION CAPITAL,IRELAND,E,Europe and CIS,A321ceo,A320 Family,Ord,6,orders-and-deliveries-july-2026.xlsx
SMBC AVIATION CAPITAL,IRELAND,E,Europe and CIS,A321ceo,A320 Family,Del,6,orders-and-deliveries-july-2026.xlsx
SMBC AVIATION CAPITAL,IRELAND,E,Europe and CIS,A321neo,A320 Family,Ord,294,orders-and-deliveries-july-2026.xlsx
SMBC AVIATION CAPITAL,IRELAND,E,Europe and CIS,A321neo,A320 Family,Del,65,orders-and-deliveries-july-2026.xlsx
SMBC AVIATION CAPITAL,IRELAND,E,Europe and CIS,A330-900,A330,Ord,1,orders-and-deliveries-july-2026.xlsx
SMBC AVIATION CAPITAL,IRELAND,E,Europe and CIS,A330-900,A330,Del,1,orders-and-deliveries-july-2026.xlsx
SOLINAIR,SLOVENIA,E,Europe and CIS,A300,A300/A310,Opr,3,orders-and-deliveries-july-2026.xlsx
SOLOMON AIRLINES,SOLOMON ISLANDS,A,Asia-Pacific,A320ceo,A320 Family,Opr,2,orders-and-deliveries-july-2026.xlsx
SOMALI AIRLINES,SOMALIA,F,Africa,A310,A300/A310,Ord,1,orders-and-deliveries-july-2026.xlsx
SOMALI AIRLINES,SOMALIA,F,Africa,A310,A300/A310,Del,1,orders-and-deliveries-july-2026.xlsx
SOUTH AFRICAN AIRWAYS,SOUTH AFRICA,F,Africa,A319ceo,A320 Family,Ord,11,orders-and-deliveries-july-2026.xlsx
SOUTH AFRICAN AIRWAYS,SOUTH AFRICA,F,Africa,A319ceo,A320 Family,Del,11,orders-and-deliveries-july-2026.xlsx
SOUTH AFRICAN AIRWAYS,SOUTH AFRICA,F,Africa,A320ceo,A320 Family,Ord,17,orders-and-deliveries-july-2026.xlsx
SOUTH AFRICAN AIRWAYS,SOUTH AFRICA,F,Africa,A320ceo,A320 Family,Del,17,orders-and-deliveries-july-2026.xlsx
SOUTH AFRICAN AIRWAYS,SOUTH AFRICA,F,Africa,A320ceo,A320 Family,Opr,15,orders-and-deliveries-july-2026.xlsx
SOUTH AFRICAN AIRWAYS,SOUTH AFRICA,F,Africa,A300,A300/A310,Ord,7,orders-and-deliveries-july-2026.xlsx
SOUTH AFRICAN AIRWAYS,SOUTH AFRICA,F,Africa,A300,A300/A310,Del,7,orders-and-deliveries-july-2026.xlsx
SOUTH AFRICAN AIRWAYS,SOUTH AFRICA,F,Africa,A330-300,A330,Ord,5,orders-and-deliveries-july-2026.xlsx
SOUTH AFRICAN AIRWAYS,SOUTH AFRICA,F,Africa,A330-300,A330,Del,5,orders-and-deliveries-july-2026.xlsx
SOUTH AFRICAN AIRWAYS,SOUTH AFRICA,F,Africa,A330-300,A330,Opr,2,orders-and-deliveries-july-2026.xlsx
SOUTH AFRICAN AIRWAYS,SOUTH AFRICA,F,Africa,A340-200/300,A340,Ord,6,orders-and-deliveries-july-2026.xlsx
SOUTH AFRICAN AIRWAYS,SOUTH AFRICA,F,Africa,A340-200/300,A340,Del,6,orders-and-deliveries-july-2026.xlsx
SOUTH AFRICAN AIRWAYS,SOUTH AFRICA,F,Africa,A340-200/300,A340,Opr,3,orders-and-deliveries-july-2026.xlsx
SOUTH AFRICAN AIRWAYS,SOUTH AFRICA,F,Africa,A340-500/600,A340,Ord,6,orders-and-deliveries-july-2026.xlsx
SOUTH AFRICAN AIRWAYS,SOUTH AFRICA,F,Africa,A340-500/600,A340,Del,6,orders-and-deliveries-july-2026.xlsx
SOUTH AFRICAN AIRWAYS,SOUTH AFRICA,F,Africa,A340-500/600,A340,Opr,3,orders-and-deliveries-july-2026.xlsx
SOUTHWIND AIRLINES,TURKEY,E,Europe and CIS,A321ceo,A320 Family,Opr,3,orders-and-deliveries-july-2026.xlsx
SOUTHWIND AIRLINES,TURKEY,E,Europe and CIS,A321neo,A320 Family,Opr,1,orders-and-deliveries-july-2026.xlsx
SOUTHWIND AIRLINES,TURKEY,E,Europe and CIS,A330-200,A330,Opr,1,orders-and-deliveries-july-2026.xlsx
SPANAIR,SPAIN,E,Europe and CIS,A320ceo,A320 Family,Ord,11,orders-and-deliveries-july-2026.xlsx
SPANAIR,SPAIN,E,Europe and CIS,A320ceo,A320 Family,Del,11,orders-and-deliveries-july-2026.xlsx
SPANAIR,SPAIN,E,Europe and CIS,A321ceo,A320 Family,Ord,3,orders-and-deliveries-july-2026.xlsx
SPANAIR,SPAIN,E,Europe and CIS,A321ceo,A320 Family,Del,3,orders-and-deliveries-july-2026.xlsx
SPIRIT AIRLINES,UNITED STATES OF AMERICA,N,North America,A319ceo,A320 Family,Ord,7,orders-and-deliveries-july-2026.xlsx
SPIRIT AIRLINES,UNITED STATES OF AMERICA,N,North America,A319ceo,A320 Family,Del,7,orders-and-deliveries-july-2026.xlsx
SPIRIT AIRLINES,UNITED STATES OF AMERICA,N,North America,A320ceo,A320 Family,Ord,55,orders-and-deliveries-july-2026.xlsx
SPIRIT AIRLINES,UNITED STATES OF AMERICA,N,North America,A320ceo,A320 Family,Del,55,orders-and-deliveries-july-2026.xlsx
SPIRIT AIRLINES,UNITED STATES OF AMERICA,N,North America,A320neo,A320 Family,Ord,56,orders-and-deliveries-july-2026.xlsx
SPIRIT AIRLINES,UNITED STATES OF AMERICA,N,North America,A320neo,A320 Family,Del,56,orders-and-deliveries-july-2026.xlsx
SPIRIT AIRLINES,UNITED STATES OF AMERICA,N,North America,A321ceo,A320 Family,Ord,30,orders-and-deliveries-july-2026.xlsx
SPIRIT AIRLINES,UNITED STATES OF AMERICA,N,North America,A321ceo,A320 Family,Del,30,orders-and-deliveries-july-2026.xlsx
SPIRIT AIRLINES,UNITED STATES OF AMERICA,N,North America,A321neo,A320 Family,Ord,4,orders-and-deliveries-july-2026.xlsx
SPIRIT AIRLINES,UNITED STATES OF AMERICA,N,North America,A321neo,A320 Family,Del,4,orders-and-deliveries-july-2026.xlsx
SPRING AIRLINES,CHINA,A,Asia-Pacific,A320ceo,A320 Family,Ord,46,orders-and-deliveries-july-2026.xlsx
SPRING AIRLINES,CHINA,A,Asia-Pacific,A320ceo,A320 Family,Del,46,orders-and-deliveries-july-2026.xlsx
SPRING AIRLINES,CHINA,A,Asia-Pacific,A320ceo,A320 Family,Opr,74,orders-and-deliveries-july-2026.xlsx
SPRING AIRLINES,CHINA,A,Asia-Pacific,A320neo,A320 Family,Ord,69,orders-and-deliveries-july-2026.xlsx
SPRING AIRLINES,CHINA,A,Asia-Pacific,A320neo,A320 Family,Del,39,orders-and-deliveries-july-2026.xlsx
SPRING AIRLINES,CHINA,A,Asia-Pacific,A320neo,A320 Family,Opr,55,orders-and-deliveries-july-2026.xlsx
SPRING AIRLINES,CHINA,A,Asia-Pacific,A321neo,A320 Family,Ord,21,orders-and-deliveries-july-2026.xlsx
SPRING AIRLINES,CHINA,A,Asia-Pacific,A321neo,A320 Family,Del,11,orders-and-deliveries-july-2026.xlsx
SPRING AIRLINES,CHINA,A,Asia-Pacific,A321neo,A320 Family,Opr,12,orders-and-deliveries-july-2026.xlsx
SPRING JAPAN,JAPAN,A,Asia-Pacific,A321ceo,A320 Family,Opr,3,orders-and-deliveries-july-2026.xlsx
SPRINGJET,PORTUGAL,E,Europe and CIS,A330-200,A330,Opr,1,orders-and-deliveries-july-2026.xlsx
SRILANKAN AIRLINES,SRI LANKA,A,Asia-Pacific,A320ceo,A320 Family,Ord,2,orders-and-deliveries-july-2026.xlsx
SRILANKAN AIRLINES,SRI LANKA,A,Asia-Pacific,A320ceo,A320 Family,Del,2,orders-and-deliveries-july-2026.xlsx
SRILANKAN AIRLINES,SRI LANKA,A,Asia-Pacific,A320ceo,A320 Family,Opr,7,orders-and-deliveries-july-2026.xlsx
SRILANKAN AIRLINES,SRI LANKA,A,Asia-Pacific,A320neo,A320 Family,Opr,2,orders-and-deliveries-july-2026.xlsx
SRILANKAN AIRLINES,SRI LANKA,A,Asia-Pacific,A321neo,A320 Family,Opr,4,orders-and-deliveries-july-2026.xlsx
SRILANKAN AIRLINES,SRI LANKA,A,Asia-Pacific,A330-200,A330,Ord,6,orders-and-deliveries-july-2026.xlsx
SRILANKAN AIRLINES,SRI LANKA,A,Asia-Pacific,A330-200,A330,Del,6,orders-and-deliveries-july-2026.xlsx
SRILANKAN AIRLINES,SRI LANKA,A,Asia-Pacific,A330-200,A330,Opr,3,orders-and-deliveries-july-2026.xlsx
SRILANKAN AIRLINES,SRI LANKA,A,Asia-Pacific,A330-300,A330,Ord,5,orders-and-deliveries-july-2026.xlsx
SRILANKAN AIRLINES,SRI LANKA,A,Asia-Pacific,A330-300,A330,Del,5,orders-and-deliveries-july-2026.xlsx
SRILANKAN AIRLINES,SRI LANKA,A,Asia-Pacific,A330-300,A330,Opr,7,orders-and-deliveries-july-2026.xlsx
SRILANKAN AIRLINES,SRI LANKA,A,Asia-Pacific,A340-200/300,A340,Ord,3,orders-and-deliveries-july-2026.xlsx
SRILANKAN AIRLINES,SRI LANKA,A,Asia-Pacific,A340-200/300,A340,Del,3,orders-and-deliveries-july-2026.xlsx
SRILANKAN AIRLINES,SRI LANKA,A,Asia-Pacific,A350-900,A350,Ord,4,orders-and-deliveries-july-2026.xlsx
STAR EAST AIRLINE,ROMANIA,E,Europe and CIS,A320ceo,A320 Family,Opr,2,orders-and-deliveries-july-2026.xlsx
STARFLYER,JAPAN,A,Asia-Pacific,A320ceo,A320 Family,Ord,3,orders-and-deliveries-july-2026.xlsx
STARFLYER,JAPAN,A,Asia-Pacific,A320ceo,A320 Family,Del,3,orders-and-deliveries-july-2026.xlsx
STARFLYER,JAPAN,A,Asia-Pacific,A320ceo,A320 Family,Opr,7,orders-and-deliveries-july-2026.xlsx
STARFLYER,JAPAN,A,Asia-Pacific,A320neo,A320 Family,Opr,4,orders-and-deliveries-july-2026.xlsx
STARLUX AIRLINES,TAIWAN,A,Asia-Pacific,A321neo,A320 Family,Opr,13,orders-and-deliveries-july-2026.xlsx
STARLUX AIRLINES,TAIWAN,A,Asia-Pacific,A330-900,A330,Ord,3,orders-and-deliveries-july-2026.xlsx
STARLUX AIRLINES,TAIWAN,A,Asia-Pacific,A330-900,A330,Opr,8,orders-and-deliveries-july-2026.xlsx
STARLUX AIRLINES,TAIWAN,A,Asia-Pacific,A350F,A350,Ord,10,orders-and-deliveries-july-2026.xlsx
STARLUX AIRLINES,TAIWAN,A,Asia-Pacific,A350-900,A350,Ord,9,orders-and-deliveries-july-2026.xlsx
STARLUX AIRLINES,TAIWAN,A,Asia-Pacific,A350-900,A350,Del,9,orders-and-deliveries-july-2026.xlsx
STARLUX AIRLINES,TAIWAN,A,Asia-Pacific,A350-900,A350,Opr,10,orders-and-deliveries-july-2026.xlsx
STARLUX AIRLINES,TAIWAN,A,Asia-Pacific,A350-1000,A350,Ord,18,orders-and-deliveries-july-2026.xlsx
STARLUX AIRLINES,TAIWAN,A,Asia-Pacific,A350-1000,A350,Del,3,orders-and-deliveries-july-2026.xlsx
STARLUX AIRLINES,TAIWAN,A,Asia-Pacific,A350-1000,A350,Opr,3,orders-and-deliveries-july-2026.xlsx
SU AIRLINES,GAMBIA,F,Africa,A320ceo,A320 Family,Opr,1,orders-and-deliveries-july-2026.xlsx
SUDAN AIRWAYS,SUDAN,F,Africa,A320ceo,A320 Family,Ord,1,orders-and-deliveries-july-2026.xlsx
SUDAN AIRWAYS,SUDAN,F,Africa,A320ceo,A320 Family,Del,1,orders-and-deliveries-july-2026.xlsx
SUDAN AIRWAYS,SUDAN,F,Africa,A320ceo,A320 Family,Opr,1,orders-and-deliveries-july-2026.xlsx
SUMISHO AIR LEASE,UNITED STATES OF AMERICA,N,North America,A220-100,A220,Ord,9,orders-and-deliveries-july-2026.xlsx
SUMISHO AIR LEASE,UNITED STATES OF AMERICA,N,North America,A220-100,A220,Del,9,orders-and-deliveries-july-2026.xlsx
SUMISHO AIR LEASE,UNITED STATES OF AMERICA,N,North America,A220-300,A220,Ord,36,orders-and-deliveries-july-2026.xlsx
SUMISHO AIR LEASE,UNITED STATES OF AMERICA,N,North America,A220-300,A220,Del,36,orders-and-deliveries-july-2026.xlsx
SUMISHO AIR LEASE,UNITED STATES OF AMERICA,N,North America,A320ceo,A320 Family,Ord,30,orders-and-deliveries-july-2026.xlsx
SUMISHO AIR LEASE,UNITED STATES OF AMERICA,N,North America,A320ceo,A320 Family,Del,30,orders-and-deliveries-july-2026.xlsx
SUMISHO AIR LEASE,UNITED STATES OF AMERICA,N,North America,A320neo,A320 Family,Ord,30,orders-and-deliveries-july-2026.xlsx
SUMISHO AIR LEASE,UNITED STATES OF AMERICA,N,North America,A320neo,A320 Family,Del,30,orders-and-deliveries-july-2026.xlsx
SUMISHO AIR LEASE,UNITED STATES OF AMERICA,N,North America,A321ceo,A320 Family,Ord,29,orders-and-deliveries-july-2026.xlsx
SUMISHO AIR LEASE,UNITED STATES OF AMERICA,N,North America,A321ceo,A320 Family,Del,29,orders-and-deliveries-july-2026.xlsx
SUMISHO AIR LEASE,UNITED STATES OF AMERICA,N,North America,A321neo,A320 Family,Ord,136,orders-and-deliveries-july-2026.xlsx
SUMISHO AIR LEASE,UNITED STATES OF AMERICA,N,North America,A321neo,A320 Family,Del,136,orders-and-deliveries-july-2026.xlsx
SUMISHO AIR LEASE,UNITED STATES OF AMERICA,N,North America,A330-200,A330,Ord,10,orders-and-deliveries-july-2026.xlsx
SUMISHO AIR LEASE,UNITED STATES OF AMERICA,N,North America,A330-200,A330,Del,10,orders-and-deliveries-july-2026.xlsx
SUMISHO AIR LEASE,UNITED STATES OF AMERICA,N,North America,A330-300,A330,Ord,6,orders-and-deliveries-july-2026.xlsx
SUMISHO AIR LEASE,UNITED STATES OF AMERICA,N,North America,A330-300,A330,Del,6,orders-and-deliveries-july-2026.xlsx
SUMISHO AIR LEASE,UNITED STATES OF AMERICA,N,North America,A330-900,A330,Ord,30,orders-and-deliveries-july-2026.xlsx
SUMISHO AIR LEASE,UNITED STATES OF AMERICA,N,North America,A330-900,A330,Del,30,orders-and-deliveries-july-2026.xlsx
SUMISHO AIR LEASE,UNITED STATES OF AMERICA,N,North America,A350-900,A350,Ord,18,orders-and-deliveries-july-2026.xlsx
SUMISHO AIR LEASE,UNITED STATES OF AMERICA,N,North America,A350-900,A350,Del,18,orders-and-deliveries-july-2026.xlsx
SUMISHO AIR LEASE,UNITED STATES OF AMERICA,N,North America,A350-1000,A350,Ord,8,orders-and-deliveries-july-2026.xlsx
SUMISHO AIR LEASE,UNITED STATES OF AMERICA,N,North America,A350-1000,A350,Del,8,orders-and-deliveries-july-2026.xlsx
SUNCLASS AIRLINES,DENMARK,E,Europe and CIS,A320ceo,A320 Family,Ord,6,orders-and-deliveries-july-2026.xlsx
SUNCLASS AIRLINES,DENMARK,E,Europe and CIS,A320ceo,A320 Family,Del,6,orders-and-deliveries-july-2026.xlsx
SUNCLASS AIRLINES,DENMARK,E,Europe and CIS,A321ceo,A320 Family,Ord,4,orders-and-deliveries-july-2026.xlsx
SUNCLASS AIRLINES,DENMARK,E,Europe and CIS,A321ceo,A320 Family,Del,4,orders-and-deliveries-july-2026.xlsx
SUNCLASS AIRLINES,DENMARK,E,Europe and CIS,A321ceo,A320 Family,Opr,6,orders-and-deliveries-july-2026.xlsx
SUNCLASS AIRLINES,DENMARK,E,Europe and CIS,A321neo,A320 Family,Opr,3,orders-and-deliveries-july-2026.xlsx
SUNCLASS AIRLINES,DENMARK,E,Europe and CIS,A330-900,A330,Opr,3,orders-and-deliveries-july-2026.xlsx
SUNDAIR,GERMANY,E,Europe and CIS,A320ceo,A320 Family,Opr,3,orders-and-deliveries-july-2026.xlsx
SUN PHUQUOC AIRWAYS,VIETNAM,A,Asia-Pacific,A320ceo,A320 Family,Opr,4,orders-and-deliveries-july-2026.xlsx
SUN PHUQUOC AIRWAYS,VIETNAM,A,Asia-Pacific,A320neo,A320 Family,Opr,4,orders-and-deliveries-july-2026.xlsx
SUN PHUQUOC AIRWAYS,VIETNAM,A,Asia-Pacific,A321ceo,A320 Family,Opr,2,orders-and-deliveries-july-2026.xlsx
SUN PHUQUOC AIRWAYS,VIETNAM,A,Asia-Pacific,A321neo,A320 Family,Opr,12,orders-and-deliveries-july-2026.xlsx
SUPER AIR JET,INDONESIA,A,Asia-Pacific,A320ceo,A320 Family,Opr,61,orders-and-deliveries-july-2026.xlsx
SWIFTAIR,SPAIN,E,Europe and CIS,A321ceo,A320 Family,Opr,5,orders-and-deliveries-july-2026.xlsx
SWISS,SWITZERLAND,E,Europe and CIS,A220-100,A220,Ord,9,orders-and-deliveries-july-2026.xlsx
SWISS,SWITZERLAND,E,Europe and CIS,A220-100,A220,Del,9,orders-and-deliveries-july-2026.xlsx
SWISS,SWITZERLAND,E,Europe and CIS,A220-100,A220,Opr,9,orders-and-deliveries-july-2026.xlsx
SWISS,SWITZERLAND,E,Europe and CIS,A220-300,A220,Ord,21,orders-and-deliveries-july-2026.xlsx
SWISS,SWITZERLAND,E,Europe and CIS,A220-300,A220,Del,21,orders-and-deliveries-july-2026.xlsx
SWISS,SWITZERLAND,E,Europe and CIS,A220-300,A220,Opr,21,orders-and-deliveries-july-2026.xlsx
SWISS,SWITZERLAND,E,Europe and CIS,A320ceo,A320 Family,Ord,4,orders-and-deliveries-july-2026.xlsx
SWISS,SWITZERLAND,E,Europe and CIS,A320ceo,A320 Family,Del,4,orders-and-deliveries-july-2026.xlsx
SWISS,SWITZERLAND,E,Europe and CIS,A320ceo,A320 Family,Opr,10,orders-and-deliveries-july-2026.xlsx
SWISS,SWITZERLAND,E,Europe and CIS,A320neo,A320 Family,Ord,16,orders-and-deliveries-july-2026.xlsx
SWISS,SWITZERLAND,E,Europe and CIS,A320neo,A320 Family,Del,12,orders-and-deliveries-july-2026.xlsx
SWISS,SWITZERLAND,E,Europe and CIS,A320neo,A320 Family,Opr,11,orders-and-deliveries-july-2026.xlsx
SWISS,SWITZERLAND,E,Europe and CIS,A321ceo,A320 Family,Ord,3,orders-and-deliveries-july-2026.xlsx
SWISS,SWITZERLAND,E,Europe and CIS,A321ceo,A320 Family,Del,3,orders-and-deliveries-july-2026.xlsx
SWISS,SWITZERLAND,E,Europe and CIS,A321ceo,A320 Family,Opr,6,orders-and-deliveries-july-2026.xlsx
SWISS,SWITZERLAND,E,Europe and CIS,A321neo,A320 Family,Ord,9,orders-and-deliveries-july-2026.xlsx
SWISS,SWITZERLAND,E,Europe and CIS,A321neo,A320 Family,Del,7,orders-and-deliveries-july-2026.xlsx
SWISS,SWITZERLAND,E,Europe and CIS,A321neo,A320 Family,Opr,7,orders-and-deliveries-july-2026.xlsx
SWISS,SWITZERLAND,E,Europe and CIS,A330-300,A330,Ord,16,orders-and-deliveries-july-2026.xlsx
SWISS,SWITZERLAND,E,Europe and CIS,A330-300,A330,Del,16,orders-and-deliveries-july-2026.xlsx
SWISS,SWITZERLAND,E,Europe and CIS,A330-300,A330,Opr,14,orders-and-deliveries-july-2026.xlsx
SWISS,SWITZERLAND,E,Europe and CIS,A340-200/300,A340,Ord,9,orders-and-deliveries-july-2026.xlsx
SWISS,SWITZERLAND,E,Europe and CIS,A340-200/300,A340,Del,9,orders-and-deliveries-july-2026.xlsx
SWISS,SWITZERLAND,E,Europe and CIS,A340-200/300,A340,Opr,4,orders-and-deliveries-july-2026.xlsx
SWISS,SWITZERLAND,E,Europe and CIS,A350-900,A350,Opr,2,orders-and-deliveries-july-2026.xlsx
SWISSAIR,SWITZERLAND,E,Europe and CIS,A319ceo,A320 Family,Ord,6,orders-and-deliveries-july-2026.xlsx
SWISSAIR,SWITZERLAND,E,Europe and CIS,A319ceo,A320 Family,Del,6,orders-and-deliveries-july-2026.xlsx
SWISSAIR,SWITZERLAND,E,Europe and CIS,A320ceo,A320 Family,Ord,17,orders-and-deliveries-july-2026.xlsx
SWISSAIR,SWITZERLAND,E,Europe and CIS,A320ceo,A320 Family,Del,17,orders-and-deliveries-july-2026.xlsx
SWISSAIR,SWITZERLAND,E,Europe and CIS,A321ceo,A320 Family,Ord,6,orders-and-deliveries-july-2026.xlsx
SWISSAIR,SWITZERLAND,E,Europe and CIS,A321ceo,A320 Family,Del,6,orders-and-deliveries-july-2026.xlsx
SWISSAIR,SWITZERLAND,E,Europe and CIS,A310,A300/A310,Ord,9,orders-and-deliveries-july-2026.xlsx
SWISSAIR,SWITZERLAND,E,Europe and CIS,A310,A300/A310,Del,9,orders-and-deliveries-july-2026.xlsx
SWISSAIR,SWITZERLAND,E,Europe and CIS,A330-200,A330,Ord,4,orders-and-deliveries-july-2026.xlsx
SWISSAIR,SWITZERLAND,E,Europe and CIS,A330-200,A330,Del,4,orders-and-deliveries-july-2026.xlsx
SYNERGY AEROSPACE,BRAZIL,L,Latin America & Caribbean,A320ceo,A320 Family,Ord,20,orders-and-deliveries-july-2026.xlsx
SYNERGY AEROSPACE,BRAZIL,L,Latin America & Caribbean,A320ceo,A320 Family,Del,20,orders-and-deliveries-july-2026.xlsx
SYNERGY AEROSPACE,BRAZIL,L,Latin America & Caribbean,A330-200,A330,Ord,6,orders-and-deliveries-july-2026.xlsx
SYNERGY AEROSPACE,BRAZIL,L,Latin America & Caribbean,A330-200,A330,Del,6,orders-and-deliveries-july-2026.xlsx
SYRIANAIR,SYRIA,M,Middle East,A320ceo,A320 Family,Ord,6,orders-and-deliveries-july-2026.xlsx
SYRIANAIR,SYRIA,M,Middle East,A320ceo,A320 Family,Del,6,orders-and-deliveries-july-2026.xlsx
SYRIANAIR,SYRIA,M,Middle East,A320ceo,A320 Family,Opr,4,orders-and-deliveries-july-2026.xlsx
SYRIANAIR,SYRIA,M,Middle East,A340-200/300,A340,Opr,2,orders-and-deliveries-july-2026.xlsx
TAAG ANGOLA AIRLINES,ANGOLA,F,Africa,A220-300,A220,Opr,6,orders-and-deliveries-july-2026.xlsx
TABAN AIR,IRAN,M,Middle East,A310,A300/A310,Opr,1,orders-and-deliveries-july-2026.xlsx
TAP AIR PORTUGAL,PORTUGAL,E,Europe and CIS,A319ceo,A320 Family,Ord,13,orders-and-deliveries-july-2026.xlsx
TAP AIR PORTUGAL,PORTUGAL,E,Europe and CIS,A319ceo,A320 Family,Del,13,orders-and-deliveries-july-2026.xlsx
TAP AIR PORTUGAL,PORTUGAL,E,Europe and CIS,A319ceo,A320 Family,Opr,3,orders-and-deliveries-july-2026.xlsx
TAP AIR PORTUGAL,PORTUGAL,E,Europe and CIS,A320ceo,A320 Family,Ord,5,orders-and-deliveries-july-2026.xlsx
TAP AIR PORTUGAL,PORTUGAL,E,Europe and CIS,A320ceo,A320 Family,Del,5,orders-and-deliveries-july-2026.xlsx
TAP AIR PORTUGAL,PORTUGAL,E,Europe and CIS,A320ceo,A320 Family,Opr,14,orders-and-deliveries-july-2026.xlsx
TAP AIR PORTUGAL,PORTUGAL,E,Europe and CIS,A320neo,A320 Family,Ord,16,orders-and-deliveries-july-2026.xlsx
TAP AIR PORTUGAL,PORTUGAL,E,Europe and CIS,A320neo,A320 Family,Del,10,orders-and-deliveries-july-2026.xlsx
TAP AIR PORTUGAL,PORTUGAL,E,Europe and CIS,A320neo,A320 Family,Opr,19,orders-and-deliveries-july-2026.xlsx
TAP AIR PORTUGAL,PORTUGAL,E,Europe and CIS,A321ceo,A320 Family,Ord,3,orders-and-deliveries-july-2026.xlsx
TAP AIR PORTUGAL,PORTUGAL,E,Europe and CIS,A321ceo,A320 Family,Del,3,orders-and-deliveries-july-2026.xlsx
TAP AIR PORTUGAL,PORTUGAL,E,Europe and CIS,A321ceo,A320 Family,Opr,3,orders-and-deliveries-july-2026.xlsx
TAP AIR PORTUGAL,PORTUGAL,E,Europe and CIS,A321neo,A320 Family,Ord,24,orders-and-deliveries-july-2026.xlsx
TAP AIR PORTUGAL,PORTUGAL,E,Europe and CIS,A321neo,A320 Family,Del,17,orders-and-deliveries-july-2026.xlsx
TAP AIR PORTUGAL,PORTUGAL,E,Europe and CIS,A321neo,A320 Family,Opr,26,orders-and-deliveries-july-2026.xlsx
TAP AIR PORTUGAL,PORTUGAL,E,Europe and CIS,A310,A300/A310,Ord,5,orders-and-deliveries-july-2026.xlsx
TAP AIR PORTUGAL,PORTUGAL,E,Europe and CIS,A310,A300/A310,Del,5,orders-and-deliveries-july-2026.xlsx
TAP AIR PORTUGAL,PORTUGAL,E,Europe and CIS,A330-200,A330,Ord,5,orders-and-deliveries-july-2026.xlsx
TAP AIR PORTUGAL,PORTUGAL,E,Europe and CIS,A330-200,A330,Del,5,orders-and-deliveries-july-2026.xlsx
TAP AIR PORTUGAL,PORTUGAL,E,Europe and CIS,A330-200,A330,Opr,3,orders-and-deliveries-july-2026.xlsx
TAP AIR PORTUGAL,PORTUGAL,E,Europe and CIS,A330-900,A330,Ord,12,orders-and-deliveries-july-2026.xlsx
TAP AIR PORTUGAL,PORTUGAL,E,Europe and CIS,A330-900,A330,Del,10,orders-and-deliveries-july-2026.xlsx
TAP AIR PORTUGAL,PORTUGAL,E,Europe and CIS,A330-900,A330,Opr,19,orders-and-deliveries-july-2026.xlsx
TAP AIR PORTUGAL,PORTUGAL,E,Europe and CIS,A340-200/300,A340,Ord,4,orders-and-deliveries-july-2026.xlsx
TAP AIR PORTUGAL,PORTUGAL,E,Europe and CIS,A340-200/300,A340,Del,4,orders-and-deliveries-july-2026.xlsx
TAROM,ROMANIA,E,Europe and CIS,A318,A320 Family,Ord,4,orders-and-deliveries-july-2026.xlsx
TAROM,ROMANIA,E,Europe and CIS,A318,A320 Family,Del,4,orders-and-deliveries-july-2026.xlsx
TAROM,ROMANIA,E,Europe and CIS,A310,A300/A310,Ord,2,orders-and-deliveries-july-2026.xlsx
TAROM,ROMANIA,E,Europe and CIS,A310,A300/A310,Del,2,orders-and-deliveries-july-2026.xlsx
TASHKENT AIR,UZBEKISTAN,E,Europe and CIS,A330-200,A330,Opr,1,orders-and-deliveries-july-2026.xlsx
TEXAS AVIATION GROUP,UNITED STATES OF AMERICA,N,North America,A319ceo,A320 Family,Ord,3,orders-and-deliveries-july-2026.xlsx
TEXAS AVIATION GROUP,UNITED STATES OF AMERICA,N,North America,A319ceo,A320 Family,Del,3,orders-and-deliveries-july-2026.xlsx
THAI AIRWAYS,THAILAND,A,Asia-Pacific,A320ceo,A320 Family,Ord,5,orders-and-deliveries-july-2026.xlsx
THAI AIRWAYS,THAILAND,A,Asia-Pacific,A320ceo,A320 Family,Del,5,orders-and-deliveries-july-2026.xlsx
THAI AIRWAYS,THAILAND,A,Asia-Pacific,A320ceo,A320 Family,Opr,20,orders-and-deliveries-july-2026.xlsx
THAI AIRWAYS,THAILAND,A,Asia-Pacific,A321neo,A320 Family,Opr,9,orders-and-deliveries-july-2026.xlsx
THAI AIRWAYS,THAILAND,A,Asia-Pacific,A300,A300/A310,Ord,33,orders-and-deliveries-july-2026.xlsx
THAI AIRWAYS,THAILAND,A,Asia-Pacific,A300,A300/A310,Del,33,orders-and-deliveries-july-2026.xlsx
THAI AIRWAYS,THAILAND,A,Asia-Pacific,A310,A300/A310,Ord,2,orders-and-deliveries-july-2026.xlsx
THAI AIRWAYS,THAILAND,A,Asia-Pacific,A310,A300/A310,Del,2,orders-and-deliveries-july-2026.xlsx
THAI AIRWAYS,THAILAND,A,Asia-Pacific,A330-300,A330,Ord,27,orders-and-deliveries-july-2026.xlsx
THAI AIRWAYS,THAILAND,A,Asia-Pacific,A330-300,A330,Del,27,orders-and-deliveries-july-2026.xlsx
THAI AIRWAYS,THAILAND,A,Asia-Pacific,A330-300,A330,Opr,6,orders-and-deliveries-july-2026.xlsx
THAI AIRWAYS,THAILAND,A,Asia-Pacific,A340-500/600,A340,Ord,10,orders-and-deliveries-july-2026.xlsx
THAI AIRWAYS,THAILAND,A,Asia-Pacific,A340-500/600,A340,Del,10,orders-and-deliveries-july-2026.xlsx
THAI AIRWAYS,THAILAND,A,Asia-Pacific,A350-900,A350,Ord,4,orders-and-deliveries-july-2026.xlsx
THAI AIRWAYS,THAILAND,A,Asia-Pacific,A350-900,A350,Del,4,orders-and-deliveries-july-2026.xlsx
THAI AIRWAYS,THAILAND,A,Asia-Pacific,A350-900,A350,Opr,23,orders-and-deliveries-july-2026.xlsx
THAI AIRWAYS,THAILAND,A,Asia-Pacific,A380,A380,Ord,6,orders-and-deliveries-july-2026.xlsx
THAI AIRWAYS,THAILAND,A,Asia-Pacific,A380,A380,Del,6,orders-and-deliveries-july-2026.xlsx
THAI AIRWAYS,THAILAND,A,Asia-Pacific,A380,A380,Opr,1,orders-and-deliveries-july-2026.xlsx
THOMAS COOK AG,GERMANY,E,Europe and CIS,A320ceo,A320 Family,Ord,2,orders-and-deliveries-july-2026.xlsx
THOMAS COOK AG,GERMANY,E,Europe and CIS,A320ceo,A320 Family,Del,2,orders-and-deliveries-july-2026.xlsx
THREE TWENTY HOLDINGS,BERMUDA,L,Latin America & Caribbean,A320ceo,A320 Family,Ord,2,orders-and-deliveries-july-2026.xlsx
THREE TWENTY HOLDINGS,BERMUDA,L,Latin America & Caribbean,A320ceo,A320 Family,Del,2,orders-and-deliveries-july-2026.xlsx
TIANJIN AIRLINES,CHINA,A,Asia-Pacific,A320ceo,A320 Family,Opr,26,orders-and-deliveries-july-2026.xlsx
TIANJIN AIRLINES,CHINA,A,Asia-Pacific,A320neo,A320 Family,Opr,16,orders-and-deliveries-july-2026.xlsx
TIANJIN AIRLINES,CHINA,A,Asia-Pacific,A321ceo,A320 Family,Opr,2,orders-and-deliveries-july-2026.xlsx
TIANJIN AIRLINES,CHINA,A,Asia-Pacific,A330-200,A330,Ord,4,orders-and-deliveries-july-2026.xlsx
TIANJIN AIRLINES,CHINA,A,Asia-Pacific,A330-200,A330,Del,4,orders-and-deliveries-july-2026.xlsx
TIANJIN AIRLINES,CHINA,A,Asia-Pacific,A330-200,A330,Opr,4,orders-and-deliveries-july-2026.xlsx
TIANJIN AIRLINES,CHINA,A,Asia-Pacific,A330-300,A330,Ord,2,orders-and-deliveries-july-2026.xlsx
TIANJIN AIRLINES,CHINA,A,Asia-Pacific,A330-300,A330,Del,2,orders-and-deliveries-july-2026.xlsx
TIGERAIR AUSTRALIA,AUSTRALIA,A,Asia-Pacific,A320ceo,A320 Family,Ord,6,orders-and-deliveries-july-2026.xlsx
TIGERAIR AUSTRALIA,AUSTRALIA,A,Asia-Pacific,A320ceo,A320 Family,Del,6,orders-and-deliveries-july-2026.xlsx
TIGERAIR TAIWAN,TAIWAN,A,Asia-Pacific,A320ceo,A320 Family,Opr,9,orders-and-deliveries-july-2026.xlsx
TIGERAIR TAIWAN,TAIWAN,A,Asia-Pacific,A320neo,A320 Family,Ord,7,orders-and-deliveries-july-2026.xlsx
TIGERAIR TAIWAN,TAIWAN,A,Asia-Pacific,A320neo,A320 Family,Del,1,orders-and-deliveries-july-2026.xlsx
TIGERAIR TAIWAN,TAIWAN,A,Asia-Pacific,A320neo,A320 Family,Opr,9,orders-and-deliveries-july-2026.xlsx
TIGERAIR TAIWAN,TAIWAN,A,Asia-Pacific,A321neo,A320 Family,Ord,4,orders-and-deliveries-july-2026.xlsx
TIMAERO IRELAND,IRELAND,E,Europe and CIS,A320neo,A320 Family,Ord,20,orders-and-deliveries-july-2026.xlsx
TITAN AIRWAYS,UNITED KINGDOM,E,Europe and CIS,A320ceo,A320 Family,Opr,2,orders-and-deliveries-july-2026.xlsx
TITAN AIRWAYS,UNITED KINGDOM,E,Europe and CIS,A321ceo,A320 Family,Opr,5,orders-and-deliveries-july-2026.xlsx
TITAN AIRWAYS,UNITED KINGDOM,E,Europe and CIS,A321neo,A320 Family,Opr,3,orders-and-deliveries-july-2026.xlsx
TM AEROLINEAS S.A. DE C.V (AWESOME CARGO),MEXICO,L,Latin America & Caribbean,A330-200,A330,Opr,3,orders-and-deliveries-july-2026.xlsx
TRADE AIR,CROATIA,E,Europe and CIS,A320ceo,A320 Family,Opr,5,orders-and-deliveries-july-2026.xlsx
TRANSASIA AIRWAYS,TAIWAN,A,Asia-Pacific,A320ceo,A320 Family,Ord,5,orders-and-deliveries-july-2026.xlsx
TRANSASIA AIRWAYS,TAIWAN,A,Asia-Pacific,A320ceo,A320 Family,Del,5,orders-and-deliveries-july-2026.xlsx
TRANSASIA AIRWAYS,TAIWAN,A,Asia-Pacific,A321ceo,A320 Family,Ord,12,orders-and-deliveries-july-2026.xlsx
TRANSASIA AIRWAYS,TAIWAN,A,Asia-Pacific,A321ceo,A320 Family,Del,12,orders-and-deliveries-july-2026.xlsx
TRANSASIA AIRWAYS,TAIWAN,A,Asia-Pacific,A330-300,A330,Ord,2,orders-and-deliveries-july-2026.xlsx
TRANSASIA AIRWAYS,TAIWAN,A,Asia-Pacific,A330-300,A330,Del,2,orders-and-deliveries-july-2026.xlsx
TRANSAVIA,NETHERLANDS,E,Europe and CIS,A321neo,A320 Family,Ord,7,orders-and-deliveries-july-2026.xlsx
TRANSAVIA,NETHERLANDS,E,Europe and CIS,A321neo,A320 Family,Del,7,orders-and-deliveries-july-2026.xlsx
TRANSAVIA,NETHERLANDS,E,Europe and CIS,A321neo,A320 Family,Opr,18,orders-and-deliveries-july-2026.xlsx
TRANSAVIA FRANCE,FRANCE,E,Europe and CIS,A320neo,A320 Family,Ord,8,orders-and-deliveries-july-2026.xlsx
TRANSAVIA FRANCE,FRANCE,E,Europe and CIS,A320neo,A320 Family,Del,8,orders-and-deliveries-july-2026.xlsx
TRANSAVIA FRANCE,FRANCE,E,Europe and CIS,A320neo,A320 Family,Opr,31,orders-and-deliveries-july-2026.xlsx
TRANS EUROPEAN AIRWAYS,BELGIUM,E,Europe and CIS,A300,A300/A310,Ord,1,orders-and-deliveries-july-2026.xlsx
TRANS EUROPEAN AIRWAYS,BELGIUM,E,Europe and CIS,A300,A300/A310,Del,1,orders-and-deliveries-july-2026.xlsx
TRANS EUROPEAN AIRWAYS,BELGIUM,E,Europe and CIS,A310,A300/A310,Ord,1,orders-and-deliveries-july-2026.xlsx
TRANS EUROPEAN AIRWAYS,BELGIUM,E,Europe and CIS,A310,A300/A310,Del,1,orders-and-deliveries-july-2026.xlsx
TRANSNUSA AIR SERVICES,INDONESIA,A,Asia-Pacific,A320ceo,A320 Family,Opr,8,orders-and-deliveries-july-2026.xlsx
TRANSNUSA AIR SERVICES,INDONESIA,A,Asia-Pacific,A321ceo,A320 Family,Opr,3,orders-and-deliveries-july-2026.xlsx
TRINITY AIRWAYS,SOUTH KOREA,A,Asia-Pacific,A330-200,A330,Opr,6,orders-and-deliveries-july-2026.xlsx
TRINITY AIRWAYS,SOUTH KOREA,A,Asia-Pacific,A330-300,A330,Opr,5,orders-and-deliveries-july-2026.xlsx
TUI TRAVEL AVIATION FINANCE,GERMANY,E,Europe and CIS,A330-300,A330,Ord,2,orders-and-deliveries-july-2026.xlsx
TUI TRAVEL AVIATION FINANCE,GERMANY,E,Europe and CIS,A330-300,A330,Del,2,orders-and-deliveries-july-2026.xlsx
TUNISAIR,TUNISIA,F,Africa,A319ceo,A320 Family,Ord,4,orders-and-deliveries-july-2026.xlsx
TUNISAIR,TUNISIA,F,Africa,A319ceo,A320 Family,Del,4,orders-and-deliveries-july-2026.xlsx
TUNISAIR,TUNISIA,F,Africa,A319ceo,A320 Family,Opr,1,orders-and-deliveries-july-2026.xlsx
TUNISAIR,TUNISIA,F,Africa,A320ceo,A320 Family,Ord,18,orders-and-deliveries-july-2026.xlsx
TUNISAIR,TUNISIA,F,Africa,A320ceo,A320 Family,Del,18,orders-and-deliveries-july-2026.xlsx
TUNISAIR,TUNISIA,F,Africa,A320ceo,A320 Family,Opr,10,orders-and-deliveries-july-2026.xlsx
TUNISAIR,TUNISIA,F,Africa,A320neo,A320 Family,Ord,5,orders-and-deliveries-july-2026.xlsx
TUNISAIR,TUNISIA,F,Africa,A320neo,A320 Family,Del,5,orders-and-deliveries-july-2026.xlsx
TUNISAIR,TUNISIA,F,Africa,A320neo,A320 Family,Opr,5,orders-and-deliveries-july-2026.xlsx
TUNISAIR,TUNISIA,F,Africa,A300,A300/A310,Ord,1,orders-and-deliveries-july-2026.xlsx
TUNISAIR,TUNISIA,F,Africa,A300,A300/A310,Del,1,orders-and-deliveries-july-2026.xlsx
TUNISAIR,TUNISIA,F,Africa,A330-200,A330,Ord,2,orders-and-deliveries-july-2026.xlsx
TUNISAIR,TUNISIA,F,Africa,A330-200,A330,Del,2,orders-and-deliveries-july-2026.xlsx
TUNISAIR,TUNISIA,F,Africa,A330-200,A330,Opr,2,orders-and-deliveries-july-2026.xlsx
TURKISH AIRLINES,TURKEY,E,Europe and CIS,A319ceo,A320 Family,Ord,6,orders-and-deliveries-july-2026.xlsx
TURKISH AIRLINES,TURKEY,E,Europe and CIS,A319ceo,A320 Family,Del,6,orders-and-deliveries-july-2026.xlsx
TURKISH AIRLINES,TURKEY,E,Europe and CIS,A319ceo,A320 Family,Opr,7,orders-and-deliveries-july-2026.xlsx
TURKISH AIRLINES,TURKEY,E,Europe and CIS,A320ceo,A320 Family,Ord,19,orders-and-deliveries-july-2026.xlsx
TURKISH AIRLINES,TURKEY,E,Europe and CIS,A320ceo,A320 Family,Del,19,orders-and-deliveries-july-2026.xlsx
TURKISH AIRLINES,TURKEY,E,Europe and CIS,A320ceo,A320 Family,Opr,18,orders-and-deliveries-july-2026.xlsx
TURKISH AIRLINES,TURKEY,E,Europe and CIS,A320neo,A320 Family,Opr,32,orders-and-deliveries-july-2026.xlsx
TURKISH AIRLINES,TURKEY,E,Europe and CIS,A321ceo,A320 Family,Ord,65,orders-and-deliveries-july-2026.xlsx
TURKISH AIRLINES,TURKEY,E,Europe and CIS,A321ceo,A320 Family,Del,65,orders-and-deliveries-july-2026.xlsx
TURKISH AIRLINES,TURKEY,E,Europe and CIS,A321ceo,A320 Family,Opr,68,orders-and-deliveries-july-2026.xlsx
TURKISH AIRLINES,TURKEY,E,Europe and CIS,A321neo,A320 Family,Ord,238,orders-and-deliveries-july-2026.xlsx
TURKISH AIRLINES,TURKEY,E,Europe and CIS,A321neo,A320 Family,Del,53,orders-and-deliveries-july-2026.xlsx
TURKISH AIRLINES,TURKEY,E,Europe and CIS,A321neo,A320 Family,Opr,74,orders-and-deliveries-july-2026.xlsx
TURKISH AIRLINES,TURKEY,E,Europe and CIS,A310,A300/A310,Ord,14,orders-and-deliveries-july-2026.xlsx
TURKISH AIRLINES,TURKEY,E,Europe and CIS,A310,A300/A310,Del,14,orders-and-deliveries-july-2026.xlsx
TURKISH AIRLINES,TURKEY,E,Europe and CIS,A330-200,A330,Ord,6,orders-and-deliveries-july-2026.xlsx
TURKISH AIRLINES,TURKEY,E,Europe and CIS,A330-200,A330,Del,6,orders-and-deliveries-july-2026.xlsx
TURKISH AIRLINES,TURKEY,E,Europe and CIS,A330-200,A330,Opr,13,orders-and-deliveries-july-2026.xlsx
TURKISH AIRLINES,TURKEY,E,Europe and CIS,A330-200F,A330,Ord,9,orders-and-deliveries-july-2026.xlsx
TURKISH AIRLINES,TURKEY,E,Europe and CIS,A330-200F,A330,Del,9,orders-and-deliveries-july-2026.xlsx
TURKISH AIRLINES,TURKEY,E,Europe and CIS,A330-200F,A330,Opr,10,orders-and-deliveries-july-2026.xlsx
TURKISH AIRLINES,TURKEY,E,Europe and CIS,A330-300,A330,Ord,30,orders-and-deliveries-july-2026.xlsx
TURKISH AIRLINES,TURKEY,E,Europe and CIS,A330-300,A330,Del,30,orders-and-deliveries-july-2026.xlsx
TURKISH AIRLINES,TURKEY,E,Europe and CIS,A330-300,A330,Opr,37,orders-and-deliveries-july-2026.xlsx
TURKISH AIRLINES,TURKEY,E,Europe and CIS,A340-200/300,A340,Ord,7,orders-and-deliveries-july-2026.xlsx
TURKISH AIRLINES,TURKEY,E,Europe and CIS,A340-200/300,A340,Del,7,orders-and-deliveries-july-2026.xlsx
TURKISH AIRLINES,TURKEY,E,Europe and CIS,A350F,A350,Ord,5,orders-and-deliveries-july-2026.xlsx
TURKISH AIRLINES,TURKEY,E,Europe and CIS,A350-900,A350,Ord,90,orders-and-deliveries-july-2026.xlsx
TURKISH AIRLINES,TURKEY,E,Europe and CIS,A350-900,A350,Del,35,orders-and-deliveries-july-2026.xlsx
TURKISH AIRLINES,TURKEY,E,Europe and CIS,A350-900,A350,Opr,35,orders-and-deliveries-july-2026.xlsx
TURKISH AIRLINES,TURKEY,E,Europe and CIS,A350-1000,A350,Ord,15,orders-and-deliveries-july-2026.xlsx
TURKMENISTAN AIRLINES,TURKMENISTAN,E,Europe and CIS,A330-200,A330,Opr,2,orders-and-deliveries-july-2026.xlsx
TUS AIRWAYS,CYPRUS,E,Europe and CIS,A320ceo,A320 Family,Opr,4,orders-and-deliveries-july-2026.xlsx
TUS IL,ISRAEL,M,Middle East,A320ceo,A320 Family,Opr,1,orders-and-deliveries-july-2026.xlsx
U.T.A.,FRANCE,E,Europe and CIS,A340-200/300,A340,Ord,7,orders-and-deliveries-july-2026.xlsx
U.T.A.,FRANCE,E,Europe and CIS,A340-200/300,A340,Del,7,orders-and-deliveries-july-2026.xlsx
UGANDA AIRLINES,UGANDA,F,Africa,A330-800,A330,Ord,2,orders-and-deliveries-july-2026.xlsx
UGANDA AIRLINES,UGANDA,F,Africa,A330-800,A330,Del,2,orders-and-deliveries-july-2026.xlsx
UGANDA AIRLINES,UGANDA,F,Africa,A330-800,A330,Opr,2,orders-and-deliveries-july-2026.xlsx
ULS AIRLINES CARGO,TURKEY,E,Europe and CIS,A310,A300/A310,Opr,3,orders-and-deliveries-july-2026.xlsx
UNDISCLOSED,UNDISCLOSED,UNDISCLOSED,Unknown,A220-300,A220,Ord,29,orders-and-deliveries-july-2026.xlsx
UNDISCLOSED,UNDISCLOSED,UNDISCLOSED,Unknown,A220-300,A220,Opr,7,orders-and-deliveries-july-2026.xlsx
UNDISCLOSED,UNDISCLOSED,UNDISCLOSED,Unknown,A318,A320 Family,Opr,6,orders-and-deliveries-july-2026.xlsx
UNDISCLOSED,UNDISCLOSED,UNDISCLOSED,Unknown,A319ceo,A320 Family,Opr,89,orders-and-deliveries-july-2026.xlsx
UNDISCLOSED,UNDISCLOSED,UNDISCLOSED,Unknown,A319neo,A320 Family,Ord,11,orders-and-deliveries-july-2026.xlsx
UNDISCLOSED,UNDISCLOSED,UNDISCLOSED,Unknown,A319neo,A320 Family,Opr,3,orders-and-deliveries-july-2026.xlsx
UNDISCLOSED,UNDISCLOSED,UNDISCLOSED,Unknown,A320ceo,A320 Family,Opr,161,orders-and-deliveries-july-2026.xlsx
UNDISCLOSED,UNDISCLOSED,UNDISCLOSED,Unknown,A320neo,A320 Family,Ord,220,orders-and-deliveries-july-2026.xlsx
UNDISCLOSED,UNDISCLOSED,UNDISCLOSED,Unknown,A320neo,A320 Family,Opr,119,orders-and-deliveries-july-2026.xlsx
UNDISCLOSED,UNDISCLOSED,UNDISCLOSED,Unknown,A321ceo,A320 Family,Opr,100,orders-and-deliveries-july-2026.xlsx
UNDISCLOSED,UNDISCLOSED,UNDISCLOSED,Unknown,A321neo,A320 Family,Ord,413,orders-and-deliveries-july-2026.xlsx
UNDISCLOSED,UNDISCLOSED,UNDISCLOSED,Unknown,A321neo,A320 Family,Opr,26,orders-and-deliveries-july-2026.xlsx
UNDISCLOSED,UNDISCLOSED,UNDISCLOSED,Unknown,A300,A300/A310,Opr,5,orders-and-deliveries-july-2026.xlsx
UNDISCLOSED,UNDISCLOSED,UNDISCLOSED,Unknown,A330-200,A330,Opr,46,orders-and-deliveries-july-2026.xlsx
UNDISCLOSED,UNDISCLOSED,UNDISCLOSED,Unknown,A330-200F,A330,Opr,3,orders-and-deliveries-july-2026.xlsx
UNDISCLOSED,UNDISCLOSED,UNDISCLOSED,Unknown,A330-300,A330,Opr,15,orders-and-deliveries-july-2026.xlsx
UNDISCLOSED,UNDISCLOSED,UNDISCLOSED,Unknown,A330-900,A330,Ord,22,orders-and-deliveries-july-2026.xlsx
UNDISCLOSED,UNDISCLOSED,UNDISCLOSED,Unknown,A330-900,A330,Opr,7,orders-and-deliveries-july-2026.xlsx
UNDISCLOSED,UNDISCLOSED,UNDISCLOSED,Unknown,A340-200/300,A340,Opr,15,orders-and-deliveries-july-2026.xlsx
UNDISCLOSED,UNDISCLOSED,UNDISCLOSED,Unknown,A340-500/600,A340,Opr,27,orders-and-deliveries-july-2026.xlsx
UNDISCLOSED,UNDISCLOSED,UNDISCLOSED,Unknown,A350-900,A350,Ord,30,orders-and-deliveries-july-2026.xlsx
UNDISCLOSED,UNDISCLOSED,UNDISCLOSED,Unknown,A380,A380,Opr,6,orders-and-deliveries-july-2026.xlsx
UNITED AIRLINES,UNITED STATES OF AMERICA,N,North America,A319ceo,A320 Family,Ord,55,orders-and-deliveries-july-2026.xlsx
UNITED AIRLINES,UNITED STATES OF AMERICA,N,North America,A319ceo,A320 Family,Del,55,orders-and-deliveries-july-2026.xlsx
UNITED AIRLINES,UNITED STATES OF AMERICA,N,North America,A319ceo,A320 Family,Opr,79,orders-and-deliveries-july-2026.xlsx
UNITED AIRLINES,UNITED STATES OF AMERICA,N,North America,A320ceo,A320 Family,Ord,98,orders-and-deliveries-july-2026.xlsx
UNITED AIRLINES,UNITED STATES OF AMERICA,N,North America,A320ceo,A320 Family,Del,98,orders-and-deliveries-july-2026.xlsx
UNITED AIRLINES,UNITED STATES OF AMERICA,N,North America,A320ceo,A320 Family,Opr,76,orders-and-deliveries-july-2026.xlsx
UNITED AIRLINES,UNITED STATES OF AMERICA,N,North America,A321neo,A320 Family,Ord,220,orders-and-deliveries-july-2026.xlsx
UNITED AIRLINES,UNITED STATES OF AMERICA,N,North America,A321neo,A320 Family,Del,62,orders-and-deliveries-july-2026.xlsx
UNITED AIRLINES,UNITED STATES OF AMERICA,N,North America,A321neo,A320 Family,Opr,73,orders-and-deliveries-july-2026.xlsx
UNITED AIRLINES,UNITED STATES OF AMERICA,N,North America,A350-900,A350,Ord,45,orders-and-deliveries-july-2026.xlsx
UPS,UNITED STATES OF AMERICA,N,North America,A300,A300/A310,Ord,53,orders-and-deliveries-july-2026.xlsx
UPS,UNITED STATES OF AMERICA,N,North America,A300,A300/A310,Del,53,orders-and-deliveries-july-2026.xlsx
UPS,UNITED STATES OF AMERICA,N,North America,A300,A300/A310,Opr,52,orders-and-deliveries-july-2026.xlsx
URAL AIRLINES,RUSSIAN FEDERATION,E,Europe and CIS,A319ceo,A320 Family,Opr,4,orders-and-deliveries-july-2026.xlsx
URAL AIRLINES,RUSSIAN FEDERATION,E,Europe and CIS,A320ceo,A320 Family,Opr,22,orders-and-deliveries-july-2026.xlsx
URAL AIRLINES,RUSSIAN FEDERATION,E,Europe and CIS,A320neo,A320 Family,Opr,3,orders-and-deliveries-july-2026.xlsx
URAL AIRLINES,RUSSIAN FEDERATION,E,Europe and CIS,A321ceo,A320 Family,Opr,14,orders-and-deliveries-july-2026.xlsx
URAL AIRLINES,RUSSIAN FEDERATION,E,Europe and CIS,A321neo,A320 Family,Opr,8,orders-and-deliveries-july-2026.xlsx
US-BANGLA AIRLINES,BANGLADESH,A,Asia-Pacific,A330-300,A330,Opr,3,orders-and-deliveries-july-2026.xlsx
US AIRWAYS,UNITED STATES OF AMERICA,N,North America,A319ceo,A320 Family,Ord,66,orders-and-deliveries-july-2026.xlsx
US AIRWAYS,UNITED STATES OF AMERICA,N,North America,A319ceo,A320 Family,Del,66,orders-and-deliveries-july-2026.xlsx
US AIRWAYS,UNITED STATES OF AMERICA,N,North America,A320ceo,A320 Family,Ord,28,orders-and-deliveries-july-2026.xlsx
US AIRWAYS,UNITED STATES OF AMERICA,N,North America,A320ceo,A320 Family,Del,28,orders-and-deliveries-july-2026.xlsx
US AIRWAYS,UNITED STATES OF AMERICA,N,North America,A321ceo,A320 Family,Ord,121,orders-and-deliveries-july-2026.xlsx
US AIRWAYS,UNITED STATES OF AMERICA,N,North America,A321ceo,A320 Family,Del,121,orders-and-deliveries-july-2026.xlsx
US AIRWAYS,UNITED STATES OF AMERICA,N,North America,A330-200,A330,Ord,15,orders-and-deliveries-july-2026.xlsx
US AIRWAYS,UNITED STATES OF AMERICA,N,North America,A330-200,A330,Del,15,orders-and-deliveries-july-2026.xlsx
US AIRWAYS,UNITED STATES OF AMERICA,N,North America,A330-300,A330,Ord,9,orders-and-deliveries-july-2026.xlsx
US AIRWAYS,UNITED STATES OF AMERICA,N,North America,A330-300,A330,Del,9,orders-and-deliveries-july-2026.xlsx
USC,GERMANY,E,Europe and CIS,A340-200/300,A340,Opr,1,orders-and-deliveries-july-2026.xlsx
USC,GERMANY,E,Europe and CIS,A340-500/600,A340,Opr,4,orders-and-deliveries-july-2026.xlsx
UTAIR AVIATION,RUSSIAN FEDERATION,E,Europe and CIS,A321ceo,A320 Family,Ord,12,orders-and-deliveries-july-2026.xlsx
UTAIR AVIATION,RUSSIAN FEDERATION,E,Europe and CIS,A321ceo,A320 Family,Del,12,orders-and-deliveries-july-2026.xlsx
UZBEKISTAN AIRWAYS,UZBEKISTAN,E,Europe and CIS,A320ceo,A320 Family,Ord,10,orders-and-deliveries-july-2026.xlsx
UZBEKISTAN AIRWAYS,UZBEKISTAN,E,Europe and CIS,A320ceo,A320 Family,Del,10,orders-and-deliveries-july-2026.xlsx
UZBEKISTAN AIRWAYS,UZBEKISTAN,E,Europe and CIS,A320ceo,A320 Family,Opr,10,orders-and-deliveries-july-2026.xlsx
UZBEKISTAN AIRWAYS,UZBEKISTAN,E,Europe and CIS,A320neo,A320 Family,Opr,10,orders-and-deliveries-july-2026.xlsx
UZBEKISTAN AIRWAYS,UZBEKISTAN,E,Europe and CIS,A321neo,A320 Family,Ord,14,orders-and-deliveries-july-2026.xlsx
UZBEKISTAN AIRWAYS,UZBEKISTAN,E,Europe and CIS,A321neo,A320 Family,Opr,5,orders-and-deliveries-july-2026.xlsx
UZBEKISTAN AIRWAYS,UZBEKISTAN,E,Europe and CIS,A310,A300/A310,Ord,1,orders-and-deliveries-july-2026.xlsx
UZBEKISTAN AIRWAYS,UZBEKISTAN,E,Europe and CIS,A310,A300/A310,Del,1,orders-and-deliveries-july-2026.xlsx
V.A.S.P.,BRAZIL,L,Latin America & Caribbean,A300,A300/A310,Ord,3,orders-and-deliveries-july-2026.xlsx
V.A.S.P.,BRAZIL,L,Latin America & Caribbean,A300,A300/A310,Del,3,orders-and-deliveries-july-2026.xlsx
VALLETTA AIRLINES,MALTA,E,Europe and CIS,A320ceo,A320 Family,Opr,6,orders-and-deliveries-july-2026.xlsx
VARIG,BRAZIL,L,Latin America & Caribbean,A300,A300/A310,Ord,2,orders-and-deliveries-july-2026.xlsx
VARIG,BRAZIL,L,Latin America & Caribbean,A300,A300/A310,Del,2,orders-and-deliveries-july-2026.xlsx
VIETJET AIR,VIETNAM,A,Asia-Pacific,A320ceo,A320 Family,Ord,12,orders-and-deliveries-july-2026.xlsx
VIETJET AIR,VIETNAM,A,Asia-Pacific,A320ceo,A320 Family,Del,12,orders-and-deliveries-july-2026.xlsx
VIETJET AIR,VIETNAM,A,Asia-Pacific,A320ceo,A320 Family,Opr,22,orders-and-deliveries-july-2026.xlsx
VIETJET AIR,VIETNAM,A,Asia-Pacific,A321ceo,A320 Family,Ord,36,orders-and-deliveries-july-2026.xlsx
VIETJET AIR,VIETNAM,A,Asia-Pacific,A321ceo,A320 Family,Del,36,orders-and-deliveries-july-2026.xlsx
VIETJET AIR,VIETNAM,A,Asia-Pacific,A321ceo,A320 Family,Opr,42,orders-and-deliveries-july-2026.xlsx
VIETJET AIR,VIETNAM,A,Asia-Pacific,A321neo,A320 Family,Ord,238,orders-and-deliveries-july-2026.xlsx
VIETJET AIR,VIETNAM,A,Asia-Pacific,A321neo,A320 Family,Del,53,orders-and-deliveries-july-2026.xlsx
VIETJET AIR,VIETNAM,A,Asia-Pacific,A321neo,A320 Family,Opr,47,orders-and-deliveries-july-2026.xlsx
VIETJET AIR,VIETNAM,A,Asia-Pacific,A330-300,A330,Opr,8,orders-and-deliveries-july-2026.xlsx
VIETJET AIR,VIETNAM,A,Asia-Pacific,A330-900,A330,Ord,40,orders-and-deliveries-july-2026.xlsx
VIETNAM AIRCRAFT LEASING COMPANY (VALC),VIETNAM,A,Asia-Pacific,A321ceo,A320 Family,Ord,10,orders-and-deliveries-july-2026.xlsx
VIETNAM AIRCRAFT LEASING COMPANY (VALC),VIETNAM,A,Asia-Pacific,A321ceo,A320 Family,Del,10,orders-and-deliveries-july-2026.xlsx
VIETNAM AIRLINES,VIETNAM,A,Asia-Pacific,A320ceo,A320 Family,Opr,1,orders-and-deliveries-july-2026.xlsx
VIETNAM AIRLINES,VIETNAM,A,Asia-Pacific,A320neo,A320 Family,Opr,3,orders-and-deliveries-july-2026.xlsx
VIETNAM AIRLINES,VIETNAM,A,Asia-Pacific,A321ceo,A320 Family,Ord,41,orders-and-deliveries-july-2026.xlsx
VIETNAM AIRLINES,VIETNAM,A,Asia-Pacific,A321ceo,A320 Family,Del,41,orders-and-deliveries-july-2026.xlsx
VIETNAM AIRLINES,VIETNAM,A,Asia-Pacific,A321ceo,A320 Family,Opr,43,orders-and-deliveries-july-2026.xlsx
VIETNAM AIRLINES,VIETNAM,A,Asia-Pacific,A321neo,A320 Family,Opr,20,orders-and-deliveries-july-2026.xlsx
VIETNAM AIRLINES,VIETNAM,A,Asia-Pacific,A350-900,A350,Ord,10,orders-and-deliveries-july-2026.xlsx
VIETNAM AIRLINES,VIETNAM,A,Asia-Pacific,A350-900,A350,Del,10,orders-and-deliveries-july-2026.xlsx
VIETNAM AIRLINES,VIETNAM,A,Asia-Pacific,A350-900,A350,Opr,14,orders-and-deliveries-july-2026.xlsx
VIETRAVEL AIRLINES,VIETNAM,A,Asia-Pacific,A320ceo,A320 Family,Opr,1,orders-and-deliveries-july-2026.xlsx
VIETRAVEL AIRLINES,VIETNAM,A,Asia-Pacific,A321ceo,A320 Family,Opr,4,orders-and-deliveries-july-2026.xlsx
VIRGIN AMERICA,UNITED STATES OF AMERICA,N,North America,A319ceo,A320 Family,Ord,8,orders-and-deliveries-july-2026.xlsx
VIRGIN AMERICA,UNITED STATES OF AMERICA,N,North America,A319ceo,A320 Family,Del,8,orders-and-deliveries-july-2026.xlsx
VIRGIN AMERICA,UNITED STATES OF AMERICA,N,North America,A320ceo,A320 Family,Ord,19,orders-and-deliveries-july-2026.xlsx
VIRGIN AMERICA,UNITED STATES OF AMERICA,N,North America,A320ceo,A320 Family,Del,19,orders-and-deliveries-july-2026.xlsx
VIRGIN ATLANTIC AIRWAYS,UNITED KINGDOM,E,Europe and CIS,A330-300,A330,Ord,6,orders-and-deliveries-july-2026.xlsx
VIRGIN ATLANTIC AIRWAYS,UNITED KINGDOM,E,Europe and CIS,A330-300,A330,Del,6,orders-and-deliveries-july-2026.xlsx
VIRGIN ATLANTIC AIRWAYS,UNITED KINGDOM,E,Europe and CIS,A330-300,A330,Opr,6,orders-and-deliveries-july-2026.xlsx
VIRGIN ATLANTIC AIRWAYS,UNITED KINGDOM,E,Europe and CIS,A330-900,A330,Ord,11,orders-and-deliveries-july-2026.xlsx
VIRGIN ATLANTIC AIRWAYS,UNITED KINGDOM,E,Europe and CIS,A330-900,A330,Opr,8,orders-and-deliveries-july-2026.xlsx
VIRGIN ATLANTIC AIRWAYS,UNITED KINGDOM,E,Europe and CIS,A340-200/300,A340,Ord,7,orders-and-deliveries-july-2026.xlsx
VIRGIN ATLANTIC AIRWAYS,UNITED KINGDOM,E,Europe and CIS,A340-200/300,A340,Del,7,orders-and-deliveries-july-2026.xlsx
VIRGIN ATLANTIC AIRWAYS,UNITED KINGDOM,E,Europe and CIS,A340-500/600,A340,Ord,14,orders-and-deliveries-july-2026.xlsx
VIRGIN ATLANTIC AIRWAYS,UNITED KINGDOM,E,Europe and CIS,A340-500/600,A340,Del,14,orders-and-deliveries-july-2026.xlsx
VIRGIN ATLANTIC AIRWAYS,UNITED KINGDOM,E,Europe and CIS,A350-1000,A350,Ord,6,orders-and-deliveries-july-2026.xlsx
VIRGIN ATLANTIC AIRWAYS,UNITED KINGDOM,E,Europe and CIS,A350-1000,A350,Del,6,orders-and-deliveries-july-2026.xlsx
VIRGIN ATLANTIC AIRWAYS,UNITED KINGDOM,E,Europe and CIS,A350-1000,A350,Opr,12,orders-and-deliveries-july-2026.xlsx
VIRGIN AUSTRALIA REGIONAL AIRLINES,AUSTRALIA,A,Asia-Pacific,A320ceo,A320 Family,Opr,3,orders-and-deliveries-july-2026.xlsx
VISTARA,INDIA,A,Asia-Pacific,A320neo,A320 Family,Ord,13,orders-and-deliveries-july-2026.xlsx
VISTARA,INDIA,A,Asia-Pacific,A320neo,A320 Family,Del,13,orders-and-deliveries-july-2026.xlsx
VIVA,MEXICO,L,Latin America & Caribbean,A320ceo,A320 Family,Ord,15,orders-and-deliveries-july-2026.xlsx
VIVA,MEXICO,L,Latin America & Caribbean,A320ceo,A320 Family,Del,15,orders-and-deliveries-july-2026.xlsx
VIVA,MEXICO,L,Latin America & Caribbean,A320ceo,A320 Family,Opr,31,orders-and-deliveries-july-2026.xlsx
VIVA,MEXICO,L,Latin America & Caribbean,A320neo,A320 Family,Ord,20,orders-and-deliveries-july-2026.xlsx
VIVA,MEXICO,L,Latin America & Caribbean,A320neo,A320 Family,Del,20,orders-and-deliveries-july-2026.xlsx
VIVA,MEXICO,L,Latin America & Caribbean,A320neo,A320 Family,Opr,34,orders-and-deliveries-july-2026.xlsx
VIVA,MEXICO,L,Latin America & Caribbean,A321ceo,A320 Family,Opr,12,orders-and-deliveries-july-2026.xlsx
VIVA,MEXICO,L,Latin America & Caribbean,A321neo,A320 Family,Ord,45,orders-and-deliveries-july-2026.xlsx
VIVA,MEXICO,L,Latin America & Caribbean,A321neo,A320 Family,Del,36,orders-and-deliveries-july-2026.xlsx
VIVA,MEXICO,L,Latin America & Caribbean,A321neo,A320 Family,Opr,37,orders-and-deliveries-july-2026.xlsx
VIVA AIR,COLOMBIA,L,Latin America & Caribbean,A320neo,A320 Family,Ord,8,orders-and-deliveries-july-2026.xlsx
VIVA AIR,COLOMBIA,L,Latin America & Caribbean,A320neo,A320 Family,Del,8,orders-and-deliveries-july-2026.xlsx
VIVA AIR COLOMBIA,COLOMBIA,L,Latin America & Caribbean,A320ceo,A320 Family,Ord,5,orders-and-deliveries-july-2026.xlsx
VIVA AIR COLOMBIA,COLOMBIA,L,Latin America & Caribbean,A320ceo,A320 Family,Del,5,orders-and-deliveries-july-2026.xlsx
VOLARIS,MEXICO,L,Latin America & Caribbean,A319ceo,A320 Family,Ord,11,orders-and-deliveries-july-2026.xlsx
VOLARIS,MEXICO,L,Latin America & Caribbean,A319ceo,A320 Family,Del,11,orders-and-deliveries-july-2026.xlsx
VOLARIS,MEXICO,L,Latin America & Caribbean,A319ceo,A320 Family,Opr,1,orders-and-deliveries-july-2026.xlsx
VOLARIS,MEXICO,L,Latin America & Caribbean,A320ceo,A320 Family,Ord,33,orders-and-deliveries-july-2026.xlsx
VOLARIS,MEXICO,L,Latin America & Caribbean,A320ceo,A320 Family,Del,33,orders-and-deliveries-july-2026.xlsx
VOLARIS,MEXICO,L,Latin America & Caribbean,A320ceo,A320 Family,Opr,40,orders-and-deliveries-july-2026.xlsx
VOLARIS,MEXICO,L,Latin America & Caribbean,A320neo,A320 Family,Ord,56,orders-and-deliveries-july-2026.xlsx
VOLARIS,MEXICO,L,Latin America & Caribbean,A320neo,A320 Family,Del,42,orders-and-deliveries-july-2026.xlsx
VOLARIS,MEXICO,L,Latin America & Caribbean,A320neo,A320 Family,Opr,66,orders-and-deliveries-july-2026.xlsx
VOLARIS,MEXICO,L,Latin America & Caribbean,A321ceo,A320 Family,Opr,10,orders-and-deliveries-july-2026.xlsx
VOLARIS,MEXICO,L,Latin America & Caribbean,A321neo,A320 Family,Ord,124,orders-and-deliveries-july-2026.xlsx
VOLARIS,MEXICO,L,Latin America & Caribbean,A321neo,A320 Family,Del,24,orders-and-deliveries-july-2026.xlsx
VOLARIS,MEXICO,L,Latin America & Caribbean,A321neo,A320 Family,Opr,40,orders-and-deliveries-july-2026.xlsx
VOLOTEA,SPAIN,E,Europe and CIS,A319ceo,A320 Family,Opr,16,orders-and-deliveries-july-2026.xlsx
VOLOTEA,SPAIN,E,Europe and CIS,A320ceo,A320 Family,Opr,25,orders-and-deliveries-july-2026.xlsx
VOYAGE AIR,BULGARIA,E,Europe and CIS,A319ceo,A320 Family,Opr,3,orders-and-deliveries-july-2026.xlsx
VOYAGER AVIATION HOLDINGS,UNITED STATES OF AMERICA,N,North America,A330-200,A330,Ord,4,orders-and-deliveries-july-2026.xlsx
VOYAGER AVIATION HOLDINGS,UNITED STATES OF AMERICA,N,North America,A330-200,A330,Del,4,orders-and-deliveries-july-2026.xlsx
VOYAGER AVIATION HOLDINGS,UNITED STATES OF AMERICA,N,North America,A330-300,A330,Ord,16,orders-and-deliveries-july-2026.xlsx
VOYAGER AVIATION HOLDINGS,UNITED STATES OF AMERICA,N,North America,A330-300,A330,Del,16,orders-and-deliveries-july-2026.xlsx
VUELING,SPAIN,E,Europe and CIS,A319ceo,A320 Family,Opr,6,orders-and-deliveries-july-2026.xlsx
VUELING,SPAIN,E,Europe and CIS,A320ceo,A320 Family,Ord,18,orders-and-deliveries-july-2026.xlsx
VUELING,SPAIN,E,Europe and CIS,A320ceo,A320 Family,Del,18,orders-and-deliveries-july-2026.xlsx
VUELING,SPAIN,E,Europe and CIS,A320ceo,A320 Family,Opr,93,orders-and-deliveries-july-2026.xlsx
VUELING,SPAIN,E,Europe and CIS,A320neo,A320 Family,Ord,25,orders-and-deliveries-july-2026.xlsx
VUELING,SPAIN,E,Europe and CIS,A320neo,A320 Family,Del,25,orders-and-deliveries-july-2026.xlsx
VUELING,SPAIN,E,Europe and CIS,A320neo,A320 Family,Opr,22,orders-and-deliveries-july-2026.xlsx
VUELING,SPAIN,E,Europe and CIS,A321ceo,A320 Family,Ord,15,orders-and-deliveries-july-2026.xlsx
VUELING,SPAIN,E,Europe and CIS,A321ceo,A320 Family,Del,15,orders-and-deliveries-july-2026.xlsx
VUELING,SPAIN,E,Europe and CIS,A321ceo,A320 Family,Opr,18,orders-and-deliveries-july-2026.xlsx
VUELING,SPAIN,E,Europe and CIS,A321neo,A320 Family,Ord,4,orders-and-deliveries-july-2026.xlsx
VUELING,SPAIN,E,Europe and CIS,A321neo,A320 Family,Del,4,orders-and-deliveries-july-2026.xlsx
VUELING,SPAIN,E,Europe and CIS,A321neo,A320 Family,Opr,4,orders-and-deliveries-july-2026.xlsx
WAHA CAPITAL,UNITED ARAB EMIRATES,M,Middle East,A330-300,A330,Ord,2,orders-and-deliveries-july-2026.xlsx
WAHA CAPITAL,UNITED ARAB EMIRATES,M,Middle East,A330-300,A330,Del,2,orders-and-deliveries-july-2026.xlsx
WAMOS AIR,SPAIN,E,Europe and CIS,A330-200,A330,Opr,6,orders-and-deliveries-july-2026.xlsx
WAMOS AIR,SPAIN,E,Europe and CIS,A330-300,A330,Opr,8,orders-and-deliveries-july-2026.xlsx
WARDAIR CANADA,CANADA,N,North America,A310,A300/A310,Ord,12,orders-and-deliveries-july-2026.xlsx
WARDAIR CANADA,CANADA,N,North America,A310,A300/A310,Del,12,orders-and-deliveries-july-2026.xlsx
WARSAW CARGO,POLAND,E,Europe and CIS,A321ceo,A320 Family,Opr,1,orders-and-deliveries-july-2026.xlsx
WEST AIR,CHINA,A,Asia-Pacific,A319ceo,A320 Family,Opr,4,orders-and-deliveries-july-2026.xlsx
WEST AIR,CHINA,A,Asia-Pacific,A319neo,A320 Family,Ord,2,orders-and-deliveries-july-2026.xlsx
WEST AIR,CHINA,A,Asia-Pacific,A319neo,A320 Family,Del,2,orders-and-deliveries-july-2026.xlsx
WEST AIR,CHINA,A,Asia-Pacific,A319neo,A320 Family,Opr,2,orders-and-deliveries-july-2026.xlsx
WEST AIR,CHINA,A,Asia-Pacific,A320ceo,A320 Family,Opr,26,orders-and-deliveries-july-2026.xlsx
WEST AIR,CHINA,A,Asia-Pacific,A320neo,A320 Family,Ord,2,orders-and-deliveries-july-2026.xlsx
WEST AIR,CHINA,A,Asia-Pacific,A320neo,A320 Family,Del,2,orders-and-deliveries-july-2026.xlsx
WEST AIR,CHINA,A,Asia-Pacific,A320neo,A320 Family,Opr,11,orders-and-deliveries-july-2026.xlsx
WEST AIR,CHINA,A,Asia-Pacific,A321ceo,A320 Family,Opr,4,orders-and-deliveries-july-2026.xlsx
WEST AIR,CHINA,A,Asia-Pacific,A321neo,A320 Family,Opr,4,orders-and-deliveries-july-2026.xlsx
WHITE AIRWAYS,PORTUGAL,E,Europe and CIS,A320ceo,A320 Family,Opr,1,orders-and-deliveries-july-2026.xlsx
WINDROSE AIRLINES,UKRAINE,E,Europe and CIS,A319ceo,A320 Family,Opr,1,orders-and-deliveries-july-2026.xlsx
WINDROSE AIRLINES,UKRAINE,E,Europe and CIS,A321ceo,A320 Family,Opr,2,orders-and-deliveries-july-2026.xlsx
WIZZ AIR,HUNGARY,E,Europe and CIS,A320ceo,A320 Family,Ord,72,orders-and-deliveries-july-2026.xlsx
WIZZ AIR,HUNGARY,E,Europe and CIS,A320ceo,A320 Family,Del,72,orders-and-deliveries-july-2026.xlsx
WIZZ AIR,HUNGARY,E,Europe and CIS,A320ceo,A320 Family,Opr,21,orders-and-deliveries-july-2026.xlsx
WIZZ AIR,HUNGARY,E,Europe and CIS,A320neo,A320 Family,Ord,6,orders-and-deliveries-july-2026.xlsx
WIZZ AIR,HUNGARY,E,Europe and CIS,A320neo,A320 Family,Del,6,orders-and-deliveries-july-2026.xlsx
WIZZ AIR,HUNGARY,E,Europe and CIS,A320neo,A320 Family,Opr,6,orders-and-deliveries-july-2026.xlsx
WIZZ AIR,HUNGARY,E,Europe and CIS,A321ceo,A320 Family,Ord,40,orders-and-deliveries-july-2026.xlsx
WIZZ AIR,HUNGARY,E,Europe and CIS,A321ceo,A320 Family,Del,40,orders-and-deliveries-july-2026.xlsx
WIZZ AIR,HUNGARY,E,Europe and CIS,A321ceo,A320 Family,Opr,34,orders-and-deliveries-july-2026.xlsx
WIZZ AIR,HUNGARY,E,Europe and CIS,A321neo,A320 Family,Ord,447,orders-and-deliveries-july-2026.xlsx
WIZZ AIR,HUNGARY,E,Europe and CIS,A321neo,A320 Family,Del,205,orders-and-deliveries-july-2026.xlsx
WIZZ AIR,HUNGARY,E,Europe and CIS,A321neo,A320 Family,Opr,203,orders-and-deliveries-july-2026.xlsx
WIZZ AIR MALTA,MALTA,E,Europe and CIS,A321neo,A320 Family,Opr,2,orders-and-deliveries-july-2026.xlsx
WORLD2FLY,SPAIN,E,Europe and CIS,A330-300,A330,Opr,3,orders-and-deliveries-july-2026.xlsx
WORLD2FLY,SPAIN,E,Europe and CIS,A350-900,A350,Opr,3,orders-and-deliveries-july-2026.xlsx
WORLD2FLY PORTUGAL,PORTUGAL,E,Europe and CIS,A330-300,A330,Opr,1,orders-and-deliveries-july-2026.xlsx
WOW AIR,ICELAND,E,Europe and CIS,A321ceo,A320 Family,Ord,4,orders-and-deliveries-july-2026.xlsx
WOW AIR,ICELAND,E,Europe and CIS,A321ceo,A320 Family,Del,4,orders-and-deliveries-july-2026.xlsx
XIAMEN AIRLINES,CHINA,A,Asia-Pacific,A320neo,A320 Family,Ord,20,orders-and-deliveries-july-2026.xlsx
XIAMEN AIRLINES,CHINA,A,Asia-Pacific,A320neo,A320 Family,Del,6,orders-and-deliveries-july-2026.xlsx
XIAMEN AIRLINES,CHINA,A,Asia-Pacific,A320neo,A320 Family,Opr,6,orders-and-deliveries-july-2026.xlsx
XIAMEN AIRLINES,CHINA,A,Asia-Pacific,A321neo,A320 Family,Ord,55,orders-and-deliveries-july-2026.xlsx
XIAMEN AIRLINES,CHINA,A,Asia-Pacific,A321neo,A320 Family,Del,2,orders-and-deliveries-july-2026.xlsx
XIAMEN AIRLINES,CHINA,A,Asia-Pacific,A321neo,A320 Family,Opr,17,orders-and-deliveries-july-2026.xlsx
XIZANG AIRLINES,CHINA,A,Asia-Pacific,A319ceo,A320 Family,Ord,29,orders-and-deliveries-july-2026.xlsx
XIZANG AIRLINES,CHINA,A,Asia-Pacific,A319ceo,A320 Family,Del,29,orders-and-deliveries-july-2026.xlsx
XIZANG AIRLINES,CHINA,A,Asia-Pacific,A319ceo,A320 Family,Opr,27,orders-and-deliveries-july-2026.xlsx
XIZANG AIRLINES,CHINA,A,Asia-Pacific,A319neo,A320 Family,Ord,15,orders-and-deliveries-july-2026.xlsx
XIZANG AIRLINES,CHINA,A,Asia-Pacific,A319neo,A320 Family,Del,15,orders-and-deliveries-july-2026.xlsx
XIZANG AIRLINES,CHINA,A,Asia-Pacific,A319neo,A320 Family,Opr,13,orders-and-deliveries-july-2026.xlsx
XIZANG AIRLINES,CHINA,A,Asia-Pacific,A320ceo,A320 Family,Ord,6,orders-and-deliveries-july-2026.xlsx
XIZANG AIRLINES,CHINA,A,Asia-Pacific,A320ceo,A320 Family,Del,6,orders-and-deliveries-july-2026.xlsx
XIZANG AIRLINES,CHINA,A,Asia-Pacific,A320ceo,A320 Family,Opr,6,orders-and-deliveries-july-2026.xlsx
XIZANG AIRLINES,CHINA,A,Asia-Pacific,A330-200,A330,Ord,5,orders-and-deliveries-july-2026.xlsx
XIZANG AIRLINES,CHINA,A,Asia-Pacific,A330-200,A330,Del,5,orders-and-deliveries-july-2026.xlsx
XIZANG AIRLINES,CHINA,A,Asia-Pacific,A330-200,A330,Opr,5,orders-and-deliveries-july-2026.xlsx
YAMAL AIRLINES,RUSSIAN FEDERATION,E,Europe and CIS,A320ceo,A320 Family,Opr,8,orders-and-deliveries-july-2026.xlsx
YAMAL AIRLINES,RUSSIAN FEDERATION,E,Europe and CIS,A321ceo,A320 Family,Opr,3,orders-and-deliveries-july-2026.xlsx
YEMENIA,YEMEN,M,Middle East,A320ceo,A320 Family,Ord,2,orders-and-deliveries-july-2026.xlsx
YEMENIA,YEMEN,M,Middle East,A320ceo,A320 Family,Del,2,orders-and-deliveries-july-2026.xlsx
YEMENIA,YEMEN,M,Middle East,A320ceo,A320 Family,Opr,4,orders-and-deliveries-july-2026.xlsx
YEMENIA,YEMEN,M,Middle East,A320neo,A320 Family,Ord,4,orders-and-deliveries-july-2026.xlsx
YEMENIA,YEMEN,M,Middle East,A321neo,A320 Family,Ord,4,orders-and-deliveries-july-2026.xlsx
YEMENIA,YEMEN,M,Middle East,A310,A300/A310,Ord,2,orders-and-deliveries-july-2026.xlsx
YEMENIA,YEMEN,M,Middle East,A310,A300/A310,Del,2,orders-and-deliveries-july-2026.xlsx
YEMENIA,YEMEN,M,Middle East,A350-900,A350,Ord,10,orders-and-deliveries-july-2026.xlsx
Z/C AVIATION PARTNERS ONE,UNITED STATES OF AMERICA,N,North America,A319ceo,A320 Family,Ord,9,orders-and-deliveries-july-2026.xlsx
Z/C AVIATION PARTNERS ONE,UNITED STATES OF AMERICA,N,North America,A319ceo,A320 Family,Del,9,orders-and-deliveries-july-2026.xlsx
ZAGROS AIRLINES,IRAN,M,Middle East,A319ceo,A320 Family,Opr,1,orders-and-deliveries-july-2026.xlsx
ZAGROS AIRLINES,IRAN,M,Middle East,A320ceo,A320 Family,Opr,7,orders-and-deliveries-july-2026.xlsx
